;;;;;;;;;;;;;;18/6/2024;3/8/2026;;;;;;;;;;;;;;;;
;;;;;;;;;;;;;;;776;;;;;;;;;;;;;;;;
;;;;;;;;;;;;;;;;;;;;;;;;;;;;;;;
;;;;;;;;;;;;;;1619;1483;;;;;;;;;;;;;;;;
;;;;;;;;;;$ 5.765.176;$ 12.491.307.393;;;;;COSTO;;;;;;;;;;;;;;;
 N° ; DOMINIO ; MARCA ; MODELO  ; Vendedor ; MOTOR ; AÑO ; COLOR ; KM ; Proveedor ; NRO OPERACIÓN ; PRECIO INFOAUTO COMPRA ; POSICION ; ESTADO ; Fecha compra ; Fecha venta ;COMPRA;FLETE;GASTOS PREPARACION;Patentes - Bajas;Otros Gastos;Costo;Ref. Costo / Info;Total Gastos;;;;;;;;
1;ORW310;PORSCHE;CAYENNE 3.6 V6 300 HP;;NAFTA;2013;GRIS PLATA;47.000;-;-;$ 2.400.000;Funes Exclusivos;-;1/5/2019;Consignacion;;;$ 4.500;;;$ 4.500;43532;$ 4.500;;;;;;;;
2;KUO609;CHEVROLET;AGILE 1.4 LTZ;;NAFTA;2012;ROJO;87.300;-;-;$ 205.000;Entregado;Entregado;8/4/2019;9/5/2019;$ 139.570;;$ 1.000;;;$ 140.570;$ 1.000;;;;;;;;;
3;PII362;CHEVROLET;ONIX 1.4 N LTZ;;NAFTA;2015;AZUL;44.200;-;-;$ 396.000;Funes Exclusivos;Entregado;14/6/2019;15/9/2019;$ 268.800;$ 4.000;;;;$ 272.800;$ 4.000;;;;;;;;;
4;PLN180;CHEVROLET;ONIX 1.4 N LTZ;;NAFTA;2016;BLANCO;34.000;-;-;$ 340.000;VENDIDO;Entregado;8/4/2019;;$ 238.160;$ 4.200;;;;$ 242.360;$ 4.200;;;;;;;;;
5;OSJ596;CHEVROLET;TRACKER LTZ;;NAFTA;2015;NEGRA;71.000;-;-;$ 425.000;VENDIDO;Entregado;15/9/2018;26/3/2019;$ 400.000;;;;;$ 400.000;$ 0;;;;;;;;;
6;LFZ555;DODGE;JOURNEY;2.4 SXT 3 FILAS L/11;NAFTA;2012;BLANCO;130.000;-;-;$ 550.000;Entregado;Entregado;1/3/2019;21/ago;$ 250.000;;$ 9.700;$ 5.423;;$ 265.123;$ 15.123;;;;;;;;;
7;PEB756;FIAT;STRADA  ADVENTURE 1.6 DC LOCKER;;NAFTA;2015;ROJA;59.200;-;-;$ 365.000;VENDIDO;Entregado;1/2/2018;30/3/2019;$ 173.000;$ 3.200;;;;$ 176.200;$ 3.200;;;;;;;;;
8;ONB827;FORD;FIESTA;1.6 L S;NAFTA;2015;GRIS ETOILE;4.000;-;-;$ 330.000;VENDIDO;Entregado;15/5/2019;;$ 249.600;$ 4.200;;;;$ 253.800;$ 4.200;;;;;;;;;
9;AD077TA;NISSAN;KICKS ADVANCE CVT;;NAFTA;2018;ROJO;0KM;-;-;$ 680.000;VENDIDO;Entregado;;16/3/2019;$ 564.000;$ 4.200;;;;$ 568.200;$ 4.200;;;;;;;;;
10;AD077TD;NISSAN;KICKS ADVANCE CVT;;NAFTA;2018;GRIS CLARO;0KM;-;-;$ 730.000;VENDIDO;Entregado;17/4/2019;;$ 670.000;$ 4.200;;;;$ 674.200;$ 4.200;;;;;;;;;
11;ACD005AF;NISSAN;MARCH; ACTIVE PURE DRIVE F2;NAFTA;2018;BLANCO;0KM;-;-;$ 340.000;Entregado;Entregado;12/4/2019;12/4/2019;$ 350.000;$ 4.200;;;;$ 354.200;$ 4.200;;;;;;;;;
12;NMJ242;PEUGEOT;208;1.5 5P ALLURE;NAFTA;2014;ROJO;60.000;-;-;$ 300.000;VENDIDO;Entregado;10/3/2019;18/6/2019;$ 329.000;;$ 9.000;;;$ 338.000;$ 9.000;;;;;;;;;
13;OZT430;PEUGEOT;308;ACTIVE HDI;DIESEL;2015;BLANCO;128.000;-;-;$ 455.000;VENDIDO;Entregado;14/5/2019;;$ 265.000;;$ 12.000;;;$ 277.000;$ 12.000;;;;;;;;;
14;AB097TV;RENAULT;CAPTUR; Intens 2.0;NAFTA;2017;ROJO-NEGRO;21.000;-;-;$ 585.000;VENDIDO;Entregado;5/3/2019;19/3/2019;$ 478.400;$ 4.200;$ 300;;;$ 482.900;$ 4.500;;;;;;;;;
15;ORX032;RENAULT;CLIO MIO;5 P DYNAMIQUE;NAFTA;2015;GRIS CLARO;41.500;-;-;$ 210.000;VENDIDO;Entregado;1/3/2019;25/3/2019;$ 156.000;$ 5.000;$ 2.500;;;$ 163.500;$ 7.500;;;;;;;;;
16;PFL042;RENAULT;DUSTER;PH2 DYNAMIQUE 1.6;NAFTA;2015;BLANCO;41.000;-;-;$ 410.000;Entregado;Entregado;8/4/2019;7/5/2019;$ 290.160;$ 4.200;;;;$ 294.360;$ 4.200;;;;;;;;;
17;AA422LS;RENAULT;DUSTER OROCH;DYNAMIQUE 2.0;NAFTA;2016;ROJO FUEGO;66.000;-;-;$ 480.000;VENDIDO;Entregado;;;$ 376.000;;;;;$ 376.000;$ 0;;;;;;;;;
18;KPU161;RENAULT;KANGOO;AUTH. PLUS 1.6 2 PLC;NAFTA;2011;GRIS PLATA;125.000;-;-;$ 300.000;Funes Exclusivos;Entregado;28/8/2019;1/10/2019;$ 209.000;;;;;$ 209.000;$ 0;;;;;;;;;
19;AA143RI;RENAULT;KANGOO; PH3 AUTH. PLUS;NAFTA;2016;GRIS;61.900;-;-;$ 320.000;VENDIDO;Entregado;8/3/2019;23/3/2019;$ 228.000;$ 4.000;;;;$ 232.000;$ 4.000;;;;;;;;;
20;PLZ433;RENAULT;KANGOO;PH3 AUTH. PLUS 1.6 2P 7 ASIENTOS;NAFTA;2016;GRIS CLARO;107.000;-;-;$ 375.000;VENDIDO;Entregado;;;$ 212.000;$ 4.300;;;;$ 216.300;$ 4.300;;;;;;;;;
21;AA666QU;RENAULT;KANGOO ;PH3 CONFORT 1.6L 1P;NAFTA;2016;BLANCA;6.000;-;-;$ 270.000;VENDIDO;Entregado;26/1/2019;28/3/2019;$ 203.800;$ 4.400;;;;$ 208.200;$ 4.400;;;;;;;;;
22;AC688GX;RENAULT;KWID;ZEN 1.0;NAFTA;2018;-;0;-;-;;VENDIDO;Entregado;;1/3/2019;$ 323.000;;;;;$ 323.000;$ 0;;;;;;;;;
23;AC858FK;RENAULT;KWID;INTENS 1.0;NAFTA;2018;ORANGE ACRE;0KM;-;-;;Entregado;Entregado;8/4/2019;27/4/2019;$ 338.000;$ 4.200;;;;$ 342.200;$ 4.200;;;;;;;;;
24;AC858FJ;RENAULT;KWID;1.0 ZEN;NAFTA;2018;ROJO FUEGO;0KM;-;-;$ 395.000;VENDIDO;Entregado;26/1/2019;14/9/2019;$ 330.000;$ 3.800;$ 4.000;;;$ 337.800;$ 7.800;;;;;;;;;
25;AD513ED;RENAULT;KWID;ZEN 1.0;NAFTA;2019;ROJO FUEGO;0KM;-;-;$ 502.000;VENDIDO;Entregado;8/4/2019;6/7/2019;$ 341.120;$ 4.200;;;;$ 345.320;$ 4.200;;;;;;;;;
26;OVC799;RENAULT;NUEVO MASTER; L1H1 AA CORTA;DIESEL;2015;BLANCA;21.000;-;-;$ 745.000;VENDIDO;Entregado;1/3/2019;23/3/2019;$ 550.000;$ 4.400;$ 300;;;$ 554.700;$ 4.700;;;;;;;;;
27;OWL337;RENAULT;NUEVO SANDERO;STEPWAY II 1.6 DYNAMIQUE;NAFTA;2015;ORANGE ACRE;20.000;-;-;$ 350.000;VENDIDO;Entregado;1/3/2019;6/6/2019;$ 235.000;$ 4.200;$ 6.000;;;$ 245.200;$ 10.200;;;;;;;;;
28;AB253FO;RENAULT;NUEVO SANDERO;STEPWAY PRIVILEGE;NAFTA;2017;BLANCO;14.000;-;-;$ 445.000;Entregado;Entregado;8/4/2019;25/4/2019;$ 353.600;$ 4.200;;;;$ 357.800;$ 4.200;;;;;;;;;
29;AA138FF;RENAULT;DUSTER OROCH; DYNAMIQUE 1.6;NAFTA;2016;GRIS ACERO;40.000;-;-;$ 420.000;VENDIDO;Entregado;6/3/2019;28/3/2019;$ 323.440;$ 4.200;$ 3.500;;;$ 331.140;$ 7.700;;;;;;;;;
30;AC752MV;RENAULT;DUSTER OROCH; Outsider Plus 2.0;NAFTA;2018;VERDE ESMERALDA;0KM;-;-;$ 570.000;VENDIDO;Entregado;17/4/2019;29/3/2019;$ 610.000;$ 4.200;;;;$ 614.200;$ 4.200;;;;;;;;;
31;KMT315;RENAULT;SANDERO; STEPWAY PH2 DYNAMIQUE;NAFTA;2011;GRIS ACERO;34.900;-;-;$ 225.000;VENDIDO;Entregado;7/3/2019;28/3/2019;$ 145.600;$ 4.200;$ 1.200;;;$ 151.000;$ 5.400;;;;;;;;;
32;PPA254;RENAULT;SANDERO;STEPWAY PRIVILEGE 1,6;NAFTA;2016;GRIS PLATA ;47.000;-;-;$ 405.000;VENDIDO;Entregado;;19/3/2019;$ 399.000;;;;;$ 399.000;$ 0;;;;;;;;;
33;MTG046;TOYOTA;COROLLA;XRS;NAFTA;2013;GRIS CLARO;152.000;-;-;$ 420.000;Entregado;Entregado;28/6/2019;2/7/2019;$ 347.000;;;;;$ 347.000;$ 0;;;;;;;;;
34;AA810VU;TOYOTA;ETIOS 1.5 5 PTAS XLS 6MT;;NAFTA;2016;GRIS;32.000;-;-;$ 375.000;Entregado;Entregado;16/1/2019;19/4/2019;$ 268.000;$ 3.800;$ 4.300;;;$ 276.100;$ 8.100;;;;;;;;;
35;AC945MG;TOYOTA;ETIOS 1.5 XLS 4 PTAS;;NAFTA;2018;BLANCO;12.000;-;-;;VENDIDO;Entregado;25/1/2019;1/3/2019;$ 345.000;$ 3.800;;;;$ 348.800;$ 3.800;;;;;;;;;
36;LMP412;VW;AMAROK; 2.0 TDI 18 HIGHLINE  PACK CUERO AT 4X4;DIESEL;2012;BLANCA;154.000;-;-;$ 720.000;VENDIDO;Entregado;;19/3/2019;$ 659.000;;;;;$ 659.000;$ 0;;;;;;;;;
37;OSB667;VW;SAVEIRO; 1,6 HIGLINE PACK DOB CABINA;NAFTA;2015;NEGRA;16.000;-;-;$ 360.000;Entregado;Entregado;8/3/2019;23/4/2019;$ 282.880;$ 4.200;;;;$ 287.080;$ 4.200;;;;;;;;;
38;OVP428;VW;SAVEIRO 1,6 L  SAFETY  PACK HIGH  CAB EXT;;NAFTA;2015;ROJA;76.372;-;-;$ 305.000;Entregado;Entregado;1/10/2018;8/4/2019;$ 192.400;$ 3.800;$ 1.000;;;$ 197.200;$ 4.800;;;;;;;;;
39;OKI778;VW;UP;5 PTAS TAKE AA;NAFTA;2015;GRIS;53.000;-;-;$ 341.000;VENDIDO;entregado;;15/9/2019;$ 250.000;;;;;$ 250.000;$ 0;;;;;;;;;
40;LKG223;FIAT;SIENA;ATRACTIVE EMOTION 1.4;NAFTA;2012;GRIS OSCURO;27.000;-;-;$ 183.000;Entregado;Entregado - 10/04/2019;1/3/2019;5/4/2019;$ 139.620;$ 5.000;$ 2.600;;;$ 147.220;$ 7.600;;;;;;;;;
41;VAH385;CHEVROLET;C10;PICK UP CLASICA;NAFTA;1966;CELESTE;0KM;-;-;-;Funes Exclusivos;LP;25/8/2019;;;;;;;$ 0;$ 0;;;;;;;;;
42;LGC738;CHEVROLET;CELTA 1.4 5 PTAS LT;1.4 5 PTAS LT;GNC;2012;NEGRO;104.000;-;-;$ 220.000;Galpon VGG;LP;17/5/2019;;$ 126.000;;$ 6.500;;;$ 132.500;$ 6.500;;;;;;;;;
43;NZX591;CHEVROLET;ONIX;1,4 N LT 5 PTAS;NAFTA;2014;GRIS PLATA;83.700;-;-;$ 410.000;Galpon VGG;LP;16/9/2019;23/12/2019;$ 272.160;$ 4.000;;;;$ 276.160;$ 4.000;;;;;;;;;
44;PAN466;CHEVROLET;TRACKER;AWD LTZ+ 4X4;NAFTA;2015;BLANCO;63.800;-;-;$ 705.000;Funes Exclusivos;Vendido;5/10/2020;7/2/2020;$ 595.000;;;$ 5.853;;$ 600.853;$ 5.853;;;;;;;;;
45;AB888OP;CITROEN;C3;VTI FEEL;NAFTA;2017;GRIS OSCURO;37.500;-;-;$ 550.000;Entregado;Vendido;10/10/2019;23/12/2019;$ 349.440;$ 4.500;$ 10.500;;;$ 364.440;$ 15.000;;;;;;;;;
46;NLM629;FIAT;GRAND SIENA;ATTRACTIVE 1.4 8V;NAFTA;2014;GRIS;76.000;-;-;;Funes Exclusivos;Vendido;;;$ 199.000;;$ 7.500;;;$ 206.500;$ 7.500;;;;;;;;;
47;OZJ598;FIAT;PALIO;1.4 5 P ATRACTIVE L/14;NAFTA;2015;ROJO;48.000;-;-;$ 317.000;Galpon VGG;LP;28/8/2019;6/11/2019;$ 202.800;$ 4.000;$ 12.400;;;$ 219.200;$ 16.400;;;;;;;;;
48;MNF517;FIAT;SIENA;EL ATTRACTIVE 1.4;NAFTA;2013;BLANCO;107.000;-;-;;Entregado;Vendido;;;;$ 4.000;;;;$ 4.000;$ 4.000;;;;;;;;;
49;NQM319;FIAT;SIENA;EL 1.4 8V;NAFTA;2014;GRIS PLATA;54.900;-;-;$ 274.000;Funes Exclusivos;LP;16/5/2019;;$ 192.640;$ 4.200;;;;$ 196.840;$ 4.200;;;;;;;;;
50;AB014JV;FIAT;STRADA;ADVENTURE 1.6 DC L/14;NAFTA;2017;BLANCO;22.800;-;-;$ 595.000;VENDIDO;Vendido;6/8/2019;3/12/2019;$ 198.200;$ 4.200;;;;$ 202.400;$ 4.200;;;;;;;;;
51;FKE094;FORD;ECOSPORT;1.6 XLS;NAFTA;2006;BORDO;145.000;-;-;$ 215.000;Galpon VGG;LP;12/6/2019;;$ 150.000;;;;$ 23.000;$ 173.000;$ 23.000;$ 23.000;;;;;;;;
52;IFJ621;FORD;ECOSPORT;1.6 XLS;NAFTA;2009;NEGRO;;-;-;;Funes Exclusivos;LP;;;;;;;;$ 0;$ 0;$ 0;;;;;;;;
53;FLM569;IVECO;DAILY;49.12 FURGON;DIESEL;2006;BLANCA;400.000;-;-;$ 590.000;PEDRO;LP;20/7/2019;23/12/2019;$ 300.000;$ 7.000;$ 20.000;;$ 1.000;$ 328.000;$ 28.000;$ 28.000;;;;;;;;
54;AE031VK;NISSAN;FRONTIER   ;2.3 DC 4x2 SE;DIESEL;2019;BLANCO HIELO;0KM;-;-;;Funes Exclusivos;LP;18/5/2020;18/5/2020;$ 1.400.000;$ 4.500;;;;$ 1.404.500;$ 4.500;$ 4.500;;;;;;;;
55;AE037YQ;NISSAN;KICKS;EXCLUSIVE;NAFTA;2019;BORDO;0KM;-;-;;VENDIDO;Vendido;13/2/2020;13/2/2020;$ 1.185.000;$ 5.000;;;;$ 1.190.000;$ 5.000;$ 5.000;;;;;;;;
56;AD513GA;NISSAN;MARCH; ACTIVE PURE DRIVE F2;NAFTA;2019;ROJO;0KM;-;-;;Funes Exclusivos;LP;7/3/2019;;$ 155.000;;;;;$ 155.000;$ 0;$ 0;;;;;;;;
57;AD976BD;NISSAN;MARCH;ADVANCE MT;NAFTA;2019;BLANCO;0KM;-;-;;Funes Exclusivos;LP;;08/ene;$ 670.000;$ 5.000;;;;$ 675.000;$ 5.000;$ 5.000;;;;;;;;
58;AB908UP;NISSAN;NOTE;SENSE PURE DRIVE;NAFTA;2017;GRIS;20.691;-;-;;Entregado;LP;10/11/2019;08/ene;$ 428.000;$ 5.000;;;;$ 433.000;$ 5.000;$ 5.000;;;;;;;;
59;AD005AJ;NISSAN;VERSA;SENSE AT;NAFTA;2018;GRIS CLARO;0KM;-;-;$ 535.000;Funes Exclusivos;LP;1/7/2019;;$ 355.000;$ 4.300;;;;$ 359.300;$ 4.300;$ 4.300;;;;;;;;
60;AD828TH;RENAULT;CAPTUR;INTENS 2.0;NAFTA;2019;GRIS ETOILE + NEGRO;0KM;-;-;;Galpon VGG;LP;31/12/2019;31/12/2019;$ 976.732;$ 5.000;;;;$ 981.732;$ 5.000;$ 5.000;;;;;;;;
61;MRC339;RENAULT;CLIO MIO;5P EXPRESSION PACK I;NAFTA;2013;NEGRO NACRE;62.000;-;-;$ 255.000;Funes Exclusivos;LP;20/7/2019;;$ 405.080;$ 4.000;;;;$ 409.080;$ 4.000;$ 4.000;;;;;;;;
62;NIB326;RENAULT;DUSTER;1.6 4X2 TECH ROAD;NAFTA;2014;GRIS PLATA;87.800;-;-;$ 530.000;Entregado;Vendido;16/9/2019;23/12/2019;$ 297.920;$ 4.300;;;;$ 302.220;$ 4.300;$ 4.300;;;;;;;;
63;AA092WN;RENAULT;DUSTER;1.6 4X2 PRIVILEGE L/15;NAFTA;2016;BLANCO;89.000;-;-;$ 615.000;Funes Exclusivos;LP;16/9/2019;Consignacion;$ 330.000;$ 4.200;;;;$ 334.200;$ 4.200;$ 4.200;;;;;;;;
64;AD313ES;RENAULT;DUSTER PH2 PRIVILEGE 2.0 4X4;PH2 PRIVILEGE 2.0 4X4;NAFTA;2018;GRIS ACERO;0KM;-;-;;Funes Exclusivos;Entregado;4/11/2019;4/11/2019;$ 819.000;$ 4.000;;;;$ 823.000;$ 4.000;$ 4.000;;;;;;;;
65;AC601GD;RENAULT;DUSTER OROCH;DYNAMIQUE 1,6 16V;NAFTA;2018;GRIS ETOILE;;-;-;;Funes Exclusivos;LP;;;$ 527.280;$ 4.000;;;;$ 531.280;$ 4.000;$ 4.000;;;;;;;;
66;AD540UC;RENAULT;DUSTER OROCH 1.6 DYNAMIQUE;;NAFTA;2019;GRIS ACERO;0KM;-;-;$ 913.000;Funes Exclusivos;LP;12/12/2018;27/12/2019;$ 723.208;$ 4.000;;;;$ 727.208;$ 4.000;$ 4.000;;;;;;;;
67;AD560KM;RENAULT;DUSTER OROCH;2.0 PRIVILEGE;NAFTA;2019;ROJO FUEGO;;-;-;;Funes Exclusivos;LP;;;$ 616.000;;;;;$ 616.000;$ 0;$ 0;;;;;;;;
68;OBX853;RENAULT;KANGOO;PH3 AUTH. PLUS 1.6 2P 7 ASIENTOS;NAFTA;2014;ROJO VIVO;35.000;-;-;;Funes Exclusivos;LP;;;$ 288.600;$ 4.000;;;;$ 292.600;$ 4.000;$ 4.000;;;;;;;;
69;PKH566;RENAULT;KANGOO;PH3 AUTH. PLUS 1.6 2P 7 ASIENTOS;NAFTA;2015;GRIS PLATA;67.700;-;-;$ 445.000;Funes Exclusivos;LP;16/9/2019;28/8/2019;$ 490.880;$ 4.500;$ 5.600;;;$ 500.980;$ 10.100;$ 10.100;;;;;;;;
70;AA337PL;RENAULT;KANGOO;PH3 CONFORT 1,6 5 ASIENTOS 2P;NAFTA;2016;GRIS ETOILE;;-;-;;Galpon VGG;LP;;;$ 327.271;$ 4.000;;;;$ 331.271;$ 4.000;$ 4.000;;;;;;;;
71;AD065PE;RENAULT;KANGOO;CONFORT 1.6 1P;NAFTA;2018;BLANCO GLACIAR;0KM;-;-;$ 480.000;Funes Exclusivos;Vendido;3/12/2019;3/12/2019;$ 520.000;$ 4.500;;;;$ 524.500;$ 4.500;$ 4.500;;;;;;;;
72;LUN903;RENAULT;KANGOO ;1.6 1 PLC AA DA;GNC;2012;BLANCA;146.000;-;-;$ 280.000;Funes Exclusivos;LP;1/1/2019;;$ 155.000;$ 5.000;;;;$ 160.000;$ 5.000;$ 5.000;;;;;;;;
73;AC858EA;RENAULT;KWID;INTENS 1.0;NAFTA;2018;GRIS ETOILE;0KM;-;-;$ 440.000;VENDIDO;Vendido;7/11/2019;7/11/2019;$ 425.000;$ 4.500;;;;$ 429.500;$ 4.500;$ 4.500;;;;;;;;
74;AC551UN;RENAULT;KWID;ICONIC 1.0;NAFTA;2018;GRIS ETOILE;23.550;-;-;$ 450.000;Entregado;Vendido;;23/12/2019;$ 324.480;$ 4.000;;;;$ 328.480;$ 4.000;$ 4.000;;;;;;;;
75;LNH731;RENAULT;MASTER;2.5 DCI L1H1 PKCNF;DIESEL;2012;BLANCO;209.000;-;-;$ 625.000;Funes Exclusivos;LP;16/9/2019;;$ 423.360;$ 4.000;;;;$ 427.360;$ 4.000;$ 4.000;;;;;;;;
76;PEB811;RENAULT;NUEVO SANDERO;STEPWAY 1.6 PRIVILEGE;NAFTA;2015;GRIS ACERO;58.000;-;-;$ 505.000;Funes Exclusivos;LP;10/;;$ 420.000;$ 4.000;;;;$ 424.000;$ 4.000;$ 4.000;;;;;;;;
77;AA614BK;RENAULT;NUEVO SANDERO;1.6 GT LINE;NAFTA;2016;GRIS PLATA;34.000;-;-;$ 410.000;Galpon VGG;LP;;;$ 320.320;$ 4.500;;;;$ 324.820;$ 4.500;$ 4.500;;;;;;;;
78;AC254WL;RENAULT;NUEVO SANDERO;1.6 8V EXPRESSION;NAFTA;2018;GRIS;34.000;-;-;$ 470.000;Galpon VGG;LP;16/9/2019;;$ 297.920;$ 4.000;;;;$ 301.920;$ 4.000;$ 4.000;;;;;;;;
79;AD252XH;RENAULT;NUEVO SANDERO;SANDERO RS RACING SPIRIT;NAFTA;2018;NEGRO NACRE;0KM;-;-;$ 640.000;Galpon VGG;LP;;Consignacion;;$ 4.500;;;;$ 4.500;$ 4.500;$ 4.500;;;;;;;;
80;AD859ST;RENAULT;NUEVO SANDERO;SANDERO RS;NAFTA;2019;BLANCO GLACIAR;0KM;-;-;;Funes Exclusivos;LP;;Consignacion;$ 719.100;$ 4.500;;;;$ 723.600;$ 4.500;$ 4.500;;;;;;;;
81;JER491;RENAULT;SANDERO;STEPWAY CONFORT 1.6 16V;NAFTA;2010;AZUL;98.600;-;-;$ 310.000;PEDRO;LP;16/9/2019;;$ 330.400;$ 4.000;;;;$ 334.400;$ 4.000;$ 4.000;;;;;;;;
82;JAX574;RENAULT;SYMBOL ;1.6 8V PACK  ;GNC;2010;GRIS CLARO;151.000;-;-;$ 185.000;PEDRO;LP;16/9/2019;23/12/2019;$ 161.500;;;;;$ 161.500;$ 0;$ 0;;;;;;;;
83;OKY581;TOYOTA;COROLLA;XLI 1.8 CVT;NAFTA;2014;AZUL;69.000;-;-;$ 550.000;Entregado;Vendido;16/9/2019;30/12/2019;$ 272.160;$ 4.000;$ 6.700;;;$ 282.860;$ 10.700;$ 10.700;;;;;;;;
84;AD822MY;TOYOTA;YARIS;5 PTAS MY '19 6M/T XLS;NAFTA;2019;NEGRO;0KM;-;-;$ 942.900;Funes Exclusivos;Entregado;16/9/2019;11/7/2020;$ 959.000;;;;;$ 959.000;$ 0;$ 0;;;;;;;;
85;NCP674;VW;GOL;1.4 5 PTAS POWER;NAFTA;2013;BLANCO;72.500;-;-;$ 204.000;Funes Exclusivos;LP;16/9/2019;;$ 280.000;$ 4.000;;;;$ 284.000;$ 4.000;$ 4.000;;;;;;;;
86;OWP546;VW;VOYAGE;1.6 CONFORTLINE 4 PTAS;NAFTA;2015;CELESTE;78.900;-;-;$ 315.000;Funes Exclusivos;LP;15/8/2019;7/11/2019;$ 203.840;$ 4.000;;;;$ 207.840;$ 4.000;$ 4.000;;;;;;;;
87;ISO100;CHEVROLET;CAPTIVA;2.4 LT MANUAL;NAFTA;2010;GRIS CLARO;43.700;-;-;$ 421.000;Funes Exclusivos;Vendido;28/8/2019;;$ 261.205;$ 4.000;$ 12.200;;;$ 277.405;$ 16.200;$ 16.200;;;;;;;;
88;OWB593;CHEVROLET;CELTA ADVANTAGE 5 PTAS;ADVANTAGE 5 PTAS;NAFTA;2015;GRIS;20.000;-;-;$ 209.000;Funes Exclusivos;Vendido;17/5/2019;1/6/2019;$ 137.750;;$ 18.000;;;$ 155.750;$ 18.000;$ 18.000;;;;;;;;
89;PLU684;CHEVROLET;CLASSIC;LS ABS+AIRBAG 1.4N;NAFTA;2015;GRIS PLATA;17.000;-;-;$ 206.000;Funes Exclusivos;Vendido;24/9/2019;;;$ 4.500;;;;$ 4.500;$ 4.500;$ 4.500;;;;;;;;
90;FEC225;CHEVROLET;CORSA II 5P GL AA DA 1.8;;NAFTA;2005;GRIS OSCURO;120.000;-;-;$ 139.000;Entregado;Vendido;24/7/2019;20/8/2019;$ 65.000;;;;;$ 65.000;$ 0;$ 0;;;;;;;;
91;AA218HL;CHEVROLET;CRUZE 1.4 4PTAS TURBO LTZ AT ;;NAFTA;2016;BLANCO;40.000;-;-;$ 670.000;Funes Exclusivos;Vendido;16/12/2018;26/6/2019;$ 629.000;;;;;$ 629.000;$ 0;$ 0;;;;;;;;
92;KIC664;CHEVROLET;MERIVA ;GL PLUS 1.8;NAFTA;2011;GRIS;70.000;-;-;$ 238.000;Funes Exclusivos;Vendido;21/8/2019;;$ 180.000;;$ 5.500;;;$ 185.500;$ 5.500;$ 5.500;;;;;;;;
93;AA133YS;CHEVROLET;PRISMA;1.4 LTZ;NAFTA;2016;BLANCO;32.000;-;-;$ 355.000;Entregado;Vendido;8/4/2019;;$ 270.400;$ 4.200;;;;$ 274.600;$ 4.200;$ 4.200;;;;;;;;
94;AA035KB;CHEVROLET;TRACKER;1.8 LTZ 4X4 AUT;NAFTA;2016;BLANCO;42.000;-;-;$ 630.000;Entregado;Vendido;14/6/2019;6/8/2019;$ 439.920;$ 4.300;;;;$ 444.220;$ 4.300;$ 4.300;;;;;;;;
95;AA925XE;CHEVROLET;TRACKER; AWD LTZ+;NAFTA;2016;NEGRA;39.000;-;-;$ 590.000;Funes Exclusivos;Vendido;8/3/2019;28/5/2019;$ 375.800;$ 4.000;$ 3.000;;;$ 382.800;$ 7.000;$ 7.000;;;;;;;;
96;AA122UF;CHRYSLER;JEEP;RENEGADE 1.8 SPORT;NAFTA;2016;BLANCO;46.000;-;-;$ 600.000;Entregado;Vendido;19/6/2019;6/8/2019;$ 490.000;$ 4.300;;;;$ 494.300;$ 4.300;$ 4.300;;;;;;;;
97;KAG422;CITROEN;C3;AIRCROSS 1.6L EXCLUSIVE;NAFTA;2011;BLANCO;92.000;-;-;$ 285.000;Entregado;Vendido;21/6/2019;15/8/2019;$ 199.000;;;;;$ 199.000;$ 0;$ 0;;;;;;;;
98;LOJ615;CITROEN;C3;1.4I SX PACK SEGURIDAD;GNC;2012;BEIGE;140.000;-;-;$ 200.000;Entregado;Vendido;5/6/2019;15/8/2019;$ 159.000;;;;;$ 159.000;$ 0;$ 0;;;;;;;;
99;OCQ743;CITROEN;C4;5P 1.6l X PACK PLUS;NAFTA;2014;BLANCO;68.000;-;-;$ 260.000;Entregado;Vendido;01/mar;17/may;$ 205.000;;;;;$ 205.000;$ 0;$ 0;;;;;;;;
100;OKM;FIAT;ARGO;DRIVE 1.3 GSE PACK CONECTIVIDAD ;NAFTA;2019;BLANCO;0KM;-;-;$ 663.000;Entregado;Vendido;2/3/2019;;$ 479.000;;;;;$ 479.000;$ 0;$ 0;;;;;;;;
101;NGK293;FIAT;PALIO;FIRE 1.4 5 PTAS;NAFTA;2014;GRIS PLATA;8.900;-;-;$ 199.000;Entregado;Vendido;;10/6/2019;$ 120.848;$ 4.300;$ 8.000;;;$ 133.148;$ 12.300;$ 12.300;;;;;;;;
102;OUG191;FIAT;PALIO;FIRE 1.4 5 PTAS;NAFTA;2015;VERDE OSCURO;51.000;-;-;$ 218.000;Entregado;Vendido;;11/6/2019;$ 177.000;$ 4.300;$ 6.250;;;$ 187.550;$ 10.550;$ 10.550;;;;;;;;
103;FKE094;FORD;ECOSPORT XLS 1.6;;NAFTA;2006;BORDO;148.000;-;-;$ 165.000;Entregado;Vendido;17/9/2017;28/5/2019;$ 111.500;;;;;$ 111.500;$ 0;$ 0;;;;;;;;
104;LRG863;FORD;ECOSPORT 1.6 XL PLUS;;NAFTA;2012;BLANCO;130.000;-;-;$ 286.000;Funes Exclusivos;Vendido;1/12/2018;;$ 198.920;;;;;$ 198.920;$ 0;$ 0;;;;;;;;
105;OLQ810;FORD;ECOSPORT;1.6 SE L/13;NAFTA;2014;BLANCO;83.000;-;-;$ 402.000;Funes Exclusivos;Vendido;;;$ 330.000;;;;;$ 330.000;$ 0;$ 0;;;;;;;;
106;OVB958;FORD;ECOSPORT  TITANIUM 1.6L MT N;;NAFTA;2015;BEIGE;45.000;-;-;$ 460.000;Entregado;Vendido;12/4/2018;18/6/2019;$ 230.000;$ 3.200;$ 7.500;;;$ 240.700;$ 10.700;$ 10.700;;;;;;;;
107;PMX897;FORD;FIESTA;1.6 S;NAFTA;2016;BLANCO;44.000;-;-;$ 350.000;Entregado;Vendido;8/4/2019;10/5/2019;$ 255.840;$ 4.200;$ 3.500;;;$ 263.540;$ 7.700;$ 7.700;;;;;;;;
108;OLW502;FORD;FOCUS; 1,6 S 5 PTAS;NAFTA;2015;BLANCO;56.000;-;-;$ 430.000;Funes Exclusivos;Vendido;16/2/2019;28/5/2019;$ 280.800;$ 4.400;$ 3.200;;;$ 288.400;$ 7.600;$ 7.600;;;;;;;;
109;HHR901;FORD;KA;1.6 PULSE;NAFTA;2008;CELESTE;122.000;-;-;$ 153.000;Funes Exclusivos;Vendido;15/6/2019;30/6/2019;$ 97.000;$ 10.800;;;;$ 107.800;$ 10.800;$ 10.800;;;;;;;;
110;LDF726;FORD;KA;1.6 FLY VIRAL L/11;NAFTA;2012;GRIS OSCURO;91.000;-;-;$ 194.000;Funes Exclusivos;Vendido;5/7/2019;28/8/2019;$ 134.000;;;;;$ 134.000;$ 0;$ 0;;;;;;;;
111;AC220IC;FORD;KA;SE 1.5 5 PTAS.;NAFTA;2018;ROJO;9.000;-;-;$ 430.000;Funes Exclusivos;Vendido;4/3/2019;28/5/2019;$ 342.160;$ 4.200;;;;$ 346.360;$ 4.200;$ 4.200;;;;;;;;
112;LNO755;HONDA;CR-V  ;  EX  AT 4 X 4;NAFTA;2012;AZUL;64.000;-;-;$ 630.000;Entregado;Vendido;9/3/2019;;$ 399.000;$ 4.200;$ 3.000;;;$ 406.200;$ 7.200;$ 7.200;;;;;;;;
113;AC337QU;JEEP;RENEGADE;1.8 4X2 SPORT AT6;NAFTA;2018;GRIS;25.000;-;-;$ 800.000;Funes Exclusivos;Vendido;1/5/2019;;$ 624.000;$ 4.200;;;;$ 628.200;$ 4.200;$ 4.200;;;;;;;;
114;AD065UO.;NISSAN;KICKS 1.6 EXCLUSIVE CVT;;NAFTA;2018;ROJO;;-;-;$ 820.000;Entregado;Vendido;20/7/2019;;;;;;;$ 0;$ 0;$ 0;;;;;;;;
115;AD430VI;NISSAN;KICKS;1.6 ADVANCE CVT F2;NAFTA;2019;NEGRA;0KM;-;-;$ 1.133.200;VENDIDO;Vendido;;27/9/2019;$ 980.000;$ 4.200;;;;$ 984.200;$ 4.200;$ 4.200;;;;;;;;
116;LYY400;PEUGEOT;206 ALLURE 1.4 N 5P;;NAFTA;2012;ROJO;104.564;-;-;$ 173.000;VENDIDO;Vendido;15/3/2018;30/3/2019;$ 92.000;$ 3.200;;;;$ 95.200;$ 3.200;$ 3.200;;;;;;;;
117;LDB981;PEUGEOT;207;COMPACT XS 1.4 5 PTAS;GNC;2012;BLANCO;195.000;-;-;$ 265.000;Galpon VGG;Vendido;;;$ 155.000;$ 6.000;;;;$ 161.000;$ 6.000;$ 6.000;;;;;;;;
118;AA634VG;PEUGEOT;2008;1.6 ALLURE;NAFTA;2016;GRIS PLATA;53.800;-;-;$ 558.000;Entregado;Vendido;16/9/2019;;$ 420.000;$ 4.000;;;;$ 424.000;$ 4.000;$ 4.000;;;;;;;;
119;OLG745;PEUGEOT;PARTNER;PATAGONICA 1.6N VTC PLUS;NAFTA;2015;BORDO;50.000;-;-;$ 500.000;Funes Exclusivos;Vendido;28/8/2019;19/9/2019;$ 355.000;$ 4.000;;;;$ 359.000;$ 4.000;$ 4.000;;;;;;;;
120;AC073MT;RENAULT;CAPTUR;2.0 ZEN;NAFTA;2017;NEGRO;12.000;-;-;$ 710.000;Funes Exclusivos;Vendido;28/8/2019;;$ 670.650;;;;;$ 670.650;$ 0;$ 0;;;;;;;;
121;AC745LB;RENAULT;CAPTUR;2.0 ZEN;NAFTA;2018;GRIS ACERO;11.000;-;-;$ 675.000;VENDIDO;Vendido;20/7/2019;4/9/2019;$ 565.760;$ 4.000;;;;$ 569.760;$ 4.000;$ 4.000;;;;;;;;
122;AC858GG;RENAULT;CAPTUR;INTENS 2.0;NAFTA;2018;MARFIL + NEGRO;0KM;-;-;$ 715.000;VENDIDO;Vendido;1/7/2019;6/9/2019;$ 865.000;$ 4.300;;;;$ 869.300;$ 4.300;$ 4.300;;;;;;;;
123;AC858DY;RENAULT;CAPTUR; Intens 2.0;NAFTA;2018;MARFIL + NEGRO;0 KM;-;-;$ 650.000;Entregado;Vendido;28/5/2019;28/5/2019;$ 670.000;$ 4.200;$ 8.220;;;$ 682.420;$ 12.420;$ 12.420;;;;;;;;
124;AC481OL;RENAULT;CAPTUR INTENS 2.0;;NAFTA;2018;GRIS + NEGRO;1.600;-;-;$ 690.000;Entregado;Vendido;1/5/2019;15/6/2019;$ 603.000;$ 4.200;;;;$ 607.200;$ 4.200;$ 4.200;;;;;;;;
125;AD240OI;RENAULT;CAPTUR LIFE 1.6;;NAFTA;2018;ROJO FUEGO;0KM;-;-;$ 610.000;Funes Exclusivos;Vendido;21/7/2019;21/7/2019;$ 610.000;$ 4.300;;;;$ 614.300;$ 4.300;$ 4.300;;;;;;;;
126;AD570OQ;RENAULT;CAPTUR;INTENS 1.6 CVT 1 TONE;NAFTA;2019;GRIS ETOILE;400;-;-;$ 836.000;Entregado;Vendido;1/5/2019;3/5/2019;$ 595.000;$ 4.200;;;;$ 599.200;$ 4.200;$ 4.200;;;;;;;;
127;KUK767;RENAULT;CLIO;5P ATH. PACK II;NAFTA;2011;BEIGE;77.000;-;-;$ 190.000;Funes Exclusivos;Vendido;24/9/2019;;$ 149.000;;;;;$ 149.000;$ 0;$ 0;;;;;;;;
128;JFD971;RENAULT;CLIO;PACK 5P;NAFTA;2010;GRIS ETOILE;73.000;-;-;;Funes Exclusivos;Vendido;;;$ 123.247;$ 5.000;$ 13.080;;;$ 141.327;$ 18.080;$ 18.080;;;;;;;;
129;OBX755;RENAULT;CLIO MIO;5 PTAS CONFORT PLUS ABS ABCP;NAFTA;2014;GRIS ACERO;32.000;-;-;$ 223.000;Funes Exclusivos;Vendido;;;$ 166.400;;;;;$ 166.400;$ 0;$ 0;;;;;;;;
130;OLW524;RENAULT;CLIO MIO;5P CONFORT;NAFTA;2015;GRIS ETOILE;53.900;-;-;$ 260.000;Funes Exclusivos;Vendido;20/7/2019;;$ 197.120;$ 4.000;$ 2.500;;;$ 203.620;$ 6.500;$ 6.500;;;;;;;;
131;OYB566;RENAULT;CLIO MIO; CONFORT 5 PTAS PACK SAT;NAFTA;2015;ROJO FUEGO;19.000;-;-;$ 245.000;Funes Exclusivos;Vendido;5/7/2019;19/7/2019;$ 174.200;$ 4.500;$ 9.100;;;$ 187.800;$ 13.600;$ 13.600;;;;;;;;
132;AA625JB;RENAULT;CLIO MIO;5P DYNAMIQUE MY16;NAFTA;2016;GRIS;33.000;-;-;$ 235.000;PEDRO;Vendido;;26/6/2019;$ 187.000;$ 4.300;$ 1.650;;;$ 192.950;$ 5.950;$ 5.950;;;;;;;;
133;AA407FJ;RENAULT;DUSTER PH2 DYNAMIQUE 1.6;;NAFTA;2016;GRIS ETOILE;41.800;-;-;$ 515.000;Funes Exclusivos;Vendido;1/8/2018;23/9/2019;$ 399.000;$ 4.000;;;;$ 403.000;$ 4.000;$ 4.000;;;;;;;;
134;AA133YO;RENAULT;DUSTER OROCH;1,6 DYNAMIQUE;NAFTA;2016;BLANCO;29.000;-;-;$ 545.000;Funes Exclusivos;Vendido;20/7/2019;;$ 405.080;$ 4.000;;;;$ 409.080;$ 4.000;$ 4.000;;;;;;;;
135;AA420LQ;RENAULT;DUSTER OROCH;DYNAMIQUE;NAFTA;2016;GRIS ACERO;;-;-;;Entregado;Vendido;5/7/2019;5/7/2019;$ 384.000;$ 4.500;;;;$ 388.500;$ 4.500;$ 4.500;;;;;;;;
136;AA143TG;RENAULT;DUSTER OROCH;2.0 DYNAMIQUE;NAFTA;2016;BLANCO;50.500;-;-;;;Vendido;;;$ 403.164;$ 4.000;;;;$ 407.164;$ 4.000;$ 4.000;;;;;;;;
137;AB295HI;RENAULT;DUSTER OROCH;2.0 OUTSIDER PLUS;GNC;2017;BLANCO;50.000;-;-;$ 585.000;Entregado;Vendido;21/9/2019;1/8/2019;$ 550.000;;$ 7.100;;;$ 557.100;$ 7.100;$ 7.100;;;;;;;;
138;AD237BS;RENAULT;DUSTER OROCH;2.0 PRIVILEGE;NAFTA;2018;GRIS PLATA;5.600;-;-;$ 685.000;Funes Exclusivos;Vendido;3/5/2019;;$ 468.000;$ 4.000;;;;$ 472.000;$ 4.000;$ 4.000;;;;;;;;
139;AA415RA;RENAULT;KANGOO;PH3 CONFORT 1,6 5 ASIENTOS 2P;NAFTA;2016;GRIS PLATA;41.000;-;-;$ 350.000;Funes Exclusivos;Vendido;8/4/2019;11/6/2019;$ 237.120;$ 4.200;;;;$ 241.320;$ 4.200;$ 4.200;;;;;;;;
140;AA599ZA;RENAULT;KANGOO CONFORT 5 AS 1,6 2 PLC;;NAFTA;2016;GRIS PLOMO;36.000;-;-;$ 355.000;Funes Exclusivos;Vendido;;22/7/2019;$ 272.480;;;;;$ 272.480;$ 0;$ 0;;;;;;;;
141;AB097RI;RENAULT;KANGOO;1.6 2 PLC GRAN CONFORT;NAFTA;2017;GRIS ACERO;;-;-;$ 395.000;Entregado;Vendido;20/7/2019;17/8/2019;$ 299.520;$ 4.000;;;;$ 303.520;$ 4.000;$ 4.000;;;;;;;;
142;AD065KS;RENAULT;KANGOO;PH3 AUTH. PLUS 1.6 2P;NAFTA;2018;BLANCO;0KM;-;-;$ 530.000;VENDIDO;Vendido;28/8/2019;17/9/2019;$ 530.000;$ 4.000;;;;$ 534.000;$ 4.000;$ 4.000;;;;;;;;
143;AC858FD;RENAULT;KANGOO II ;EXPRESS CONFORT 1.6 SCE;NAFTA;2018;GRIS QUARTZ;0 KM;-;-;$ 500.000;Funes Exclusivos;Vendido;;Consignacion;$ 515.000;$ 4.200;;;;$ 519.200;$ 4.200;$ 4.200;;;;;;;;
144;AD542YP;RENAULT;KWID;ICONIC;NAFTA;2019;NEGRO;0KM;-;-;;Entregado;Vendido;5/7/2019;5/7/2019;$ 400.000;$ 4.500;;;;$ 404.500;$ 4.500;$ 4.500;;;;;;;;
145;PEB756;RENAULT;KWID;ICONIC;NAFTA;2019;NEGRO;0KM;-;-;;Entregado;Vendido;5/7/2019;5/7/2019;$ 400.000;$ 4.500;;;;$ 404.500;$ 4.500;$ 4.500;;;;;;;;
146;POI646;RENAULT;LOGAN;AUTHENTIQUE PLUS 1,6;NAFTA;2016;BLANCO;38.514;-;-;$ 325.000;Entregado;Vendido;14/6/2019;22/6/2019;$ 266.240;$ 4.500;;;;$ 270.740;$ 4.500;$ 4.500;;;;;;;;
147;AB440TV;RENAULT;LOGAN;1.6 PRIVILEGE;NAFTA;2017;GRIS ACERO;;-;-;;Galpon VGG;Vendido;;;$ 339.360;$ 4.500;;;;$ 343.860;$ 4.500;$ 4.500;;;;;;;;
148;FMN146;RENAULT;MASTER 2.8 TD CHASIS PK ELECTRICO;;DIESEL;2006;BLANCA;212.000;-;-;$ 330.000;Distrib. - VGG;Vendido;1/2/2018;22/5/2019;$ 350.000;;;;;$ 350.000;$ 0;$ 0;;;;;;;;
149;FWS413;RENAULT;MASTER BASE 2,5 120 CORTA;;DIESEL;2006;BLANCA;231.000;-;-;$ 340.000;PEDRO;Vendido;2/5/2018;14/4/2019;$ 349.000;;$ 3.780;;;$ 352.780;$ 3.780;$ 3.780;;;;;;;;
150;AD360RS;RENAULT;MASTER;2.3 CHASIS CABINA;DIESEL;2018;BLANCA;0KM;-;-;$ 980.000;Funes Exclusivos;Vendido;14/6/2019;14/6/2019;$ 900.000;$ 4.300;;;;$ 904.300;$ 4.300;$ 4.300;;;;;;;;
151;AA720MI;RENAULT;NUEVO SANDERO;STEPWAY DYNAMIQUE 1,6;NAFTA;2016;NARANJA;52.000;-;-;$ 380.000;Funes Exclusivos;Vendido;8/4/2019;9/5/2019;$ 173.180;$ 4.200;;;;$ 177.380;$ 4.200;$ 4.200;;;;;;;;
152;AA492FK;RENAULT;NUEVO SANDERO;EXPRESSION PACK;NAFTA;2016;NEGRO NACRE;33.000;-;-;;Entregado;Vendido;;;$ 348.000;;$ 15.000;;;$ 363.000;$ 15.000;$ 15.000;;;;;;;;
153;AB224NP;RENAULT;NUEVO SANDERO;STEPWAY 1.6 PRIVILEGE;NAFTA;2017;GRIS OSCURO;51.000;-;-;$ 480.000;Entregado;Vendido;20/7/2019;23/8/2019;$ 391.040;$ 4.000;$ 1.900;;;$ 396.940;$ 5.900;$ 5.900;;;;;;;;
154;KKR959;RENAULT;SANDERO;CONFORT;NAFTA;2011;GRIS ACERO;112.000;-;-;$ 210.000;Funes Exclusivos;Vendido;11/6/2019;;$ 135.000;;;;;$ 135.000;$ 0;$ 0;;;;;;;;
155;OES742;TOYOTA;COROLLA;1,8 XLI 6 M/T;NAFTA;2014;ROJO;96.000;-;-;$ 435.000;Funes Exclusivos;Vendido;20/7/2019;28/8/2019;$ 301.600;$ 4.000;;;;$ 305.600;$ 4.000;$ 4.000;;;;;;;;
156;POW995;TOYOTA;COROLLA;XEI 1.8 6M/T;NAFTA;2016;ROJO;;-;-;$ 580.000;VENDIDO;Vendido;20/7/2019;28/8/2019;$ 301.600;$ 4.000;;;;$ 305.600;$ 4.000;$ 4.000;;;;;;;;
157;AA625JU;TOYOTA;COROLLA;XEI PACK 1.8 CVT;NAFTA;2016;GRIS PLATA;50.000;-;-;$ 605.000;Funes Exclusivos;Vendido;16/9/2019;;$ 145.600;$ 4.000;;;;$ 149.600;$ 4.000;$ 4.000;;;;;;;;
158;AC839LS;TOYOTA;ETIOS 1.5 4 PTAS XLS 4A/T L/18;;NAFTA;2018;ROJO;5.200;-;-;$ 500.000;Funes Exclusivos;Vendido;1/3/2019;28/may;$ 365.998;$ 4.300;$ 1.200;;;$ 371.498;$ 5.500;$ 5.500;;;;;;;;
159;EIA927;TOYOTA;HILUX 3.0 DOBLE CAB. 4X4 TD SRV;;DIESEL;2004;GRIS;323.000;-;-;$ 425.000;Funes Exclusivos;Vendido;;;$ 155.000;$ 3.800;;;;$ 158.800;$ 3.800;$ 3.800;;;;;;;;
160;AA787WF;TOYOTA;HILUX;L/16 2.4 DC 4X2 TDI SR;DIESEL;2016;BORDO;51.000;-;-;$ 910.000;VENDIDO;Vendido;20/7/2019;6/9/2019;$ 650.000;;;;;$ 650.000;$ 0;$ 0;;;;;;;;
161;MQY222;VW;BORA;2.0 TRENDLINE TIPTRONIC;NAFTA;2013;GRIS ACERO;54.000;-;-;$ 275.000;Funes Exclusivos;Vendido;1/3/2019;28/may;$ 112.736;$ 4.300;$ 31.700;;;$ 148.736;$ 36.000;$ 36.000;;;;;;;;
162;AB224OF;VW;FOX;1.6 CONFORTLINE 5 PTAS;NAFTA;2017;AZUL;5.000;-;-;$ 355.000;Funes Exclusivos;Vendido;8/4/2019;28/5/2019;$ 288.080;$ 4.200;$ 5.250;;;$ 297.530;$ 9.450;$ 9.450;;;;;;;;
163;FSJ166;VW;GOL COUNTRY 1,6 ;;NAFTA;2006;GRIS;161.000;-;-;$ 126.000;Entregado;Vendido;11/10/2018;28/5/2019;$ 80.000;;;;;$ 80.000;$ 0;$ 0;;;;;;;;
164;FJR164;VW;GOL 3 PTAS. COMFORTLINE AA DIR   ;;NAFTA;2006;BLANCO;175.000;-;-;$ 122.000;Entregado;Vendido;10/3/2017;24/6/2019;$ 90.000;;;;;$ 90.000;$ 0;$ 0;;;;;;;;
165;PJA419;VW;GOL; TREND 1.6 PACK 1 3 PTAS.;NAFTA;2015;NEGRO;53.000;-;-;$ 265.000;Entregado;Vendido;16/2/2019;23/8/2019;$ 156.000;$ 4.400;;;;$ 160.400;$ 4.400;$ 4.400;;;;;;;;
166;OMA982;VW;GOL;TREND 1.6 PACK I 5 PTAS;NAFTA;2015;NEGRO;50.000;-;-;$ 252.000;Entregado;Vendido;;17/7/2019;$ 187.000;$ 4.300;;;;$ 191.300;$ 4.300;$ 4.300;;;;;;;;
167;JBG086;VW;SAVEIRO ;1.6 L;NAFTA;2010;GRIS;169.000;-;-;$ 257.000;Funes Exclusivos;Vendido;10/9/2019;;$ 200.000;;;;;$ 200.000;$ 0;$ 0;;;;;;;;
168;OXR038;VW;UP;WHITE 1.0 MPI;NAFTA;2015;BLANCO;44.000;-;-;$ 345.000;VENDIDO;Vendido;20/7/2019;7/9/2019;$ 254.800;$ 4.000;;;;$ 258.800;$ 4.000;$ 4.000;;;;;;;;
169;PCG857;VW;UP;MOVE 3 PTAS  1.0 MPI;NAFTA;2015;AZUL;62.000;-;-;;VENDIDO;Vendido;;;$ 270.400;$ 4.000;$ 8.500;;;$ 282.900;$ 12.500;$ 12.500;;;;;;;;
170;HXD624;RENAULT;SYMBOL ;1.6 CONFORT;NAFTA;2009;GRIS ACERO;130.000;-;-;;VENDIDO;Vendido;;;$ 122.000;;$ 10.050;;;$ 132.050;$ 10.050;$ 10.050;;;;;;;;
171;A065VDS;YAMAHA;XTZ 250;SUPER TENERE;NAFTA;2018;AZUL;3.000;-;-;;VENDIDO;Vendido;;;$ 200.000;$ 1.500;;;;$ 201.500;$ 1.500;$ 1.500;;;;;;;;
172;AA614BK;RENAULT;SANDERO;1,6 GT LINE 5 PTAS;NAFTA;2016;GRIS PLATA;;-;-;;;;;;;;;;;$ 0;$ 0;$ 0;;;;;;;;
173;MZV259;CHEVROLET;CLASSIC;LS AA+DIR 1,4N;NAFTA;2013;GRIS PLOMO;65.000;-;-;;Funes Exclusivos;Vendido;10/11/2020;17/2/2020;$ 148.980;$ 5.000;$ 6.000;;;$ 159.980;$ 11.000;$ 11.000;;;;;;;;
174;AC551UN;RENAULT;KWID;ICONIC;NAFTA;2018;GRIS ETOILE;;-;-;;;;;;;;;;;$ 0;$ 0;$ 0;;;;;;;;
175;AA143TG;RENAULT;DUSTER OROCH;DYNAMIQUE 2.0;NAFTA;2016;BLANCO;50.423;-;-;;;;;;;;;;;$ 0;$ 0;$ 0;;;;;;;;
176;AA337PL;RENAULT;KANGOO PH3;CONFORT 1,6 5 ASIENTOS 2P;NAFTA;2016;GRIS;;-;-;;;;;;;;;;;$ 0;$ 0;$ 0;;;;;;;;
177;AC601GD;RENAULT;DUSTER OROCH;DYNAMIQUE 1,6 16V;NAFTA;2018;GRIS PLATA;;-;-;;;;;;;;;;;$ 0;$ 0;$ 0;;;;;;;;
178;OBX853;RENAULT;KANGOO;PH3 AUTH. PLUS 1.6 2P 7 ASIENTOS;NAFTA;2014;ROJO;35.000;-;-;;;;;;;;;;;$ 0;$ 0;$ 0;;;;;;;;
179;NFP514;MERCEDES BENZ;SPRINTER;411 3250 STREET V1;DIESEL;2013;BLANCO;;-;-;;;;;;;;;;;$ 0;$ 0;$ 0;;;;;;;;
180;LAN225;RENAULT;DUSTER;1.6 DYNAMIQUE;NAFTA;2012;NEGRO;130.000;-;-;;;;;;;$ 5.000;;;;$ 5.000;$ 5.000;$ 5.000;;;;;;;;
181;MEL174;RENAULT;CLIO MIO;3P EXPRESSION PK 1;NAFTA;2013;ROJO FUEGO;130.000;-;-;;;;;;$ 180.000;;;;;$ 180.000;$ 0;$ 0;;;;;;;;
182;AA235MB;RENAULT;DUSTER OROCH;DYNAMIQUE 2.0;NAFTA;2016;GRIS ETOILE;;-;-;;Funes Exclusivos;LP;20/12/2019;;$ 472.000;$ 5.000;;;;$ 477.000;$ 5.000;$ 5.000;;;;;;;;
183;AA524AZ;FORD;ECOSPORT;SE;NAFTA;2016;BLANCO;;-;-;;Funes Exclusivos;LP;20/12/2019;;$ 400.000;;;;;$ 400.000;$ 0;$ 0;;;;;;;;
184;NOY537;FORD;ECOSPORT;TITANIUM 2.0;NAFTA;2014;NARANJA;130.000;-;-;;Funes Exclusivos;LP;20/12/2019;;$ 520.000;;;;;$ 520.000;$ 0;$ 0;;;;;;;;
185;AC999UB;RENAULT;CAPTUR INTENS 2.0;;NAFTA;2018;ROJO + NEGRO;22.300;-;-;;Funes Exclusivos;Vendido;20/12/2019;14/2/2020;$ 740.000;$ 5.000;$ 7.000;;;$ 752.000;$ 12.000;$ 12.000;;;;;;;;
186;MGG981;RENAULT;SANDERO;PACK PLUS;NAFTA;2013;NEGRO NACRE;;-;-;;Funes Exclusivos;LP;20/12/2019;;$ 228.000;;;;;$ 228.000;$ 0;$ 0;;;;;;;;
187;NKV792;CHEVROLET;AGILE;1.4 LS;NAFTA;2013;BEIGE;;-;-;;Funes Exclusivos;LP;20/12/2019;4/3/2020;$ 224.000;$ 5.000;$ 5.300;;;$ 234.300;$ 10.300;$ 10.300;;;;;;;;
188;PHL088;RENAULT;CLIO MIO;DYNAMIQUE PACK SAT;NAFTA;2015;NEGRO NACRE;;-;-;;Funes Exclusivos;LP;20/12/2019;;$ 199.000;;;;;$ 199.000;$ 0;$ 0;;;;;;;;
189;AB001VU;CHEVROLET;PRISMA;JOY;NAFTA;2017;BLANCO;;-;-;;Funes Exclusivos;LP;20/12/2019;28/2/2020;$ 340.000;$ 5.000;$ 7.760;;;$ 352.760;$ 12.760;$ 12.760;;;;;;;;
190;ORH307;VW;SURAN;COMFORTLINE;NAFTA;2015;;;-;-;;Funes Exclusivos;LP;20/12/2019;;$ 317.500;;;;;$ 317.500;$ 0;$ 0;;;;;;;;
191;PBX648;VW;SURAN;COMFORTLINE;NAFTA;2015;;;-;-;;Funes Exclusivos;LP;20/12/2019;;$ 317.500;;;;;$ 317.500;$ 0;$ 0;;;;;;;;
192;AB783BK;PEUGEOT;2008;ALLURE;NAFTA;2017;GRIS ACERO;;-;-;;Funes Exclusivos;LP;20/12/2019;;$ 540.000;;;;;$ 540.000;$ 0;$ 0;;;;;;;;
193;AA256LT;PEUGEOT;PARTNER;16. HDI;DIESEL;2016;BLANCO;83.000;-;-;;Entregado;Entregado;20/11/2019;7/12/2019;$ 397.800;;;;;$ 397.800;$ 0;$ 0;;;;;;;;
194;AB694YM;RENAULT;LOGAN;1.6 PRIVILEGE;NAFTA;2017;GRIS ACERO;;-;-;;;;;;$ 343.200;$ 5.000;;;;$ 348.200;$ 5.000;$ 5.000;;;;;;;;
195;PIU340;VW;SURAN;HIGHLINE;NAFTA;2015;BLANCO;15.000;-;-;;;;;;$ 350.000;$ 5.000;;;;$ 355.000;$ 5.000;$ 5.000;;;;;;;;
196;NFS638;CHEVROLET;TRACKER;LTZ 4X2;NAFTA;2013;ROJA;71.400;-;-;;Funes Exclusivos;Vendido;3/12/2019;7/1/2020;$ 459.000;;;;;$ 459.000;$ 0;$ 0;;;;;;;;
197;JMI827;NISSAN;TIIDA;;NAFTA;2011;NEGRO;;-;-;;;;;;$ 280.000;;;;;$ 280.000;$ 0;$ 0;;;;;;;;
198;AC381ML;RAM;1500 LARAMIE;;NAFTA;2018;AZUL;83.000;-;-;;;;;;$ 1.768.000;$ 5.000;;;;$ 1.773.000;$ 5.000;$ 5.000;;;;;;;;
199;AD667YC;RENAULT;KWID;;;;;;-;-;;;;;;$ 353.600;$ 5.000;;;;$ 358.600;$ 5.000;$ 5.000;;;;;;;;
200;AD542YW;RENAULT;KANGOO;EMOTION;NAFTA;2019;;0KM;-;-;;;;;;$ 659.835;$ 5.000;;;;$ 664.835;$ 5.000;$ 5.000;;;;;;;;
201;AD807VX;RENAULT;OROCH;;NAFTA;2019;;0KM;-;-;;;;;;$ 860.000;$ 5.000;;;;$ 865.000;$ 5.000;$ 5.000;;;;;;;;
202;AB847TG;VW;UP;1.0 MOVE 5 PTAS;NAFTA;2017;BLANCO;35.700;-;-;;;;5/2/2020;;;$ 5.000;;;;$ 5.000;$ 5.000;$ 5.000;;;;;;;;
203;MBF548;RENAULT;SANDERO;PH2 PACK PLUS 1.6 8V;NAFTA;2013;GRIS ACERO;31.500;-;-;;;;5/2/2020;;$ 236.000;$ 5.000;;;;$ 241.000;$ 5.000;$ 5.000;;;;;;;;
204;AB446IT;RENAULT;KANGOO;PH3 CONFORT PACK 1.6 5A;NAFTA;2017;GRIS ACERO;;-;-;;;;5/2/2020;;;$ 5.000;;;;$ 5.000;$ 5.000;$ 5.000;;;;;;;;
205;OTF098;HONDA;CRV LX;CRV LX;NAFTA;2015;GRIS;62.000;-;-;;;;10/1/2020;;$ 873.600;$ 5.000;;;;$ 878.600;$ 5.000;$ 5.000;;;;;;;;
206;AC552BR;HONDA;HRV ELX CVT;HRV ELX CVT;NAFTA;2018;GRIS OSCURO;32.000;-;-;;;;10/1/2020;;$ 1.100.000;$ 5.000;;;;$ 1.105.000;$ 5.000;$ 5.000;;;;;;;;
207;PGQ932;HONDA;HRV ELX CVT;HRV ELX CVT;NAFTA;2016;BLANCO;32.000;-;-;;;;10/1/2020;;$ 830.000;$ 5.000;;;;$ 835.000;$ 5.000;$ 5.000;;;;;;;;
208;OMY334;VW;AMAROK;AMAROK;DIESEL;2015;GRIS OSCURO;126.000;-;-;;;;10/1/2020;;$ 915.000;$ 5.000;;;;$ 920.000;$ 5.000;$ 5.000;;;;;;;;
209;AA992ER;FIAT;TORO VOLCANO;TORO VOLCANO;DIESEL;2017;NEGRO;17.000;-;-;;;;10/1/2020;17/2/2020;$ 840.840;$ 5.000;;;;$ 845.840;$ 5.000;$ 5.000;;;;;;;;
210;AA786ZQ;NISSAN;MARCH ADVANCE MEDIA TECH;MARCH ADVANCE MEDIA TECH;NAFTA;2016;ROJO;20.900;-;-;;;;10/1/2020;;$ 384.800;$ 5.000;;;;$ 389.800;$ 5.000;$ 5.000;;;;;;;;
211;AE025FO;RENAULT;KWID INTENS 1.0;KWID INTENS 1.0;NAFTA;2019;VAINILLA;0KM;-;-;;;;18/2/2020;18/2/2020;$ 545.000;$ 5.000;;;;$ 550.000;$ 5.000;$ 5.000;;;;;;;;
212;AD578KN;RENAULT;KWID INTENS 1.0;KWID INTENS 1.0;NAFTA;2019;NEGRO NACRE;0KM;-;-;;;;7/3/2020;7/3/2020;$ 560.000;$ 5.000;;;;$ 565.000;$ 5.000;$ 5.000;;;;;;;;
213;PKS231;VW;UP MOBI 5 PTAS;;NAFTA;2015;ROJO;;-;-;;;;;;$ 236.000;$ 5.000;;;;$ 241.000;$ 5.000;$ 5.000;;;;;;;;
214;AB446IT;RENAULT;KANGOO CONFORT PACK 5 AS 2P;;NAFTA;2017;GRIS;;-;-;;;;;;$ 337.000;$ 5.000;;;;$ 342.000;$ 5.000;$ 5.000;;;;;;;;
215;AB847TG;VW;UP MOBI 5 PTAS;;NAFTA;2017;BLANCO;35.700;-;-;;;;;;$ 443.000;$ 5.000;;;;$ 448.000;$ 5.000;$ 5.000;;;;;;;;
216;KCK508;RENAULT;SYMBOL 1.6 LUXE;;NAFTA;2011;GRIS ETOILE;38.000;-;-;;;Vendido;;16/7/2020;$ 194.000;$ 5.000;;;;$ 199.000;$ 5.000;$ 5.000;;;;;;;;
217;AA990YL;RENAULT;DUSTER PRIVILEGE 1,6;;NAFTA;2017;GRIS PLATA;34.936;-;-;;;;;;$ 580.000;$ 5.000;;;;$ 585.000;$ 5.000;$ 5.000;;;;;;;;
218;NES963;CHEVROLET;ONIX LTZ 1,4;;NAFTA;2013;MARRON;;-;-;;;;;;$ 265.000;$ 5.000;;;;$ 270.000;$ 5.000;$ 5.000;;;;;;;;
219;POF001;VW;GOL TREND 1,6 5 PTAS;;NAFTA;2016;CELESTE;100.000;-;-;;;;;;$ 290.000;$ 5.000;;;;$ 295.000;$ 5.000;$ 5.000;;;;;;;;
220;AB152YP;CHEVROLET;TRACKER LTZ;;NAFTA;2017;AZUL;42.000;-;-;;;;;11/6/2020;$ 318.000;$ 5.000;;;;$ 323.000;$ 5.000;$ 5.000;;;;;;;;
221;LMQ413;RENAULT;LOGAN;8V AUTHENTIQUE 1.6 PACK II;GNC;2012;GRIS ACERO;197.000;-;-;;;;25/11/2019;4/3/2020;$ 190.000;;;;;$ 190.000;$ 0;$ 0;;;;;;;;
222;OKL506;TOYOTA;HILUX 4X2 C/D SR 3.0 TDI ;;DIESEL;2014;BEIGE;88.700;-;-;;;;20/2/2020;;$ 900.978;$ 5.000;;;;$ 905.978;$ 5.000;$ 5.000;;;;;;;;
223;AC325IB;NISSAN;KICKS EXCLUSIVE CVT;;NAFTA;2018;AZUL;30.832;-;-;;;;20/2/2020;29/2/2020;$ 977.000;$ 3.000;;;;$ 980.000;$ 3.000;$ 3.000;;;;;;;;
224;AA422LB;JEEP;RENEGADE 1.8L SPORT;;NAFTA;2016;ROJO;90.000;-;-;;;;20/2/2020;20/6/2020;$ 665.000;$ 5.000;;;;$ 670.000;$ 5.000;$ 5.000;;;;;;;;
225;AA375QY;PEUGEOT;2008 FELINE 1.6;;NAFTA;2016;BLANCO;34.000;-;-;;;;20/2/2020;;$ 599.000;$ 5.000;;;;$ 604.000;$ 5.000;$ 5.000;;;;;;;;
226;AA388KC;RENAULT;CLIO MIO CONFORT 5PTAS;;NAFTA;2016;GRIS ACERO;;-;-;;;;;;$ 223.600;$ 5.000;;;;$ 228.600;$ 5.000;$ 5.000;;;;;;;;
227;OHY709;PEUGEOT;208 ACTIVE;;NAFTA;2014;GRIS PLATA;;-;-;;;;;;$ 312.000;$ 5.000;;;;$ 317.000;$ 5.000;$ 5.000;;;;;;;;
228;PEN593;RENAULT;DUSTER DYNAMIQUE;;NAFTA;2015;GRIS ACERO;;-;-;;;;;;$ 450.000;$ 5.000;;;;$ 455.000;$ 5.000;$ 5.000;;;;;;;;
229;AA453LE;RENAULT;OROCH PRIVILEGE 2.0;;NAFTA;2016;VERDE;;-;-;;;;;;$ 560.000;$ 5.000;;;;$ 565.000;$ 5.000;$ 5.000;;;;;;;;
230;AA987AZ;CHEVROLET;ONIX JOY 5 PTAS;;NAFTA;2017;GRIS ACERO;;-;-;;;;;;$ 357.000;$ 5.000;;;;$ 362.000;$ 5.000;$ 5.000;;;;;;;;
231;AC759IP;RENAULT;KANGOO EMOTION 5AS;;NAFTA;2018;GRIS PLATA;;-;-;;;;;;$ 632.000;$ 5.000;;;;$ 637.000;$ 5.000;$ 5.000;;;;;;;;
232;AD244JW;RENAULT;OROCH DYNAMIQUE 1,6;;NAFTA;2019;BLANCO;0;-;-;;;;27/2/2020;27/2/2020;$ 740.000;$ 5.000;;;;$ 745.000;$ 5.000;$ 5.000;;;;;;;;
233;-;RENAULT;OROCH DYNAMIQUE 1,6;;NAFTA;2019;BLANCO;0;-;-;;;;27/2/2020;27/2/2020;$ 740.000;$ 5.000;;;;$ 745.000;$ 5.000;$ 5.000;;;;;;;;
234;OBZ006;CHEVROLET;CRUZE;1.8 LTZ;NAFTA;2014;MARRON;60.000;-;-;;;Vendido;18/2/2020;11/5/2020;$ 430.000;;$ 5.000;;$ 1.900;$ 436.900;$ 6.900;$ 6.900;;;;;;;;
235;AD313ER;RENAULT;DUSTER;DAKAR 2.0 4X4;NAFTA;2018;BLANCO GLACIAR;0KM PAT;-;-;;;Vendido;4/5/2020;4/5/2020;$ 930.000;$ 5.000;;;;$ 935.000;$ 5.000;$ 5.000;;;;;;;;
236;AC173CR;VW;FOX;1.6 MSI;NAFTA;2018;GRIS;17.000;-;-;;Vendido;Vendido;15/5/2020;;$ 478.400;;;;;$ 478.400;-;$ 0;;;;;;;;
237;AA138GC;RENAULT;CLIO DYNAMIQUE MY16;DYNAMIQUE MY16;NAFTA;2016;BLANCO;74.500;-;-;;;Vendido;15/5/2020;29/9/2020;$ 270.400;$ 5.000;$ 32.000;;;$ 307.400;$ 37.000;$ 37.000;;;;;;;;
238;AB392VM;FORD;FIESTA;1.6L S PLUS;NAFTA;2017;AZUL;31.000;-;-;;Vendido;Vendido;15/5/2020;24/6/2020;$ 486.700;$ 5.000;;;;$ 491.700;;$ 5.000;;;;;;;;
239;AD119DY;CHEVROLET;PRISMA;LS 1.4;NAFTA;2018;GRIS PLATA;0;-;-;;Vendido;Vendido;15/5/2020;;$ 407.680;;;;;$ 407.680;;$ 0;;;;;;;;
240;AC173BV;TOYOTA;HILUX;;NAFTA;2017;BLANCO;;-;-;;Vendido;Vendido;15/3/2020;27/7/2020;$ 1.040.000;$ 5.000;;;;$ 1.045.000;;$ 5.000;;;;;;;;
241;AC000ZF;RENAULT;KANGOO;PH3 CONFORT PACK 1.6 5A;NAFTA;2017;BLANCO GLACIAR;42.000;-;-;;;Vendido;;;$ 420.000;$ 4.000;;;;$ 424.000;$ 4.000;$ 4.000;;;;;;;;
242;AA204MQ;RENAULT;KANGOO;PH3 CONFORT 1,6 5 ASIENTOS 2P;NAFTA;2016;GRIS ACERO;;-;-;;;Vendido;;;$ 397.200;;;;;$ 397.200;$ 0;$ 0;;;;;;;;
243;NDT247;RENAULT;NUEVO MASTER;L2H2;DIESEL;2013;BLANCO;213.000;-;-;;;Vendido;10/9/2019;14/5/2020;$ 421.200;$ 4.500;$ 64.420;;;$ 490.120;$ 68.920;$ 68.920;;;;;;;;
244;HFZ638;CHEVROLET;ASTRA;GLS 2.0;NAFTA;2008;GRIS;;-;-;;;Vendido;11/5/2020;11/5/2020;$ 159.000;;;;;$ 159.000;$ 0;$ 0;;;;;;;;
245;AE001US;RENAULT;SANDERO;DYNAMIQUE;NAFTA;2019;GRIS ETOILE;0;-;-;;;Vendido;18/5/2020;18/5/2020;$ 615.000;$ 5.000;;;;$ 620.000;$ 5.000;$ 5.000;;;;;;;;
246;AD834ZX;RENAULT;DUSTER OROCH;2.0 DYNAMIQUE;NAFTA;2019;BLANCO GLACIAR;0;-;-;;;Vendido;18/5/2020;18/5/2020;$ 910.000;$ 5.000;;;;$ 915.000;$ 5.000;$ 5.000;;;;;;;;
247;AD877BE;RENAULT;DUSTER OROCH;2.0 OUTSIDER PLUS;NAFTA;2019;NEGRO NACRE;0;-;-;;;Vendido;18/5/2020;18/5/2020;$ 980.000;$ 5.000;;;;$ 985.000;$ 5.000;$ 5.000;;;;;;;;
248;AE001UQ;RENAULT;SANDERO;EXPRESSION PACK;NAFTA;2019;NEGRO NACRE;0;-;-;;;Vendido;27/5/2020;27/5/2020;$ 610.000;$ 5.000;;;;$ 615.000;$ 5.000;$ 5.000;;;;;;;;
249;AD173LE;VW;VENTO;HIGHLINE 1.4TSI 150CV AQ;NAFTA;2018;GRIS OSCURO;20.000;-;-;;;Vendido;22/6/2020;22/6/2020;$ 1.600.000;;;;;$ 1.600.000;$ 0;$ 0;;;;;;;;
250;JBO556;VW;FOX;3P CONFORTLINE;NAFTA;2010;AZUL;110.000;-;-;;;Vendido;;22/6/2020;$ 279.000;;;;;$ 279.000;$ 0;$ 0;;;;;;;;
251;MBF548;RENAULT;SANDERO AUTH PACK II;;;2013;GRIS PLOMO;31500;-;-;;;;;;$ 236.000;$ 5.000;;;;$ 241.000;$ 5.000;$ 5.000;;;;;;;;
252;PKS231;VW;UP MOBI 5 PTAS;;;2015;ROJO;;-;-;;;;;;$ 337.000;$ 5.000;;;;$ 342.000;$ 5.000;$ 5.000;;;;;;;;
253;AB446IT;RENAULT;KANGOO CONFORT PACK 5 AS 2P;;;2017;GRIS;;-;-;;;;;;$ 443.000;$ 5.000;;;;$ 448.000;$ 5.000;$ 5.000;;;;;;;;
254;AB847TG;VW;UP MOBI 5 PTAS;;;2017;BLANCO;35700;-;-;;;;;;$ 370.000;$ 5.000;;;;$ 375.000;$ 5.000;$ 5.000;;;;;;;;
255;KCK508;RENAULT;SYMBOL 1.6 LUXE;;;2011;GRIS ETOILE;38000;-;-;;;;;;$ 194.000;$ 5.000;;;;$ 199.000;$ 5.000;$ 5.000;;;;;;;;
256;AA990YL;RENAULT;DUSTER PRIVILEGE 1,6;;;2017;GRIS PLATA;34936;-;-;;;;;;$ 580.000;$ 5.000;;;;$ 585.000;$ 5.000;$ 5.000;;;;;;;;
257;OIT264;RENAULT;NUEVO LOGAN AUTHENTIQUE 1,6 ;;;2014;BLANCO;;-;-;;;;;;$ 265.000;$ 5.000;;;;$ 270.000;$ 5.000;$ 5.000;;;;;;;;
258;NES963;CHEVROLET;ONIX LTZ 1,4;;;2013;MARRON;;-;-;;;;;;$ 290.000;$ 5.000;;;;$ 295.000;$ 5.000;$ 5.000;;;;;;;;
259;POF001;VW;GOL TREND 1,6 5 PTAS;;;2016;CELESTE;100000;-;-;;;;;;$ 318.000;$ 5.000;;;;$ 323.000;$ 5.000;$ 5.000;;;;;;;;
260;AB152YP;CHEVROLET;TRACKER LTZ;;;2017;AZUL;42000;-;-;;;;;;$ 560.000;$ 5.000;;;;$ 565.000;$ 5.000;$ 5.000;;;;;;;;
261;AE020AG;RENAULT;STEPWAY PH2 PRIVILEGE;;;2019;BLANCO GLACIAR;0;-;-;;;Vendido;24/6/2020;24/6/2020;$ 820.000;$ 5.000;;;;$ 825.000;$ 5.000;$ 5.000;;;;;;;;
262;AD807VW;RENAULT;KANGOO EMOTION;;;2019;GRIS ETOILE;0;-;-;;;;16/6/2020;16/6/2020;$ 921.500;$ 5.000;;;;$ 926.500;$ 5.000;$ 5.000;;;;;;;;
263;AD360RZ;RENAULT;KANGOO EMOTION;;;2018;GRIS ACERO;0;-;-;;;;16/6/2020;16/6/2020;$ 845.500;$ 5.000;;;;$ 850.500;$ 5.000;$ 5.000;;;;;;;;
264;AD807WG;RENAULT;DUSTER OROCH DYNAMIQUE 2.0 16V 4X4;;NAFTA;2019;BLANCO GLACIAR;0;-;-;;;Vendido;24/6/2020;24/6/2020;$ 1.090.000;$ 5.000;;;;$ 1.095.000;$ 5.000;$ 5.000;;;;;;;;
265;AD980BY;RENAULT;STEPWAY PH2 PRIVILEGE;;;;;;-;-;;;Entregado;29/6/2020;29/6/2020;$ 820.000;$ 5.000;;;;$ 825.000;$ 5.000;$ 5.000;;;;;;;;
266;JOM996;RENAULT;CLIO 5 PTAS PACK;;NAFTA;2011;GRIS ACERO;101.384;-;-;;;Entregado;1/6/2020;30/6/2020;$ 104.000;$ 5.000;$ 1.300;;;$ 110.300;$ 6.300;$ 6.300;;;;;;;;
267;AC157GN;RENAULT;CAPTUR ZEN 2.0;;NAFTA;2018;ROJA;0;-;-;;;;1/6/2020;;$ 780.000;$ 5.000;;;;$ 785.000;$ 5.000;$ 5.000;;;;;;;;
268;AC122MU;RENAULT;KANGOO PH3 CONFORT 1,6V 5 ASIENTOS 2P;;NAFTA;2017;GRIS ACERO;0;-;-;;;;1/6/2020;;$ 454.480;$ 5.000;;;;$ 459.480;$ 5.000;$ 5.000;;;;;;;;
269;IAB237;RENAULT;CLIO 5 PTAS PACK;;NAFTA;2009;ROJO VIVO;0;-;-;;;;1/6/2020;30/6/2020;$ 167.440;$ 5.000;;;;$ 172.440;$ 5.000;$ 5.000;;;;;;;;
270;AB634UM;RENAULT;NUEVO SANDERO EXPRESSION 5 PTAS;;NAFTA;2017;ROJO;0;-;-;;;;1/6/2020;;$ 390.000;$ 5.000;;;;$ 395.000;$ 5.000;$ 5.000;;;;;;;;
271;AC168TZ;RENAULT;KWID ZEN 1,0;;NAFTA;2018;VAINILLA;9.600;-;-;;;;1/6/2020;;$ 424.320;$ 5.000;;;;$ 429.320;$ 5.000;$ 5.000;;;;;;;;
272;AC238QQ;RENAULT;KANGOO 1,6 FURGON;;NAFTA;2018;GRIS ETOILE;26.000;-;-;;;;1/6/2020;;$ 478.400;$ 5.000;;;;$ 483.400;$ 5.000;$ 5.000;;;;;;;;
273;AD667YX;RENAULT;DUSTER PH2 PRIVILEGE 1.6;;NAFTA;2019;BLANCO;10;-;-;;;;1/6/2020;;$ 759.200;$ 5.000;;;;$ 764.200;$ 5.000;$ 5.000;;;;;;;;
274;MGU234;TOYOTA;RAV 4 4X2 A/T;;NAFTA;2013;BLANCO;70.670;-;-;;;;1/6/2020;19/11/2020;$ 575.120;$ 5.000;$ 21.000;;;$ 601.120;$ 26.000;$ 26.000;;;;;;;;
275;NZC586;CHEVROLET;SPIN LTZ;;NAFTA;2014;GRIS PLATA;20.000;-;-;;;;1/6/2020;;$ 447.200;$ 5.000;;;;$ 452.200;$ 5.000;$ 5.000;;;;;;;;
276;AB347BG;RENAULT;CAPTUR INTENS 2,0;;NAFTA;2017;GRIS OSCURO/NEG;20.000;-;-;;;;1/6/2020;;$ 856.960;$ 5.000;;;;$ 861.960;$ 5.000;$ 5.000;;;;;;;;
277;AA931KK;RENAULT;KANGOO CONFORT 5 AS;;NAFTA;2017;BLANCO;0;-;-;;Vendido;Vendido;1/6/2020;26/10/2020;$ 455.520;$ 5.000;$ 7.500;;;$ 468.020;$ 12.500;$ 12.500;;;;;;;;
278;OCD773;PEUGEOT;207 XS COMPACT;;NAFTA;2014;AZUL;66.000;-;-;;;;15/6/2020;30/6/2020;$ 300.000;;;;;$ 300.000;$ 0;$ 0;;;;;;;;
279;AC754DF;FORD;FIESTA S PLUS;;DIESEL;2018;GRIS CLARO;35.500;-;-;;Entregado;Vendido;15/2/2020;10/7/2020;$ 1.050.000;$ 5.000;;;;$ 1.055.000;$ 5.000;$ 5.000;;;;;;;;
280;LNG316;FIAT;STRADA 1.3 TREKKING JTD CAB EXT;;DIESEL;2012;GRIS CLARO;51.000;-;-;;;;;;$ 334.000;;;;;$ 334.000;$ 0;$ 0;;;;;;;;
281;JOM996;RENAULT;CLIO 5 PTAS PACK;;NAFTA;2011;GRIS ACERO;101.384;-;-;;;;1/6/2020;;$ 104.000;$ 5.000;;;;$ 109.000;$ 5.000;$ 5.000;;;;;;;;
282;AC157GN;RENAULT;CAPTUR ZEN 2.0;;NAFTA;2018;ROJA;0;-;-;;;;1/6/2020;;$ 780.000;$ 5.000;;;;$ 785.000;$ 5.000;$ 5.000;;;;;;;;
283;AC122MU;RENAULT;KANGOO PH3 CONFORT 1,6V 5 ASIENTOS 2P;;NAFTA;2017;GRIS ACERO;0;-;-;;;;1/6/2020;;$ 454.480;$ 5.000;;;;$ 459.480;$ 5.000;$ 5.000;;;;;;;;
284;IAB237;RENAULT;CLIO 5 PTAS PACK;;NAFTA;2009;ROJO VIVO;0;-;-;;;;1/6/2020;;$ 167.440;$ 5.000;;;;$ 172.440;$ 5.000;$ 5.000;;;;;;;;
285;AB634UM;RENAULT;NUEVO SANDERO EXPRESSION 5 PTAS;;NAFTA;2017;ROJO;0;-;-;;;;1/6/2020;;$ 390.000;$ 5.000;;;;$ 395.000;$ 5.000;$ 5.000;;;;;;;;
286;AC168TZ;RENAULT;KWID ZEN 1,0;;NAFTA;2018;VAINILLA;9.600;-;-;;;;15/6/2020;;$ 424.320;$ 5.000;;;;$ 429.320;$ 5.000;$ 5.000;;;;;;;;
287;AC238QQ;RENAULT;KANGOO 1,6 FURGON;;NAFTA;2018;GRIS ETOILE;26.000;-;-;;;;15/6/2020;;$ 478.400;$ 5.000;;;;$ 483.400;$ 5.000;$ 5.000;;;;;;;;
288;AD667YX;RENAULT;DUSTER PH2 PRIVILEGE 1.6;;NAFTA;2019;BLANCO;10;-;-;;;;15/6/2020;;$ 759.200;$ 5.000;;;;$ 764.200;$ 5.000;$ 5.000;;;;;;;;
289;NZC586;CHEVROLET;SPIN LTZ;;NAFTA;2014;GRIS PLATA;20.000;-;-;;;;15/6/2020;23/7/2020;$ 447.200;$ 5.000;;;;$ 452.200;$ 5.000;$ 5.000;;;;;;;;
290;AB347BG;RENAULT;CAPTUR INTENS 2,0;;NAFTA;2017;GRIS OSCURO/NEG;20.000;-;-;;;;15/6/2020;;$ 856.960;$ 5.000;;;;$ 861.960;$ 5.000;$ 5.000;;;;;;;;
291;AA931KK;RENAULT;KANGOO CONFORT 5 AS;;NAFTA;2017;BLANCO;0;-;-;;;;15/6/2020;;$ 455.520;$ 5.000;;;;$ 460.520;$ 5.000;$ 5.000;;;;;;;;
292;AD807VI;RENAULT;LOGAN AUTHENTIQUE 1.6;;NAFTA;2019;BLANO;0;-;-;;Vendido;Vendido;22/7/2020;22/7/2020;$ 630.000;$ 5.000;;;;$ 635.000;$ 5.000;$ 5.000;;;;;;;;
293;AC770KG;PEUGEOT;208 ACTIVE 1.6;;NAFTA;2018;NEGRO;35.000;-;-;;Vendido;Vendido;15/7/2020;24/7/2020;$ 549.000;$ 5.000;;;;$ 554.000;$ 5.000;$ 5.000;;;;;;;;
294;OMD299;RENAULT;CLIO MIO 3P CONFORT;;NAFTA;2015;GRIS ACERO;66.000;-;-;;Vendido;Vendido;6/6/2020;24/7/2020;$ 319.000;;$ 10.000;;;$ 329.000;$ 10.000;$ 10.000;;;;;;;;
295;PKS297;RENAULT;CLIO CONFORT PACK;;NAFTA;2015;GRIS ACERO;20.500;-;-;;Vendido;Vendido;15/7/2020;24/7/2020;$ 288.000;$ 5.000;;;;$ 293.000;$ 5.000;$ 5.000;;;;;;;;
296;AE049YB;NISSAN;FRONTIER 2.3 LE 4X4 MT;;NAFTA;2019;GRIS PLATA;0;-;-;;Vendido;Vendido;30/7/2020;30/7/2020;$ 2.300.000;$ 5.000;;;;$ 2.305.000;$ 5.000;$ 5.000;;;;;;;;
297;AB530JI;FIAT;DOBLO CARGO 1.4 16V ACTIVE;;NAFTA;2017;BLANCO;56.000;-;-;;Vendido;Vendido;1/7/2020;18/7/2020;$ 510.000;$ 5.000;;;;$ 515.000;$ 5.000;$ 5.000;;;;;;;;
298;AD807WI;RENAULT;OROCH DYNAMIQUE 2.0 4X4;;NAFTA;2019;BLANCO;0;-;-;;Vendido;Vendido;20/7/2020;20/7/2020;$ 1.160.000;$ 5.000;;;;$ 1.165.000;$ 5.000;$ 5.000;;;;;;;;
299;AB184QF;MERCEDES BENZ;VITO;;NAFTA;2017;GRIS;100.000;-;-;;Vendido;Vendido;20/4/2020;20/7/2020;$ 1.000.000;;;;;$ 1.000.000;$ 0;$ 0;;;;;;;;
300;ILY180;CHEVROLET;ASTRA GL 2.0;;NAFTA;2010;BEIGE;130.000;-;-;;Vendido;Vendido;;13/8/2020;$ 208.000;;;;;$ 208.000;$ 0;$ 0;;;;;;;;
301;KFC477;RENAULT;KANGOO AUTH. 1.6 DA AA CD 1P;;NAFTA;2011;AZUL;124.000;-;-;;Vendido;Vendido;20/7/2020;13/8/2020;$ 300.000;;;;;$ 300.000;$ 0;$ 0;;;;;;;;
302;IOT399;VW;SURAN 1.6 TRENDLINE;;NAFTA;2010;NEGRO;132.000;-;-;;Vendido;Vendido;11/6/2020;13/8/2020;$ 285.000;;$ 6.500;;;$ 291.500;$ 6.500;$ 6.500;;;;;;;;
303;LOF913;VW;CROSSFOX 1.6 COMFORTLINE;;NAFTA;2012;GRIS OSCURO;105.000;-;-;;Vendido;Vendido;27/7/2020;10/8/2020;$ 380.000;;;;;$ 380.000;$ 0;$ 0;;;;;;;;
304;JGX164;NISSAN;FRONTIER LE 4X4 CU;;DIESEL;2010;CHAMPAGNE;111.000;-;-;;Vendido;Vendido;;5/8/2020;$ 546.000;$ 5.000;$ 24.000;;;$ 575.000;$ 29.000;$ 29.000;;;;;;;;
305;AE025FN;RENAULT;NUEVO SANDERO EXPRESSION 1.6;;NAFTA;2019;GRIS CUARZO;0KM PAT;-;-;;Vendido;Vendido;18/8/2020;18/8/2020;$ 630.000;$ 5.000;;;;$ 635.000;$ 5.000;$ 5.000;;;;;;;;
306;AD807VE;RENAULT;Duster Oroch Dynamique 2.0 4x4;;NAFTA;2019;GRIS ETOILE;0KM PAT;-;-;;Vendido;Vendido;18/8/2020;18/8/2020;$ 1.190.000;$ 5.000;;;;$ 1.195.000;$ 5.000;$ 5.000;;;;;;;;
307;AD811DU;RENAULT;Duster Oroch Dynamique 2.0 4x2;;NAFTA;2019;BLANCO GLACIAR;0KM PAT;-;-;;Vendido;Vendido;1/8/2020;1/8/2020;$ 1.070.000;$ 5.000;$ 2.000;;;$ 1.077.000;$ 7.000;$ 7.000;;;;;;;;
308;AB001UL;RENAULT;DUSTER OROCH DYNAMIQUE 1.6;;NAFTA;2017;VERDE ESMERALDA;17.000;-;-;;Vendido;Vendido;1/8/2020;10/8/2020;$ 600.000;$ 5.000;$ 7.000;;;$ 612.000;$ 12.000;$ 12.000;;;;;;;;
309;AA145NN;NISSAN;FRONTIER 2.3 LE 4X2 MT;;NAFTA;2016;GRIS OSCURO;75.000;-;-;;Vendido;Vendido;8/8/2020;8/8/2020;$ 1.040.000;$ 5.000;$ 15.000;;;$ 1.060.000;$ 20.000;$ 20.000;;;;;;;;
310;AE001UR;RENAULT;NUEVO SANDERO EXPRESSION 1.6;;NAFTA;2019;GRIS ACERO;0;-;-;;Vendido;Vendido;29/7/2020;5/9/2020;$ 615.000;$ 5.000;;;;$ 620.000;$ 5.000;$ 5.000;;;;;;;;
311;AD838PS;RENAULT;Duster Oroch Dynamique 2.0 4x4;;NAFTA;2019;VERDE ESMERALDA;0;-;-;;Vendido;Vendido;29/8/2020;29/8/2020;$ 1.190.000;$ 5.000;;;;$ 1.195.000;$ 5.000;$ 5.000;;;;;;;;
312;AC770ZJ;RENAULT;CAPTUR INTENS 1.6 CVT;;NAFTA;2018;marfil + negro;27.000;-;-;;Vendido;Vendido;10/7/2020;29/8/2020;$ 910.000;$ 5.000;$ 23.700;;;$ 938.700;$ 28.700;$ 28.700;;;;;;;;
313;PLT001;TOYOTA;COROLLA XEI;;NAFTA;2016;BLANCO;100.000;-;-;;Vendido;Vendido;10/6/2020;28/8/2020;$ 632.320;$ 5.000;;;;$ 637.320;$ 5.000;$ 5.000;;;;;;;;
314;OID991;MERCEDES BENZ;SPRINTER 411 CDI;;DIESEL;2014;BLANCO;300.000;-;-;;Vendido;Vendido;10/8/2020;28/8/2020;$ 786.460;$ 10.000;$ 3.500;;;$ 799.960;$ 13.500;$ 13.500;;;;;;;;
315;HKK876;VW;BORA 2.0 TRENDLINE;;NAFTA;2008;NEGRO;140.000;-;-;;Vendido;Vendido;6/6/2020;27/8/2020;$ 280.000;;$ 25.382;;;$ 305.382;$ 25.382;$ 25.382;;;;;;;;
316;FIG939;FIAT;PALIO 1.8 3P HLX;;GNC;2006;BORDO;140.000;-;-;;Vendido;Vendido;23/7/2020;27/8/2020;$ 170.000;;$ 8.900;;;$ 178.900;$ 8.900;$ 8.900;;;;;;;;
317;AD980CA;RENAULT;STEPWAY PRIVILEGE 1.6 16V;;NAFTA;2019;BLANCO GLACIAR;0;-;-;;Vendido;Vendido;20/7/2020;25/8/2020;$ 840.000;$ 5.000;;;;$ 845.000;$ 5.000;$ 5.000;;;;;;;;
318;PLE285;RENAULT;CLIO MIO 3 P EXPRESSION;;NAFTA;2015;GRIS ACERO;29.000;-;-;;Vendido;Vendido;19/8/2020;24/8/2020;$ 380.000;;;;;$ 380.000;$ 0;$ 0;;;;;;;;
319;AB946IM;PEUGEOT;2008 SPORT 1.6 THP;;NAFTA;2017;BORDO;18.300;-;-;;Vendido;Vendido;20/7/2020;24/8/2020;$ 770.000;$ 5.000;;;;$ 775.000;$ 5.000;$ 5.000;;;;;;;;
320;AE287SM;NISSAN;KICKS 1.6 SENSE MT (MY20);;NAFTA;2020;GRIS;0;-;-;;Vendido;Vendido;19/8/2020;19/8/2020;$ 1.420.434;$ 5.000;;;;$ 1.425.434;$ 5.000;$ 5.000;;;;;;;;
321;AC116RF;RENAULT;DUSTER OROCH DYNAMIQUE 1.6;;NAFTA;2017;BLANCO GLACIAR;41.000;-;-;;Vendido;Vendido;20/7/2020;19/8/2020;$ 600.000;$ 5.000;;;;$ 605.000;$ 5.000;$ 5.000;;;;;;;;
322;AE262XP;NISSAN;KICKS 1.6 SENSE MT (MY20);;NAFTA;2020;METALIC RED;0;-;-;;Vendido;Vendido;19/8/2020;19/8/2020;$ 1.420.434;$ 5.000;;;;$ 1.425.434;$ 5.000;$ 5.000;;;;;;;;
323;AA915PZ;NISSAN;MARCH ADVANCE PURE DRIVE F2;;NAFTA;2017;GRIS OSCURO;21.000;-;-;;Vendido;Vendido;10/8/2020;21/8/2020;$ 483.600;$ 5.000;;;;$ 488.600;$ 5.000;$ 5.000;;;;;;;;
324;AB666XE;CHEVROLET;TRACKER 1.8 AWD 4X4 LTZ +;;NAFTA;2017;BLANCO;45.000;-;-;;Vendido;Vendido;20/7/2020;27/11/2020;$ 811.200;$ 5.000;$ 21.400;;;$ 837.600;$ 26.400;$ 26.400;;;;;;;;
325;H2020;TOYOTA;HILUX SRX DC 4X4 AT;;NAFTA;2020;GRIS PLATA;0;-;-;;Vendido;Vendido;11/9/2020;11/9/2020;$ 3.509.100;;;;;$ 3.509.100;$ 0;$ 0;;;;;;;;
326;AB630HT;CITROEN;C3 AIRCROSS FEEL AT;;NAFTA;2017;BLANCO;43.400;-;-;;Vendido;Vendido;10/8/2020;16/9/2020;$ 677.040;$ 5.000;;;;$ 682.040;$ 5.000;$ 5.000;;;;;;;;
327;JCG476;VW;NEW BEETLE ADVANCE;;NAFTA;2010;NEGRO;80.000;-;-;;Vendido;Vendido;20/5/2020;18/9/2020;$ 350.000;$ 5.000;$ 21.900;;;$ 376.900;$ 26.900;$ 26.900;;;;;;;;
328;AD070FE;TOYOTA;ETIOS 1.5 4 PTAS XLS 6MT L/18;;NAFTA;2018;BLANCO;37.900;-;-;;Vendido;Vendido;20/7/2020;18/9/2020;$ 634.400;$ 5.000;$ 2.500;;;$ 641.900;$ 7.500;$ 7.500;;;;;;;;
329;P2020;CHEVROLET;PRISMA LS JOY;;NAFTA;2020;GRIS PLATA;0;-;-;;Vendido;Vendido;23/9/2020;23/9/2020;$ 780.000;;;;;$ 780.000;$ 0;$ 0;;;;;;;;
330;IGN611;RENAULT;STEPWAY CONFORT 1.6 16V;;NAFTA;2009;ROJO FUEGO;88.000;-;-;;Vendido;Vendido;24/6/2020;28/9/2020;$ 280.000;;$ 3.380;;;$ 283.380;$ 3.380;$ 3.380;;;;;;;;
331;AB295HA;RENAULT;NUEVO SANDERO RS;;NAFTA;2017;ROJO VIVO;21.000;-;-;;Vendido;Vendido;10/8/2020;29/9/2020;$ 618.800;$ 5.000;$ 23.000;;;$ 646.800;$ 28.000;$ 28.000;;;;;;;;
332;NJR683;PEUGEOT;408 ALLURE 2,0;;NAFTA;2014;BLANCO;87.000;-;-;;Vendido;Vendido;10/8/2020;29/9/2020;$ 539.760;$ 5.250;$ 16.030;;;$ 561.040;$ 21.280;$ 21.280;;;;;;;;
333;IJP551;CHEVROLET;MERIVA 1.8 GL PLUS;;GNC;2010;GRIS;200.000;-;-;;Vendido;Vendido;23/7/2020;29/9/2020;$ 255.000;;$ 15.000;;;$ 270.000;$ 15.000;$ 15.000;;;;;;;;
334;MEE078;CITROEN;C3 1.6 AIRCROSS SX PACK HIGH;;NAFTA;2013;NEGRO;105.000;-;-;;Vendido;Vendido;21/8/2020;29/9/2020;$ 450.000;;$ 590;;;$ 450.590;$ 590;$ 590;;;;;;;;
335;AD648PH;RENAULT;NUEVO LOGAN AUTHENTIQUE 1.6;;NAFTA;2019;BLANCO;0;-;-;;Vendido;Vendido;20/7/2020;23/9/2020;$ 630.000;$ 5.000;-$ 2.000;;;$ 633.000;$ 3.000;$ 3.000;;;;;;;;
336;AA832ZX;CHEVROLET;SPIN 1.8 N 7P LTZ M/T;;NAFTA;2016;GRIS PLOMO;63.200;-;-;;Vendido;Vendido;20/7/2020;30/9/2020;$ 612.000;$ 5.000;$ 8.500;;;$ 625.500;$ 13.500;$ 13.500;;;;;;;;
337;C2020;TOYOTA;COROLLA XEI CVT;;NAFTA;2020;GRIS;0;-;-;;Vendido;Vendido;16/10/2020;16/10/2020;$ 2.024.092;;;;;$ 2.024.092;$ 0;$ 0;;;;;;;;
338;AD768FH;RENAULT;DUSTER OROCH 2.0 DYNAMIQUE 4X2;;NAFTA;2019;GRIS ETOILE;0;-;-;;Vendido;Vendido;20/5/2020;15/10/2020;$ 910.000;$ 5.000;$ 39.500;;;$ 954.500;$ 44.500;$ 44.500;;;;;;;;
339;AD768FD;RENAULT;DUSTER 2.0 PRIVILEGE 4X4;;NAFTA;2019;BROWN;0;-;-;;Vendido;Vendido;14/10/2020;14/10/2020;$ 1.415.000;$ 5.000;$ 15.450;;;$ 1.435.450;$ 20.450;$ 20.450;;;;;;;;
340;AD789BU;RENAULT;DUSTER OROCH 2.0 DYNAMIQUE 4X4;;NAFTA;2019;VERDE ESMERALDA;0;-;-;;Vendido;Vendido;7/10/2020;7/10/2020;$ 1.260.000;$ 5.000;;;;$ 1.265.000;$ 5.000;$ 5.000;;;;;;;;
341;AC572SZ;CHEVROLET;PRISMA LT;;NAFTA;2018;BLANCO;34.300;-;-;;Vendido;Vendido;20/7/2020;9/10/2020;$ 524.000;$ 5.000;;;;$ 529.000;$ 5.000;$ 5.000;;;;;;;;
342;AA703EX;RENAULT;DUSTER OROCH 1.6 OUTSIDER;;NAFTA;2016;GRIS ETOILE;80.000;-;-;;Vendido;Vendido;20/6/2020;10/10/2020;$ 609.000;;;;;$ 609.000;$ 0;$ 0;;;;;;;;
343;AA874UO;RENAULT;CAPTUR ZEN 2.0;;NAFTA;2017;BLANCO GLACIAR;70.000;-;-;;Vendido;Vendido;20/8/2020;10/10/2020;$ 754.770;$ 5.000;;;;$ 759.770;$ 5.000;$ 5.000;;;;;;;;
344;AE318OE;NISSAN;SENTRA 1.8 ADVANCE PURE DRIVE MT;;NAFTA;2020;GRIS;0;-;-;;Vendido;Vendido;17/10/2020;17/10/2020;$ 1.500.000;$ 5.000;;;;$ 1.505.000;$ 5.000;$ 5.000;;;;;;;;
345;KPF737;VW;GOL TREND 1.6 PK1 PL 5 PTAS;;NAFTA;2011;NEGRO;80.000;-;-;;Vendido;Vendido;20/8/2020;17/10/2020;$ 250.120;$ 5.000;$ 28.000;;;$ 283.120;$ 33.000;$ 33.000;;;;;;;;
346;KI2020;NISSAN;KICKS ADVANCE MT;;NAFTA;2020;ROJA;0;-;-;;Vendido;Vendido;20/10/2020;20/10/2020;$ 1.722.000;$ 5.000;;;;$ 1.727.000;$ 5.000;$ 5.000;;;;;;;;
347;AD807VR;RENAULT;DUSTER OROCH 2.0 DYNAMIQUE 4X4;;NAFTA;2019;BLANCO GLACIAR;0;-;-;;Vendido;Vendido;24/10/2020;24/10/2020;$ 1.400.000;$ 5.000;;;;$ 1.405.000;$ 5.000;$ 5.000;;;;;;;;
348;AB718UD;NISSAN;KICKS 1.6 ADVANCE CVT;;NAFTA;2017;GRIS ACERO;44.000;-;-;;Vendido;Vendido;10/9/2020;26/10/2020;$ 939.807;$ 5.000;;;;$ 944.807;$ 5.000;$ 5.000;;;;;;;;
349;PEB819;RENAULT;CLIO MIO 5 PTAS DYNAMIQUE SAT;;NAFTA;2015;NEGRO NACRE;37.200;-;-;;Vendido;Vendido;10/10/2020;27/10/2020;$ 327.600;$ 5.000;$ 5.000;;;$ 337.600;$ 10.000;$ 10.000;;;;;;;;
350;MHA008;VW;GOL 1.4L 5P POWER;;NAFTA;2013;NEGRO;70.000;-;-;;Vendido;Vendido;8/7/2020;29/10/2020;$ 229.400;;$ 13.500;;;$ 242.900;$ 13.500;$ 13.500;;;;;;;;
351;KA2020;RENAULT;KANGOO CONFORT 1,6 SCE 5 A;;NAFTA;2020;GRIS CUARZO;0;-;-;;Vendido;Vendido;30/10/2020;30/10/2020;$ 1.310.000;$ 5.000;;;;$ 1.315.000;$ 5.000;$ 5.000;;;;;;;;
352;LWE794;RENAULT;DUSYTER 1.6 4X2 CONFORT;;GNC;2012;AZUL CREPUSCULO;150.000;-;-;;Vendido;Vendido;29/8/2020;30/10/2020;$ 440.000;;$ 28.000;;;$ 468.000;$ 28.000;$ 28.000;;;;;;;;
353;AA842MA;NISSAN;MARCH ADVANCE PURE DRIVE;;NAFTA;2017;GRIS CLARO;41.000;-;-;;Vendido;Vendido;20/9/2020;4/11/2020;$ 592.800;$ 5.000;;;;$ 597.800;$ 5.000;$ 5.000;;;;;;;;
354;FYT649;HONDA;FIT LX AUTOMATICO;;NAFTA;2006;GRIS;200.000;-;-;;Vendido;Vendido;16/9/2020;4/11/2020;$ 249.500;;;;;$ 249.500;$ 0;$ 0;;;;;;;;
355;JSL466;VW;VOYAGE 1.6 COMFORTLINE;;NAFTA;2011;GRIS;151.000;-;-;;Vendido;Vendido;30/9/2020;4/11/2020;$ 309.000;;$ 1.800;;;$ 310.800;$ 1.800;$ 1.800;;;;;;;;
356;AA861SA;RENAULT; STEPWAY PRIVILEGE;;NAFTA;2017;GRIS ETOILE;19.400;-;-;;Vendido;Vendido;5/11/2020;10/11/2020;$ 632.320;$ 5.000;$ 1.500;;;$ 638.820;$ 6.500;$ 6.500;;;;;;;;
357;AA986YH;NISSAN;FRONTIER CD X-GEAR 2.3 D 4X4;;DIESEL;2020;GRIS;0;-;-;;Vendido;Vendido;12/11/2020;12/11/2020;$ 2.608.036;$ 5.000;;;;$ 2.613.036;$ 5.000;$ 5.000;;;;;;;;
358;AE478VY;TOYOTA;HILUX SRX 4X4 DC AT 2.8;;DIESEL;2017;NEGRO;95.000;-;-;;Vendido;Vendido;11/9/2020;12/11/2020;$ 2.500.000;;$ 83.200;;;$ 2.583.200;$ 83.200;$ 83.200;;;;;;;;
359;AC585GI;FIAT;CRONOS 1.3 DRIVE MT;;NAFTA;2018;VERDE OSCURO;17.900;-;-;;Vendido;Vendido;5/10/2020;17/11/2020;$ 572.000;$ 5.000;;;;$ 577.000;$ 5.000;$ 5.000;;;;;;;;
360;AE425BL;RENAULT;KWID 1.0 ZEN;;NAFTA;2020;VAINILLA;0;-;-;;Vendido;Vendido;22/11/2020;22/11/2020;$ 839.500;$ 5.000;;;;$ 844.500;$ 5.000;$ 5.000;;;;;;;;
361;PAL765;FORD;ECOSPORT 1.6 FREESTYLE;;NAFTA;2015;BEIGE;76.900;-;-;;Vendido;Vendido;10/8/2020;22/11/2020;$ 595.920;$ 5.000;;;;$ 600.920;$ 5.000;$ 5.000;;;;;;;;
362;AE454OQ;NISSAN;FRONTIER CD  S 4 X 4  MT;;DIESEL;2020;BLANCO;0;-;-;;Vendido;Vendido;27/11/2020;27/11/2020;$ 2.400.000;$ 5.000;;;;$ 2.405.000;$ 5.000;$ 5.000;;;;;;;;
363;MXS239;TOYOTA;HILUX SRV 3.0 TDI 4X4 AT;;DIESEL;2013;BLANCO;133.000;-;-;;Vendido;Vendido;20/8/2020;27/11/2020;$ 1.265.000;$ 5.000;$ 34.177;;;$ 1.304.177;$ 39.177;$ 39.177;;;;;;;;
364;AD181VF;NISSAN;KICKS ADVANCE CVT;;NAFTA;2018;GRIS PLATA;14.620;-;-;;Vendido;Vendido;28/11/2020;28/11/2020;$ 1.502.800;$ 5.000;;;;$ 1.507.800;$ 5.000;$ 5.000;;;;;;;;
365;NDU052;AUDI;A5 SPORTBACK 2.0 T FSI LUXURY GPS;;NAFTA;2013;BLANCO;108.500;-;-;;Vendido;Vendido;10/10/2020;10/10/2020;$ 1.300.000;;$ 38.704;;;$ 1.338.704;$ 38.704;$ 38.704;;;;;;;;
366;AE520FM;NISSAN;FRONTIER CD LE 2.3 D 4X4 AT;;DIESEL;2020;AZUL;0;-;-;;Vendido;Vendido;10/12/2020;10/12/2020;$ 3.373.488;$ 5.000;;;;$ 3.378.488;$ 5.000;$ 5.000;;;;;;;;
367;AB224OF.;VW;FOX;1.6 CONFORTLINE 5 PTAS;NAFTA;2017;AZUL;31.000;-;-;;Vendido;Vendido;19/8/2020;28/12/2020;$ 579.000;;;;;$ 579.000;$ 0;$ 0;;;;;;;;
368;WTV026;CITROEN;MEHARI;;NAFTA;1975;BLANCO;;-;-;;Vendido;Vendido;8/8/2020;30/11/2020;$ 275.000;;;;$ 947;$ 275.947;$ 947;$ 947;;;;;;;;
369;AA598JU;CHEVROLET;CLASSIC LS;;NAFTA;2016;BLANCO;60.000;-;-;;Vendido;Vendido;5/9/2020;30/11/2020;$ 335.000;;$ 12.500;;;$ 347.500;$ 12.500;$ 12.500;;;;;;;;
370;AA046OZ;RENAULT;OROCH 1.6 DYNAMIQUE;;NAFTA;2016;NEGRO;59.000;-;-;;Vendido;Vendido;;12/12/2020;;$ 5.000;$ 30.500;;;$ 35.500;$ 35.500;$ 35.500;;;;;;;;
371;XR150;HONDA;XR 150;;NAFTA;2019;;0;-;-;;Vendido;Vendido;;8/1/2021;$ 92.190;$ 1.500;;;;$ 93.690;$ 1.500;$ 1.500;;;;;;;;
372;MUT241;FIAT;UNO WAY;;NAFTA;2013;ROJO;100.000;-;-;;Vendido;Vendido;17/11/2020;30/12/2020;$ 400.000;;$ 3.500;;;$ 403.500;$ 3.500;$ 3.500;;;;;;;;
373;AD151BU;RENAULT;CAPTUR ZEN 2.0;;NAFTA;2018;GRIS ACERO;;-;-;;Vendido;Vendido;10/10/2020;16/12/2020;$ 977.600;$ 5.000;;;;$ 982.600;$ 5.000;$ 5.000;;;;;;;;
374;AE407EX;RENAULT;CAPTUR 1.6 INTENS CVT;;NAFTA;2020;GRIES + NEGRO;0;-;-;;Vendido;Vendido;5/1/2021;5/1/2021;$ 2.155.000;$ 5.000;;;;$ 2.160.000;$ 5.000;$ 5.000;;;;;;;;
375;AD362AA;RENAULT;DUSTER PH2 DYNAMIQUE 1.6;;NAFTA;2018;BLANCO GLACIAR;;-;-;;Vendido;Vendido;1/1/2021;7/1/2021;$ 914.960;$ 5.000;;;;$ 919.960;$ 5.000;$ 5.000;;;;;;;;
376;AB704OQ;PEUGEOT;2008 SPORT 1.6 THP;;NAFTA;2017;BLANCO;37.000;-;-;;Vendido;Vendido;10/11/2020;13/1/2021;$ 881.920;$ 5.000;$ 11.100;;;$ 898.020;$ 16.100;$ 16.100;;;;;;;;
377;OGK654;FIAT;PALIO SPORTING 1.6 16V;;NAFTA;2016;BLANCO;100.000;-;-;;Vendido;Vendido;29/6/2020;14/1/2021;$ 410.000;;$ 6.500;;;$ 416.500;$ 6.500;$ 6.500;;;;;;;;
378;AB457QY;NISSAN;MARCH ADVANCE PURE DRIVE;;NAFTA;2017;AZUL;30.000;-;-;;Vendido;Vendido;10/10/2020;14/1/2021;$ 624.000;$ 5.000;;;;$ 629.000;$ 5.000;$ 5.000;;;;;;;;
379;AB549NO;RENAULT;DUSTER 2.0 PRIVILEGE;;NAFTA;2017;BLANCO GLACIAR;31.600;-;-;;Vendido;Vendido;1/1/2021;14/1/2021;$ 832.000;$ 5.000;;;;$ 837.000;$ 5.000;$ 5.000;;;;;;;;
380;AA327IP;RENAULT;NUEVO SANDERO 1.6 8V DYNAMIQUE;;NAFTA;2016;BLANCO GLACIAR;46.000;-;-;;Vendido;Vendido;10/10/2020;14/1/2021;$ 453.535;$ 5.000;$ 15.000;;;$ 473.535;$ 20.000;$ 20.000;;;;;;;;
381;MUZ877;NISSAN;X-TRAIL 2.5 4X4 ACENTA;;NAFTA;2013;BLANCO;122.800;-;-;;Vendido;Vendido;10/8/2020;14/1/2021;$ 728.000;$ 5.000;$ 25.000;;;$ 758.000;$ 30.000;$ 30.000;;;;;;;;
382;PGV527;FORD;ECOSPORT FREESTYLE 1.6L MT;;NAFTA;2015;BLANCO;85.000;-;-;;Vendido;Vendido;19/8/2020;15/1/2021;$ 679.000;;;;;$ 679.000;$ 0;$ 0;;;;;;;;
383;AE425BM;RENAULT;KWID 1.0 INTENS;;NAFTA;2020;VAINILLA;0;-;-;;Vendido;Vendido;15/12/2020;15/12/2020;$ 965.850;$ 5.000;;;;$ 970.850;$ 5.000;$ 5.000;;;;;;;;
384;K2021;NISSAN;KICKS EXCLUSIVE CVT;;NAFTA;2021;ROJA;0;-;-;;Vendido;Vendido;14/12/2020;14/12/2020;$ 1.977.489;$ 5.000;;;;$ 1.982.489;$ 5.000;$ 5.000;;;;;;;;
385;LLH507;CITROEN;C3 1.6 AIRCROSS EXCLUSIVE;;NAFTA;2012;NEGRO;100.000;-;-;;Vendido;Vendido;;12/12/2020;$ 424.000;;$ 12.000;;;$ 436.000;$ 12.000;$ 12.000;;;;;;;;
386;PAV848;CHEVROLET;TRACKER 1.8 AWD 4X4 LTZ +;;NAFTA;2015;GRIS;85.000;-;-;;Vendido;Vendido;29/8/2020;10/12/2020;$ 860.000;;;;;$ 860.000;$ 0;$ 0;;;;;;;;
387;AA204MA;RENAULT;LOGAN 1.6 8V AUTHENTIQUE;;NAFTA;2016;BLANCO GLACIAR;97.200;-;-;;Vendido;Vendido;10/10/2020;10/12/2020;$ 283.920;$ 5.000;$ 32.460;;;$ 321.380;$ 37.460;$ 37.460;;;;;;;;
388;KSB969;RENAULT;CLIO 3P AUTHENTIQUE 1.2 PACK II;;NAFTA;2012;GRIS ETOILE;82.000;-;-;;Vendido;Vendido;27/11/2020;10/12/2020;$ 323.500;;;;$ 1.125;$ 324.625;$ 1.125;$ 1.125;;;;;;;;
389;AA059TN;FIAT; FIAT ATTRACTIVE 5P 1.4 8V;;NAFTA;2016;GRIS PLATA;21.100;-;-;;Vendido;Vendido;10/10/2021;1/12/2020;$ 381.680;$ 5.000;$ 18.000;;;$ 404.680;$ 23.000;$ 23.000;;;;;;;;
390;AC107GA;RENAULT;NUEVO SANDERO  1.6 8V DYNAMIQUE;;NAFTA;2017;ROJO VIVO;31.000;-;-;;Vendido;Vendido;10/10/2020;15/1/2021;$ 540.000;$ 5.000;;;;$ 545.000;$ 5.000;$ 5.000;;;;;;;;
391;PGJ074;RENAULT;CLIO 5PTAS CONFORT PACK SAT;;NAFTA;2015;GRIS ETOILE;15.500;-;-;;Vendido;Vendido;10/9/2020;15/1/2021;$ 337.000;$ 5.000;;;;$ 342.000;$ 5.000;$ 5.000;;;;;;;;
392;PDN927;FORD;RANGER 2.2 TDI SC 4X2 XL SAFETY;;NAFTA;2015;ROJO;101.000;-;-;;Vendido;Vendido;10/12/2020;22/2/2021;$ 1.041.040;$ 5.000;$ 8.000;;;$ 1.054.040;$ 13.000;$ 13.000;;;;;;;;
393;AC758ZQ;NISSAN;VERSA 1.6 EXCLUSIVE PURE DRIVE AUT;;NAFTA;2018;GRIS PLATA;28.000;-;-;;Vendido;Vendido;20/1/2021;23/3/2021;$ 863.200;$ 5.000;;;;$ 868.200;$ 5.000;$ 5.000;;;;;;;;
394;AE377ZC;RENAULT;NUEVO SANDERO 1.6 8V DYNAMIQUE;;NAFTA;2020;GRIS ETOILE;0;-;-;;Vendido;Vendido;20/2/2021;20/2/2021;$ 940.000;$ 5.000;$ 10.000;;;$ 955.000;$ 15.000;$ 15.000;;;;;;;;
395;AC938RV;NISSAN;SENTRA 1.8 ADVANCE MT;;NAFTA;2018;GRIS PLATA;43.500;-;-;;Vendido;Vendido;10/1/2021;26/2/2021;$ 794.560;$ 5.000;$ 12.000;;;$ 811.560;$ 17.000;$ 17.000;;;;;;;;
396;AA538GN;NISSAN;FRONTIER LE 4X2;;NAFTA;2016;GRIS PLATA;23.300;-;-;;Vendido;Vendido;10/2/2021;22/2/2021;$ 1.877.720;$ 5.000;$ 3.000;;;$ 1.885.720;$ 8.000;$ 8.000;;;;;;;;
397;PEB617;VW;UP BLACK  1,0 MPI;;NAFTA;2015;NEGRO;31.000;-;-;;Vendido;Vendido;10/1/2021;17/2/2021;$ 447.200;$ 5.000;;;;$ 452.200;$ 5.000;$ 5.000;;;;;;;;
398;AB370NS;VW;GOL TREND COMFORTLINE 1.6;;NAFTA;2017;BLANCO;80.000;-;-;;Vendido;Vendido;26/11/2020;13/2/2021;$ 749.000;;;;;$ 749.000;$ 0;$ 0;;;;;;;;
399;AC085VE;TOYOTA; ETIOS XS 1.5 6M/T;;NAFTA;2017;GRIS PLATA;55.100;-;-;;Vendido;Vendido;10/11/2020;11/2/2021;$ 655.200;$ 5.000;;;;$ 660.200;$ 5.000;$ 5.000;;;;;;;;
400;AE634DH;NISSAN;KICKS 1.6 ADVANCE CVT;;NAFTA;2021;GRIS PLOMO;0;-;-;;Vendido;Vendido;11/2/2021;11/2/2021;$ 1.977.489;$ 5.000;;;;$ 1.982.489;$ 5.000;$ 5.000;;;;;;;;
401;AE715UA;CHEVROLET;PRISMA LS JOY+;;NAFTA;2021;GRIS CLARO;0;-;-;;Vendido;Vendido;30/9/2020;2/2/2021;$ 770.000;;;;$ 23.000;$ 793.000;$ 23.000;$ 23.000;;;;;;;;
402;JBM201;CITROEN;BERLINGO MULTISPACE 1.6 SX;;NAFTA;2010;GRIS OSCURO;120.000;-;-;;Vendido;Vendido;12/12/2020;2/2/2021;$ 600.000;;$ 17.200;;;$ 617.200;$ 17.200;$ 17.200;;;;;;;;
403;PEX849;HONDA;HR-V 1.8 LX CVT ;;NAFTA;2015;GRIS CLARO;62.600;-;-;;Vendido;Vendido;10/1/2021;2/2/2021;$ 1.571.300;$ 5.000;;;;$ 1.576.300;$ 5.000;$ 5.000;;;;;;;;
404;AD518NG;RENAULT;NUEVO SANDERO STEPWAY 1.6 SL VOLCOM;;NAFTA;2019;BLANCO GLACIAR;11.000;-;-;;Vendido;Vendido;10/1/2021;2/2/2021;$ 983.840;$ 5.000;;;;$ 988.840;$ 5.000;$ 5.000;;;;;;;;
405;JZU259;NISSAN;TIIDA VISIA;;NAFTA;2011;GRIS PLATA;69.000;-;-;;Vendido;Vendido;26/10/2020;20/2/2021;$ 350.000;;;;;$ 350.000;$ 0;$ 0;;;;;;;;
406;AC358KN;HYUNDAI;TUCSON 2.0 4X4 ;;NAFTA;2018;GRIS PLATA;30.000;-;-;;Vendido;Vendido;26/2/2021;26/2/2021;$ 2.600.000;$ 5.000;;;;$ 2.605.000;$ 5.000;$ 5.000;;;;;;;;
407;AB624YX;RENAULT;DUSTER OROCH DYNAMIQUE 1.6 16V;;NAFTA;2017;VERDE ESMERALDA;60.000;-;-;;Vendido;Vendido;1/8/2020;26/2/2021;$ 786.760;$ 5.000;;;;$ 791.760;$ 5.000;$ 5.000;;;;;;;;
408;AD065LJ;RENAULT;DUSTER OROCH OUTSIDER 1.6 16V;;NAFTA;2018;BLANCO GLACIAR;19.800;-;-;;Vendido;Vendido;15/1/2021;1/3/2021;$ 1.144.000;$ 5.000;;;;$ 1.149.000;$ 5.000;$ 5.000;;;;;;;;
409;AD437DE;PEUGEOT;308 1.6 ALLURE PACK;;NAFTA;2019;GRIS PLATA;6.300;-;-;;Vendido;Vendido;15/1/2021;5/3/2021;$ 1.323.413;$ 5.000;;;;$ 1.328.413;$ 5.000;$ 5.000;;;;;;;;
410;AE709RH;TOYOTA;SW4 4X4 SRX.2.8 TDI 6 AT 7 A;;NAFTA;2021;BLANCO PERLA;0;-;-;;Vendido;Vendido;20/12/2020;6/3/2021;$ 4.990.400;$ 1.000;;$ 139.000;;$ 5.130.400;$ 140.000;$ 140.000;;;;;;;;
411;NAS287;PEUGEOT;207 1.4 COMPACT ACTIVE 5P;;NAFTA;2013;GRIS PLATA;59.000;-;-;;Vendido;Vendido;13/1/2021;11/3/2021;$ 490.000;;;;;$ 490.000;$ 0;$ 0;;;;;;;;
412;AC202MU;RENAULT;DUSTER OROCH DYNAMIQUE 2.0 16V;;NAFTA;2018;BLANCO GLACIAR;41.400;-;-;;Vendido;Vendido;15/10/2020;12/3/2021;$ 890.000;$ 5.000;$ 3.784;;;$ 898.784;$ 8.784;$ 8.784;;;;;;;;
413;AC131QB;NISSAN;FRONTIER 2.3 SE 4X2;;DIESEL;2018;GRIS PLATA;50.800;-;-;;Vendido;Vendido;15/12/2020;12/3/2021;$ 1.227.112;$ 5.000;;;;$ 1.232.112;$ 5.000;$ 5.000;;;;;;;;
414;AC465OA;FORD;FOCUS 1.6 S 5 PTAS;;NAFTA;2018;AZUL;28.000;-;-;;Vendido;Vendido;15/1/2021;12/3/2021;$ 1.100.000;$ 5.000;;;;$ 1.105.000;$ 5.000;$ 5.000;;;;;;;;
415;AD119FE;RENAULT;CAPTUR INTENS 2.0;;NAFTA;2018;MARFIL + NEGRO;0;-;-;;Vendido;Vendido;12/3/2021;12/3/2021;$ 1.512.000;$ 5.000;;;;$ 1.517.000;$ 5.000;$ 5.000;;;;;;;;
416;OFM921;PEUGEOT;308 THP SPORT TIPTRONIC ;;NAFTA;2014;BLANCO;35.600;-;-;;Vendido;Vendido;21/1/2021;12/3/2021;$ 920.000;;$ 72.900;;;$ 992.900;$ 72.900;$ 72.900;;;;;;;;
417;AB833DR;FIAT; STRADA ADVENTURE 1.6;;NAFTA;2017;BLANCO;38.000;-;-;;Vendido;Vendido;15/1/2021;17/3/2021;$ 970.000;$ 5.000;;;;$ 975.000;$ 5.000;$ 5.000;;;;;;;;
418;LTE863;CHEVROLET;CRUZE 1.8 LT;;NAFTA;2012;NEGRO;190.000;-;-;;Vendido;Vendido;13/3/2021;20/3/2021;$ 693.000;;;;;$ 693.000;$ 0;$ 0;;;;;;;;
419;AA035KB.;CHEVROLET;TRACKER LTZ +  AT 4 WD;;GNC;2016;BLANCO;65.000;-;-;;Vendido;Vendido;21/1/2021;20/3/2021;$ 1.100.000;;$ 4.300;;;$ 1.104.300;$ 4.300;$ 4.300;;;;;;;;
420;KMQ467;RENAULT;STEPWAY DYNAMIQUE 1.6 16V;;NAFTA;2011;AZUL;84.000;-;-;;Vendido;Vendido;2/2/2021;20/3/2021;$ 579.000;;;;;$ 579.000;$ 0;$ 0;;;;;;;;
421;AC950WY;TOYOTA;COROLLA  XEI 1.8 CVT;;NAFTA;2018;GRIS PLATA;39.000;-;-;;Vendido;Vendido;15/11/2020;1/3/2021;$ 1.365.520;$ 5.000;$ 86.892;;;$ 1.457.412;$ 91.892;$ 91.892;;;;;;;;
422;AB897XA;FORD; FIESTA S PLUS;;NAFTA;2017;AZUL;69.000;-;-;;Vendido;Vendido;15/10/2020;23/3/2021;$ 544.000;$ 5.000;$ 8.000;;;$ 557.000;$ 13.000;$ 13.000;;;;;;;;
423;AD576HX;RENAULT;KANGOO II EXPRESS PROFESIONAL 1.6 SCE;;NAFTA;2019;GRIS PLATA;11.000;-;-;;Vendido;Vendido;15/3/2021;27/3/2021;$ 1.144.000;$ 5.000;;;;$ 1.149.000;$ 5.000;$ 5.000;;;;;;;;
424;AE075HZ;RENAULT;CAPTUR INTENS 2.0;;NAFTA;2020;GRIS + NEGRO;4.400;-;-;;Vendido;Vendido;21/1/2021;21/1/2021;$ 1.706.120;$ 5.000;;;;$ 1.711.120;$ 5.000;$ 5.000;;;;;;;;
425;AC059QK;HONDA;CIVIC EXL AUT;;NAFTA;2017;BLANCO;23.700;-;-;;Vendido;Vendido;21/1/2021;21/1/2021;$ 1.924.000;$ 5.000;$ 35.000;;;$ 1.964.000;$ 40.000;$ 40.000;;;;;;;;
426;AE227OY;FORD;ECOSPORT 1.5 SE AUT;;NAFTA;2020;GRIS;1.700;-;-;;Vendido;Vendido;15/1/2021;29/3/2021;$ 1.456.047;$ 5.000;;;;$ 1.461.047;$ 5.000;$ 5.000;;;;;;;;
427;AB047NI;VW;SAVEIRO CAB DOBLE PACK HIGH;;NAFTA;2017;GRIS;54.000;-;-;;Vendido;Vendido;15/2/2021;29/3/2021;$ 1.040.000;$ 5.000;;;;$ 1.045.000;$ 5.000;$ 5.000;;;;;;;;
428;TSR2021;TOYOTA;HILUX SR 4X4 MANUAL;;DIESEL;2021;GRIS;0;-;-;;Vendido;Vendido;15/1/2021;29/3/2021;$ 3.493.800;;;;;$ 3.493.800;$ 0;$ 0;;;;;;;;
429;AC803ML;TOYOTA;RAV 4 2.0 4X2 VX CVT;;NAFTA;2018;GRIS OSCURO;43.000;-;-;;Vendido;Vendido;15/9/2020;29/3/2021;$ 2.395.708;$ 5.000;;;;$ 2.400.708;$ 5.000;$ 5.000;;;;;;;;
430;AD800KB;NISSAN;NOTE SENSE CVT;;NAFTA;2019;GRIS CLARO;14.800;-;-;;Vendido;Vendido;15/2/2021;30/3/2021;$ 978.000;$ 5.000;;;;$ 983.000;$ 5.000;$ 5.000;;;;;;;;
431;AC178CF;RENAULT;KWID ZEN 1.0;;NAFTA;2018;ROJO FUEGO;24.800;-;-;;Vendido;Vendido;15/2/2021;3/4/2021;$ 800.000;$ 5.000;;;;$ 805.000;$ 5.000;$ 5.000;;;;;;;;
432;AD252LC;RENAULT;KWID INTENS 1.0;;NAFTA;2018;BLANCO GLACIAR;13.400;-;-;;Vendido;Vendido;;5/4/2021;$ 969.000;$ 8.000;;;;$ 977.000;$ 8.000;$ 8.000;;;;;;;;
433;PFH403;RENAULT;NUEVO SANDERO 1.6 DYNAMIQUE;;NAFTA;2015;NEGRO NACRE;19.000;-;-;;Vendido;Vendido;15/3/2021;12/4/2021;$ 673.920;$ 5.000;$ 14.000;;;$ 692.920;$ 19.000;$ 19.000;;;;;;;;
434;AC765KU;PEUGEOT;208 1.6 ALLURE AM18;;NAFTA;2018;GRIS CLARO;26.400;-;-;;Vendido;Vendido;;16/4/2021;$ 1.092.000;$ 5.000;$ 9.500;;;$ 1.106.500;$ 14.500;$ 14.500;;;;;;;;
435;AE360CJ;PEUGEOT;208 1.6 LIKE PACK;;NAFTA;2020;GRIS CLARO;0;-;-;;Vendido;Vendido;16/4/2021;16/4/2021;$ 1.697.921;$ 5.000;;;;$ 1.702.921;$ 5.000;$ 5.000;;;;;;;;
436;JER143;NISSAN;TIIDA VISIA;;NAFTA;2010;GRIS CLARO;120.000;-;-;;Vendido;Vendido;11/2/2021;28/2/2021;$ 400.000;;;;;$ 400.000;$ 0;$ 0;;;;;;;;
437;ELITE;HONDA;ELITE 125;;NAFTA;2020;ROJO;0;-;-;;Vendido;Vendido;;30/3/2021;$ 157.359;;;;;$ 157.359;$ 0;$ 0;;;;;;;;
438;AE663ON;RENAULT;SANDERO RS;;NAFTA;2021;NEGRO;0;-;-;;Vendido;Vendido;12/11/2020;16/1/2021;$ 1.263.700;$ 5.000;;;;$ 1.268.700;$ 5.000;$ 5.000;;;;;;;;
439;LKG014;CITROEN;C3 1.4 L SX;;NAFTA;2012;BEIGE;82.000;-;-;;Vendido;Vendido;20/10/2020;18/1/2021;$ 424.000;;$ 12.000;;;$ 436.000;$ 12.000;$ 12.000;;;;;;;;
440;AE505FH;RENAULT;SANDERO PH2 STEPWAY INTENS 1.6;;NAFTA;2020;ROJO FUEGO;0;-;-;;Vendido;Vendido;20/10/2020;20/10/2020;$ 1.301.430;$ 5.000;;;;$ 1.306.430;$ 5.000;$ 5.000;;;;;;;;
441;AC627QT;TOYOTA;HILUX 4X4 DC LIMITED 2.8 TDI AT;;DIESEL;2018;ROJO;163.400;-;-;;Vendido;Vendido;20/11/2020;21/1/2021;$ 2.225.600;$ 10.000;$ 7.800;;;$ 2.243.400;$ 17.800;$ 17.800;;;;;;;;
442;AE251OC;FIAT;STRADA WORKING 1.4;;NAFTA;2020;BLANCO;3.000;-;-;;Vendido;Vendido;12/11/2020;23/1/2021;$ 825.000;;;;;$ 825.000;$ 0;$ 0;;;;;;;;
443;OCD832;TOYOTA;HILUX SRV 3.0 TDI 4X4;;DIESEL;2014;GRIS PLATA;170.000;-;-;;Vendido;Vendido;12/11/2020;23/1/2021;$ 1.989.000;;;;;$ 1.989.000;$ 0;$ 0;;;;;;;;
444;AA318SH;VW;SURAN 1.6 HIGHLINE;;NAFTA;2016;BEIGE;110.000;-;-;;Vendido;Vendido;23/1/2021;19/4/2021;$ 900.000;;;;;$ 900.000;$ 0;$ 0;;;;;;;;
445;AA524SH;TOYOTA; COROLLA XEI 1.8 MT;;NAFTA;2016;BLANCO;46.700;-;-;;Vendido;Vendido;15/1/2021;20/4/2021;$ 1.200.458;$ 5.000;$ 14.650;;;$ 1.220.108;$ 19.650;$ 19.650;;;;;;;;
446;PDK473;RENAULT;NUEVO LOGAN AUTHENTIQUE PLUS 1.6;;NAFTA;2015;GRIS PLATA;25.000;-;-;;Vendido;Vendido;15/3/2021;22/4/2021;$ 458.000;$ 5.000;;;;$ 463.000;$ 5.000;$ 5.000;;;;;;;;
447;AA915NL;NISSAN;NOTE EXCLUSIVE CVT PURE DRIVE;;NAFTA;2017;GRIS OSCURO;15.000;-;-;;Vendido;Vendido;21/4/2021;21/4/2021;$ 1.080.059;$ 5.000;;;;$ 1.085.059;$ 5.000;$ 5.000;;;;;;;;
448;WAVE20201;HONDA;NEW WAVE;;NAFTA;2020;BLANCO;0;-;-;;Vendido;Vendido;;23/4/2021;$ 91.200;$ 1.500;;;;$ 92.700;$ 1.500;$ 1.500;;;;;;;;
449;WAVE20202;HONDA;NEW WAVE;;NAFTA;2020;BLANCO;0;-;-;;Vendido;Vendido;;23/4/2021;$ 91.200;$ 1.500;;;;$ 92.700;$ 1.500;$ 1.500;;;;;;;;
450;WAVE20203;HONDA;NEW WAVE;;NAFTA;2020;BLANCO;0;-;-;;Vendido;Vendido;;23/4/2021;$ 91.200;$ 1.500;;;;$ 92.700;$ 1.500;$ 1.500;;;;;;;;
451;AD190QZ;RENAULT;KANGOO II EXPRESS CONFORT 1.6 SCE;;NAFTA;2018;GRIS ETOILE;34.000;-;-;;Vendido;Vendido;15/3/2021;26/4/2021;$ 1.106.000;$ 5.000;;;;$ 1.111.000;$ 5.000;$ 5.000;;;;;;;;
452;AC020UA;RENAULT;KANGOO PH2 CONFORT 1.6 5 ASIENTOS 2P;;NAFTA;2017;GRIS ETOILE;48.500;-;-;;Vendido;Vendido;15/1/2021;29/4/2021;$ 623.200;$ 5.000;$ 200;;;$ 628.400;$ 5.200;$ 5.200;;;;;;;;
453;AD013DT;RENAULT;KWID ZEN 1.0;;NAFTA;2018;ORANGE ACRE;17.800;-;-;;Vendido;Vendido;15/4/2021;29/4/2021;$ 819.520;$ 5.000;$ 13.537;;$ 475;$ 838.532;$ 19.012;$ 19.012;;;;;;;;
454;CB190;HONDA;CB 190 REPSOL;;NAFTA;2019;REPSOL;0;-;-;;Vendido;Vendido;;30/4/2021;;$ 1.500;;;;$ 1.500;$ 1.500;$ 1.500;;;;;;;;
455;AA093AM;FORD;KA S 1.5L;;NAFTA;2016;BLANCO;14.000;-;-;;Vendido;Vendido;30/4/2021;30/4/2021;$ 1.059.000;;;;;$ 1.059.000;$ 0;$ 0;;;;;;;;
456;NWY253;JEEP;WRANGLER UNLIMITED 3.6;;NAFTA;2014;NARANJA;74.000;-;-;;Vendido;Vendido;10/2/2021;3/5/2021;$ 5.925.347;$ 35.000;$ 1.000;$ 38.653;;$ 6.000.000;$ 74.653;$ 74.653;;;;;;;;
457;PIU265;TOYOTA;HILUX 4X4 CD DX PACK ELECTRICO 2.5 TDI;;DIESEL;2015;BLANCO;137.000;-;-;;Vendido;Vendido;10/1/2021;3/5/2021;$ 1.664.000;$ 5.000;$ 10.000;;;$ 1.679.000;$ 15.000;$ 15.000;;;;;;;;
458;KKR959.;RENAULT;SANDERO 1.6 16V CONFORT;;NAFTA;2011;GRIS ACERO;124.000;-;-;;Vendido;Vendido;12/3/2021;11/5/2021;$ 635.000;;;;;$ 635.000;$ 0;$ 0;;;;;;;;
459;AA478BX;PEUGEOT;3008 ALLURE TIPTRONIC;;NAFTA;2016;GRIS;0;-;-;;Vendido;Vendido;12/5/2021;12/5/2021;$ 1.398.800;$ 5.000;$ 2.500;;;$ 1.406.300;$ 7.500;$ 7.500;;;;;;;;
460;AE517DR;RENAULT;DUSTER OROCH DYNAMIQUE 2.0;;NAFTA;2020;GRIS CASSIOPE;0;-;-;;Vendido;Vendido;12/5/2021;12/5/2021;$ 1.790.000;$ 5.000;;;;$ 1.795.000;$ 5.000;$ 5.000;;;;;;;;
461;FLA390;RENAULT;KANGOO RL EXPRESS DIE 1PCL AA;;NAFTA;2006;GRIS;197.000;-;-;;Vendido;Vendido;7/1/2021;12/5/2021;$ 380.000;;;;;$ 380.000;$ 0;$ 0;;;;;;;;
462;oroch0km;RENAULT;DUSTER OROCH 1.6 DYNAMIQUE;;NAFTA;2021;NEGRO NACRE;0;-;-;;Vendido;Vendido;14/5/2021;14/5/2021;$ 2.028.378;$ 5.000;;;;$ 2.033.378;$ 5.000;$ 5.000;;;;;;;;
463;AD673II;PEUGEOT;208 ALLURE 1.6 115;;NAFTA;2019;BLANCO;7.500;-;-;;Vendido;Vendido;1/5/2021;;$ 1.214.720;;;;;$ 1.214.720;$ 0;$ 0;;;;;;;;
464;KVM654;FIAT;LINEA ESSENCE 1.8;;GNC;2012;BEIGE;93.000;-;-;;Vendido;Vendido;1/3/2021;17/5/2021;$ 550.000;;;;;$ 550.000;$ 0;$ 0;;;;;;;;
465;AB107NY;HONDA;CIVIC EX-L AUT;;NAFTA;2017;BLANCO;44.800;-;-;;Vendido;Vendido;1/6/2021;1/6/2021;$ 1.915.680;$ 5.000;$ 7.000;;;$ 1.927.680;$ 12.000;$ 12.000;;;;;;;;
466;KOY012;VW;AMAROK 2.0L TDI 4X2 DC STARLINE 122 HP;;DIESEL;2011;NEGRO;190.000;Cliente;-;;Vendido;Vendido;1/6/2021;18/3/2022;$ 1.640.000;;$ 41.135;;;$ 1.681.135;$ 41.135;$ 41.135;;;;;;;;
467;NPY986;VW;Saveiro 2014;;GNC;2014;NEGRO;186.000;-;-;;Vendido;Vendido;1/6/2021;22/6/2021;$ 1.010.000;;$ 2.600;;;$ 1.012.600;$ 2.600;$ 2.600;;;;;;;;
468;AD334IA;RENAULT;KANGOO II EXPRESS CONFORT 5A 1.6 SCE;;NAFTA;2019;GRIS ETOILE;48.300;-;-;;Vendido;Vendido;10/5/2021;1/6/2021;$ 1.331.200;$ 5.000;$ 8.800;;;$ 1.345.000;$ 13.800;$ 13.800;;;;;;;;
469;AD355SB;TOYOTA;COROLLA SE-G 1.8 CVT;;NAFTA;2019;ROJO;12.000;-;-;;Vendido;Vendido;10/3/2021;4/6/2021;$ 1.976.000;$ 5.000;;;;$ 1.981.000;$ 5.000;$ 5.000;;;;;;;;
470;AD187HW;NISSAN;KICKS EXCLUSIVE CVT;;NAFTA;2018;GRIS;64.000;-;-;;Vendido;Vendido;26/2/2021;4/6/2021;$ 1.900.000;;$ 20.000;$ 13.688;;$ 1.933.688;$ 33.688;$ 33.688;;;;;;;;
471;AE548PM;RENAULT;SANDERO RS PH2;;NAFTA;2020;BLANCO GLACIAR;0;-;-;;Vendido;Vendido;5/6/2021;5/6/2021;$ 1.850.000;;;;;$ 1.850.000;$ 0;$ 0;;;;;;;;
472;AA349DS;NISSAN;NISSAN 2.3 LE 4X4 MT;;DIESEL;2016;BLANCO;78.000;-;-;;Vendido;Vendido;10/3/2021;26/5/2021;$ 1.976.000;$ 5.000;$ 13.000;;;$ 1.994.000;$ 18.000;$ 18.000;;;;;;;;
473;WAVE20204;HONDA;NEW WAVE;;NAFTA;2020;ROJO;0;-;-;;Vendido;Vendido;;;$ 91.200;$ 1.500;;;;$ 92.700;$ 1.500;$ 1.500;;;;;;;;
474;AB552AB;FIAT;TORO FREEDOM 2.0 16V 4X4 PK XTREME;;DIESEL;2017;NEGRO;70.000;-;-;;Vendido;Vendido;5/1/2021;8/6/2021;$ 1.675.000;;;$ 4.470;;$ 1.679.470;$ 4.470;$ 4.470;;;;;;;;
475;MKS300;CHEVROLET;CELTA LT SPIRIT;;NAFTA;2013;NEGRO;112.000;-;-;$ 685.000;Vendido;Vendido;17/6/2021;23/7/2021;$ 480.000;;;$ 1.713;;$ 481.713;$ 1.713;$ 1.713;;;;;;;;
476;OYC194;CHEVROLET;S10;2.8 DC 4X4 LT;DIESEL;2015;MARRON;70.000;-;-;;Vendido;Vendido;29/3/2021;26/6/2021;$ 1.700.000;;$ 2.200;;;$ 1.702.200;$ 2.200;$ 2.200;;;;;;;;
477;AA110YB;CHEVROLET;TRACKER;FWD LTZ MT;NAFTA;2016;BORDO;54.850;Kyoto;-;;Vendido;Vendido;28/1/2021;;$ 1.024.400;$ 5.000;$ 17.000;;;$ 1.046.400;;$ 22.000;;;;;;;;
478;LRE632;FORD;RANGER;2.2 TDI DC 4X2 XL SAFETY;DIESEL;2012;GRIS;105.000;-;-;;Vendido;Vendido;10/11/2020;22/6/2021;$ 873.600;$ 5.000;$ 26.000;;;$ 904.600;$ 31.000;$ 31.000;;;;;;;;
479;KGH438;PEUGEOT;3008;1.6  PREMIUN PLUS;NAFTA;2012;GRIS OSCURO;140.000;-;-;;Vendido;Vendido;1/6/2021;22/6/2021;$ 950.000;;;;;$ 950.000;$ 0;$ 0;;;;;;;;
480;NPY986;VW;SAVEIRO;CAB EXT SAF. PACK HIGH;NAFTA;2014;NEGRO;185.600;-;-;;Vendido;Vendido;1/6/2021;22/6/2021;$ 1.010.000;;;;;$ 1.010.000;$ 0;$ 0;;;;;;;;
481;AC545BP;RENAULT;KWID;LIFE 1.0;NAFTA;2018;BLANCO GLACIAR;16.730;-;-;;Vendido;Vendido;4/5/2021;19/6/2021;$ 794.560;$ 5.000;;;;$ 799.560;$ 5.000;$ 5.000;;;;;;;;
482;PGA521;NISSAN;VERSA;SENSE MT PURE DRIVE;NAFTA;2015;GRIS CLARO;100.000;-;-;;Vendido;Vendido;19/4/2021;18/6/2021;$ 680.000;;;$ 2.395;;$ 682.395;$ 2.395;$ 2.395;;;;;;;;
483;AD104ZV;RENAULT;KWID;8;NAFTA;2018;BLANCO GLACIAR;20.000;-;-;;Vendido;Vendido;9/6/2021;17/6/2021;$ 931.840;$ 5.000;;;;$ 936.840;$ 5.000;$ 5.000;;;;;;;;
484;AE694WD;TOYOTA;ETIOS XLS 1.5 4 A/T;;NAFTA;2021;BLANCO;550;-;-;;Vendido;Vendido;9/6/2021;15/6/2021;$ 1.445.600;$ 5.000;;;;$ 1.450.600;$ 5.000;$ 5.000;;;;;;;;
485;AE700NP;FIAT;STRADA;WORKING 1.4;NAFTA;2019;BLANCO;4.800;-;-;;Vendido;Vendido;21/4/2021;12/6/2021;$ 942.240;$ 5.000;$ 10.125;;;$ 957.365;$ 15.125;$ 15.125;;;;;;;;
486;AC266AN;FORD;ECOSPORT;2.0 TITANIUM AUT;NAFTA;2018;BLANCO;59.200;-;-;;Vendido;Vendido;19/1/2021;23/6/2021;$ 1.300.000;$ 5.000;;;;$ 1.305.000;$ 5.000;$ 5.000;;;;;;;;
487;NUU896;FIAT;STRADA ADVENTURE 1.6;ADVENTURE 1.6;GNC;2014;BLANCO;160.200;Cliente;-;;Vendido;Vendido;26/5/2021;1/2/2022;$ 900.000;;$ 123.950;;;$ 1.023.950;$ 123.950;$ 123.950;;;;;;;;
488;AB411KS;FIAT;TORO FREEDOM 2.0 16V 4X2;FREEDOM 2.0 16V 4X2;DIESEL;2017;ROJA;49.800;Kyoto;-;;Vendido;Vendido;14/10/2020;25/8/2021;$ 1.060.289;$ 5.000;$ 4.000;;;$ 1.069.289;$ 9.000;$ 9.000;;;;;;;;
489;AC324HB;FIAT;TORO ;VOLCANO 2.0 16V 4X4;DIESEL;2018;BORDO;57.800;-;-;;Vendido;Vendido;6/4/2021;25/6/2021;$ 1.820.000;$ 5.000;$ 1.500;;$ 1.056;$ 1.827.556;$ 7.556;$ 7.556;;;;;;;;
490;ONA061;FORD;ECOSPORT;1.6 SE;NAFTA;2015;NEGRO;91.100;-;-;;Vendido;Vendido;29/3/2021;30/6/2021;$ 940.000;;$ 14.300;;;$ 954.300;$ 14.300;$ 14.300;;;;;;;;
491;NZP532;FORD;FIESTA S PLUS;S PLUS;NAFTA;2014;AZUL;51.226;-;-;;Vendido;Vendido;22/3/2021;19/7/2021;$ 1.186.500;;$ 8.500;;;$ 1.195.000;;$ 8.500;;;;;;;;
492;AB448ES;FORD;FIESTA S PLUS;S PLUS;NAFTA;2017;GRIS PLATA;40.000;-;-;;Vendido;Vendido;27/3/2021;10/8/2021;$ 929.000;$ 14.500;;;;$ 943.500;$ 14.500;$ 14.500;;;;;;;;
493;IPS145;FORD;FIESTA EDGE PLUS MP3;EDGE PLUS MP3;NAFTA;2010;BEIGE;170.000;Cliente;-;;Vendido;Vendido;30/4/2021;31/8/2021;$ 400.000;;;;;$ 400.000;$ 0;$ 0;;;;;;;;
494;AB471ZD;FORD;FOCUS 4P 2.0L N MT SE;4P 2.0L N MT SE;NAFTA;2017;ROJO;51.000;-;-;;Vendido;Vendido;12/3/2021;7/8/2021;$ 1.190.000;$ 5.000;$ 19.500;;;$ 1.214.500;$ 24.500;$ 24.500;;;;;;;;
495;AC454RK;FORD;RANGER; DC 4X2 XLT MT 3.2L ;DIESEL;2018;ROJO;58.900;-;-;$ 3.390.000;Vendido;Vendido;9/3/2021;12/7/2021;$ 2.218.850;$ 5.000;;;;$ 2.223.850;;$ 5.000;;;;;;;;
496;AA068WP;HONDA;HR-V EX CVT;EX CVT;NAFTA;2016;GRIS PLATA;85.000;Kyoto;-;;Vendido;Vendido;20/7/2021;16/6/2022;$ 1.687.296;$ 5.000;$ 25.800;;;$ 1.718.096;$ 30.800;$ 30.800;;;;;;;;
497;AD588KC;HONDA;WR-V 1.5 EXL CVT;1.5 EXL CVT;NAFTA;2019;GRIS PLATA;18.800;-;-;;Vendido;Vendido;15/2/2021;17/8/2021;$ 1.742.000;$ 5.000;;;;$ 1.747.000;$ 5.000;$ 5.000;;;;;;;;
498;AD226KP;NISSAN;FRONTIER 2.3 SE PLUS 4X2;2.3 SE PLUS 4X2;DIESEL;2018;BLANCO;60.000;Kyoto;-;;Vendido;Vendido;9/6/2021;26/11/2021;$ 2.184.000;$ 5.000;$ 19.500;;;$ 2.208.500;$ 24.500;$ 24.500;;;;;;;;
499;AA029XS;NISSAN;SENTRA;SR CVT PURE DRIVE;NAFTA;2016;AZUL;48.000;-;-;;Vendido;Vendido;-;;$ 1.045.200;$ 5.000;;;;$ 1.050.200;;$ 5.000;;;;;;;;
500;SENTRA;NISSAN;SENTRA 2.0 EXCLUSIVE CVT;;NAFTA;2021;BLANCO + NEGRO;0;-;-;;Vendido;Vendido;11/6/2021;11/6/2021;$ 3.243.828;$ 5.000;;;;$ 3.248.828;$ 5.000;$ 5.000;;;;;;;;
501;AC721TC;PEUGEOT;308;ALLURE PACK 1.6;NAFTA;2018;BLANCO;17.200;-;-;;Vendido;Vendido;23/6/2021;23/6/2021;$ 1.253.200;$ 5.000;$ 79.500;;;$ 1.337.700;$ 84.500;$ 84.500;;;;;;;;
502;AE640OS;NISSAN;FRONTIER;2.3 X-GEAR 4X4;DIESEL;2021;BLANCO;OKM PAT;-;-;;Vendido;Vendido;23/6/2021;23/6/2021;$ 3.717.188;$ 5.000;;;;$ 3.722.188;$ 5.000;$ 5.000;;;;;;;;
503;MWP645;PEUGEOT;408;2.0 ALLURE;NAFTA;2013;AZUL;108.000;-;-;;Vendido;Vendido;26/2/2021;23/6/2021;$ 729.000;$ 10.000;$ 21.500;;;$ 760.500;$ 31.500;$ 31.500;;;;;;;;
504;NWI513;RENAULT;FLUENCE 2.0 LUXE RLINK CUIR;;NAFTA;2014;BLANCO GLACIAR;120.000;-;-;;Vendido;Vendido;23/6/2021;23/6/2021;$ 700.000;$ 10.000;;;;$ 710.000;$ 10.000;$ 10.000;;;;;;;;
505;NYM280;PEUGEOT;208 FELINE 1.6;FELINE 1.6;NAFTA;2014;ROJO RUBI;27.000;-;-;;Vendido;Vendido;22/6/2021;30/6/2021;$ 1.031.680;$ 5.000;$ 1.000;;;$ 1.037.680;$ 6.000;$ 6.000;;;;;;;;
506;AC330ED;PEUGEOT;208;FELINE 1.6 TIPTRONIC;NAFTA;2018;BLANCO;17.000;-;-;;Vendido;Vendido;9/6/2021;;$ 1.347.424;$ 5.000;;;;$ 1.352.424;;$ 5.000;;;;;;;;
507;AE715CO;PEUGEOT;208 1.6 ACTIVE;1.6 ACTIVE;NAFTA;2021;NEGRO PERLA;OKM PAT;Metz;-;;Vendido;Vendido;-;15/9/2021;$ 2.353.584;$ 5.000;;;;$ 2.358.584;$ 5.000;$ 5.000;;;;;;;;
508;AA099KH;PEUGEOT;2008;1.6 FELINE;NAFTA;2016;GRIS PLATA;23.600;Kyoto;780/1;$ 1.650.000;Vendido;Vendido;9/3/2021;28/7/2021;$ 988.000;$ 5.000;$ 15.000;;;$ 1.008.000;$ 20.000;$ 20.000;;;;;;;;
509;AA191YA;PEUGEOT;EXPERT;2.0 HDI CONFORT;DIESEL;2016;GRIS PLATA;100.000;Car France;-;$ 2.250.000;Vendido;Vendido;30/7/2021;29/8/2022;$ 1.482.000;$ 10.000;$ 49.744;;;$ 1.541.744;;$ 59.744;;;;;;;;
510;LCM997;PEUGEOT;HOGGAR 1.6 XS;1.6 XS;NAFTA;2012;BLANCO;113.500;Car France;-;;Vendido;Vendido;19/5/2021;24/11/2021;$ 483.600;$ 5.000;$ 49.290;;;$ 537.890;$ 54.290;$ 54.290;;;;;;;;
511;AC048WC;RENAULT;CAPTUR;INTENS 2.0;NAFTA;2017;MARFIL+NEGRO;40.400;-;-;;Vendido;Vendido;28/1/2021;;$ 1.346.000;$ 5.000;$ 5.000;;;$ 1.356.000;;$ 10.000;;;;;;;;
512;AD250BW;RENAULT;CAPTUR INTENS 2.0;;NAFTA;2018;ORANGE+NEGRO;12.000;-;-;;Vendido;Vendido;6/4/2021;;$ 1.688.960;$ 5.000;$ 4.500;;;$ 1.698.460;;$ 9.500;;;;;;;;
513;AE564YE;RENAULT;CAPTUR BOSE 1.6 CVT;BOSE 1.6 CVT;NAFTA;2020;GRIS CASSIOPE+GRIS ETOILE;OKM PAT;-;-;;Vendido;Vendido;30/6/2021;30/6/2021;$ 2.655.000;$ 5.000;;;;$ 2.660.000;$ 5.000;$ 5.000;;;;;;;;
514;A PATENTAR;RENAULT;CAPTUR;INTENS 2.0;NAFTA;2021;GRIS CASSIOPE+NEGRO;0KM ;-;-;;Vendido;Vendido;;;;;;;;$ 0;;$ 0;;;;;;;;
515;PLW794;RENAULT;CLIO MIO;5P DYNAMIQUE SAT;NAFTA;2015;GRIS ACERO;54.000;-;-;;Vendido;Vendido;28/6/2021;28/6/2021;$ 801.500;;$ 27.500;;;$ 829.000;$ 27.500;$ 27.500;;;;;;;;
516;OHR626;RENAULT;CLIO MIO;5P DYNAMIQUE ;NAFTA;2015;ROJO FUEGO;57.000;-;-;;Vendido;Vendido;16/4/2021;;$ 770.000;;$ 18.560;;;$ 788.560;;$ 18.560;;;;;;;;
517;AA160PY;RENAULT;CLIO MIO;CLIO MIO 5P CONFORT PACK SAT;NAFTA;2016;NEGRO NACRE;52.000;-;-;;Vendido;Vendido;22/6/2021;5/8/2021;$ 626.220;$ 5.000;;;;$ 631.220;$ 5.000;$ 5.000;;;;;;;;
518;AB754TP;RENAULT;DUSTER;PH2 PRIVILEGE 2.0;NAFTA;2017;GRIS ETOILE;39.400;-;-;;Vendido;Vendido;21/4/2021;;$ 1.117.740;$ 5.000;$ 42.500;;$ 758;$ 1.165.998;;$ 48.258;;;;;;;;
519;AC387RR;RENAULT;DUSTER OROCH PRIVILEGE 2.0;;NAFTA;2018;GRIS  ACERO;48.000;-;-;;Vendido;Vendido;-;;$ 1.393.101;$ 5.000;$ 72.500;;;$ 1.470.601;;$ 77.500;;;;;;;;
520;AD815QG;RENAULT;DUSTER OROCH OUTSIDER PLUS 4 X 4 2.0;OUTSIDER PLUS 4 X 4 2.0;NAFTA;2019;ROJO FUEGO;60.400;Car France;-;;Vendido;Vendido;9/3/2021;29/10/2021;$ 1.357.000;$ 5.000;$ 26.000;;;$ 1.388.000;$ 31.000;$ 31.000;;;;;;;;
521;JBR305;RENAULT;KANGOO;CONFORT 1.6 GNC;NAFTA;2010;GRIS PLATA;175.000;-;-;;Vendido;Vendido;26/4/2021;;$ 480.000;$ 5.500;;;;$ 485.500;;$ 5.500;;;;;;;;
522;AC238HY;RENAULT;KANGOO PH3 AUTH. PLUS 1.6 2P;PH3 AUTH. PLUS 1.6 2P;NAFTA;2018;GRIS;40.555;Car France;304774;$ 1.440.000;Vendido;Vendido;19/5/2021;20/8/2021;$ 984.984;$ 5.000;$ 35.720;;;$ 1.025.704;$ 40.720;$ 40.720;;;;;;;;
523;AC231VM;RENAULT;KWID INTENS 1.0;102;NAFTA;2018;ORANGE;22.000;Car France;-;;Vendido;Vendido;22/6/2021;2/10/2021;$ 888.800;$ 5.000;;;;$ 893.800;$ 5.000;$ 5.000;;;;;;;;
524;AC858FO;RENAULT;KWID INTENS 1.0;118;NAFTA;2018;GRIS;28.000;Car France;-;;Vendido;Vendido;22/6/2021;18/10/2021;$ 911.020;$ 5.000;$ 15.300;;;$ 931.320;$ 20.300;$ 20.300;;;;;;;;
525;A PATENTAR;RENAULT;KWID ZEN 1.0;;NAFTA;2021;ORANGE;0KM ;-;-;;Vendido;Vendido;-;;;$ 5.000;;;;$ 5.000;;$ 5.000;;;;;;;;
526;AC238RX;RENAULT;NUEVO SANDERO RS;RS;NAFTA;2018;ROJO VIVO;34.500;Car France;-;;Vendido;Vendido;10/2/2021;16/11/2021;$ 1.098.240;$ 5.000;$ 25.700;;;$ 1.128.940;$ 30.700;$ 30.700;;;;;;;;
527;A PATENTAR;RENAULT;NUEVO SANDERO;STEPWAY INTENS 1.6;NAFTA;2021;DUNE BEIGE;0KM ;-;-;;Vendido;Vendido;;;;$ 5.000;;;;$ 5.000;;$ 5.000;;;;;;;;
528;AA765PJ;RENAULT;NUEVO SANDERO EXPRESSION; EXPRESSION;NAFTA;2016;ROJO NACRE;16.000;-;-;;Vendido;Vendido;9/6/2021;29/6/2021;$ 717.600;$ 5.000;$ 3.800;;;$ 726.400;$ 8.800;$ 8.800;;;;;;;;
529;LKE201;RENAULT;SANDERO 1.6 8V PACK PLUS;1.6 8V PACK PLUS;NAFTA;2012;AZUL;100.000;Cliente;-;;Vendido;Vendido;12/4/2021;12/10/2021;$ 469.000;;$ 3.800;;;$ 472.800;$ 3.800;$ 3.800;;;;;;;;
530;LKM662;RENAULT;SANDERO;STEPWAY RIP CURL;GNC;2012;NEGRO;82.000;-;-;;Vendido;Vendido;28/11/2020;;$ 590.000;;;;;$ 590.000;;$ 0;;;;;;;;
531;AA536DA;CHEVROLET;AGILE LT;LT;NAFTA;2016;BLANCO;52.000;-;-;;Vendido;Vendido;26/6/2021;16/8/2021;$ 700.000;;$ 16.250;;;$ 716.250;$ 16.250;$ 16.250;;;;;;;;
532;AB673HI;TOYOTA;HILUX 4X4 CD SRX 2.8 4X4 MT;4X4 CD SRX 2.8 4X4 MT;DIESEL;2017;BLANCO;110.200;Kyoto;-;;Vendido;Vendido;1/7/2021;28/5/2022;$ 3.260.000;$ 5.000;$ 28.100;$ 81.064;;$ 3.374.164;$ 114.164;$ 114.164;;;;;;;;
533;OZM657;CHEVROLET;S10;2.8TD 4X2 LS;DIESEL;2015;GRIS PLATA;95.600;Car France;-;;Vendido;Vendido;1/7/2021;9/9/2021;$ 1.516.000;$ 5.000;$ 44.800;;;$ 1.565.800;$ 49.800;$ 49.800;;;;;;;;
534;AD513GZ;RENAULT;CAPTUR;INTENS 1.6 CVT;NAFTA;2019;;9.000;Car France;-;;;;1/7/2021;;$ 1.898.800;$ 5.000;;;;$ 1.903.800;$ 5.000;$ 5.000;;;;;;;;
535;AC663CE;VW;AMAROK SC 2.0 L TDI TREN 140HP;SC 2.0 L TDI TREN 140HP;DIESEL;2018;BLANCO;50.000;Kyoto;-;;Vendido;Vendido;19/5/2021;30/6/2021;$ 1.820.000;$ 5.000;$ 35.500;;$ 670;$ 1.861.170;$ 41.170;$ 41.170;;;;;;;;
536;LLT147;TOYOTA;HILUX SW4;SRV 3.0 TDI AT;DIESEL;2012;GRIS;92.000;-;-;;Vendido;Vendido;19/5/2021;1/7/2021;$ 2.566.205;$ 5.000;;;;$ 2.571.205;$ 5.000;$ 5.000;;;;;;;;
537;OSJ589;VW;SAVEIRO; DC HIGHLINE PACK;NAFTA;2015;BLANCO;64.000;Cliente;-;;Vendido;Vendido;12/5/2021;3/7/2021;$ 1.000.000;;$ 18.900;;;$ 1.018.900;$ 18.900;$ 18.900;;;;;;;;
538;AC238QT;FORD;ECOSPORT FREESTYLE 1.5L MT;FREESTYLE 1.5L MT;NAFTA;2018;ROJO;30.400;Kyoto;-;;Vendido;Vendido;1/7/2021;17/11/2021;$ 1.446.500;$ 5.000;$ 23.000;;;$ 1.474.500;$ 28.000;$ 28.000;;;;;;;;
539;EGB739;SUSUKI;GRAND VITARA;Cholo;DIESEL;2003;GRIS;150.000;Cliente;-;;Vendido;Vendido;7/10/2020;14/10/2022;$ 360.000;$ 3.800;$ 135.395;;;$ 499.195;$ 139.195;$ 139.195;;;;;;;;
540;COROLLA2021;TOYOTA;COROLLA;XEI 2.0 CVT;NAFTA;2021;GRIS PLATA;0KM ;Ginza;-;;Vendido;Vendido;19/3/2021;;$ 2.385.400;$ 2.500;;;;$ 2.387.900;;$ 2.500;;;;;;;;
541;AA234YV;TOYOTA;ETIOS  XLS 1.5  4 PTAS. A/T;;NAFTA;2016;GRIS OSCURO;37.450;-;-;;Vendido;Vendido;10/5/2021;23/8/2021;$ 961.800;$ 5.000;$ 5.000;;;$ 971.800;$ 10.000;$ 10.000;;;;;;;;
542;KAJ769;TOYOTA;HILUX 4X4 CD DX PK 2.5 TDI;4X4 CD DX PK 2.5 TDI;DIESEL;2011;BLANCO;247.000;Cliente;-;;Vendido;Vendido;23/6/2021;9/9/2021;$ 1.862.500;;$ 22.100;;;$ 1.884.600;$ 22.100;$ 22.100;;;;;;;;
543;NUO318;TOYOTA;HILUX 4X2 CD SRV 3.0 TDI CUERO ;4X2 CD SRV 3.0 TDI CUERO ;DIESEL;2014;BLANCO;72.600;-;-;;Vendido;Vendido;10/3/2021;9/8/2021;$ 1.920.000;;$ 40.350;;;$ 1.960.350;$ 40.350;$ 40.350;;;;;;;;
544;PEB796;TOYOTA;HILUX 4X4 CD SR 3.0 TDI;4X4 CD SR 3.0 TDI;DIESEL;2015;GRIS PLATA;143.000;Car France;-;;Vendido;Vendido;1/7/2021;11/3/2022;$ 2.302.800;$ 5.000;$ 3.500;;;$ 2.311.300;$ 8.500;$ 8.500;;;;;;;;
545;AA294BT;TOYOTA;HILUX SW4;SRX 7A AUT;DIESEL;2016;BORRAVINO;86.520;Cliente;-;;Vendido;Vendido;6/3/2021;29/9/2021;$ 4.390.000;;$ 21.400;$ 7.000;;$ 4.418.400;$ 28.400;$ 28.400;;;;;;;;
546;HCS867;VW;CROSSFOX;1.6;NAFTA;2008;ROJO;;-;-;;Vendido;Vendido;23/6/2021;;$ 580.000;;;;;$ 580.000;;$ 0;;;;;;;;
547;AB237VS;VW;SAVEIRO DC HIGHLINE PACK; DC HIGHLINE PACK;NAFTA;2017;ROJO VIVO;125.000;Car France;-;;Vendido;Vendido;10/5/2021;64566829;$ 1.058.096;$ 5.000;$ 31.700;;;$ 1.094.796;$ 36.700;$ 36.700;;;;;;;;
548;OOX740;VW;SURAN 1.6 TRENDLINE;;NAFTA;2015;GRIS;80.000;Cliente;-;;Vendido;Vendido;10/2/2021;26/8/2021;$ 780.000;;;$ 4.702;;$ 784.702;$ 4.702;$ 4.702;;;;;;;;
549;AA312UJ;VW;UP;WHITE 1.0;NAFTA;2016;BLANCO;31.100;-;-;;Vendido;Vendido;23/6/2021;4/8/2021;$ 993.616;$ 5.000;$ 11.500;;;$ 1.010.116;$ 16.500;$ 16.500;;;;;;;;
550;AB688KV;PEUGEOT;208;1.6 ALLURE;NAFTA;2017;GRIS CLARO;25.000;Kyoto;852/2;;Vendido;Vendido;6/7/2021;;$ 1.110.800;$ 5.000;;;;$ 1.115.800;;$ 5.000;;;;;;;;
551;LGV285;FIAT;500 1.4 16V LOUNGE AT;1.4 16V LOUNGE AT;NAFTA;2012;NEGRO;56.000;Metz;-;;Vendido;Vendido;6/7/2021;13/1/2022;$ 1.060.500;$ 5.000;$ 101.490;;;$ 1.166.990;$ 106.490;$ 106.490;;;;;;;;
552;AD171ZI;RENAULT;KANGOO II;EXPRESS CONFORT 1.6 SCE;NAFTA;2018;GRIS;66.000;Car France;-;;Vendido;Vendido;6/7/2021;5/8/2021;$ 1.090.800;$ 5.000;;;;$ 1.095.800;$ 5.000;$ 5.000;;;;;;;;
553;AD877BB;RENAULT;KANGOO II EXPRESS EMOTION 5A 1.6 SCE;EXPRESS EMOTION 5A 1.6 SCE;NAFTA;2019;GRIS ETOILE;23.200;Kyoto;851/1;;Vendido;Vendido;6/7/2021;3/9/2021;$ 1.336.230;$ 5.000;;;;$ 1.341.230;$ 5.000;$ 5.000;;;;;;;;
554;AA910OC;RENAULT;NUEVO SANDERO;STEPWAY PRIVILEGE 1.6;NAFTA;2017;ROJO FUEGO;27.100;Car France;-;$ 1.445.000;Vendido;Vendido;6/7/2021;23/7/2021;$ 912.788;$ 5.000;$ 7.700;$ 3.613;;$ 929.100;$ 16.313;$ 16.313;;;;;;;;
555;NGP169;FORD;FIESTA;SE PLUS 4 PTAS;NAFTA;2013;BLANCO;99.000;Cliente;-;$ 1.095.000;Vendido;Vendido;12/7/2021;;$ 890.000;;;;;$ 890.000;;$ 0;;;;;;;;
556;GDR705;VW;BORA 1.9 TDI;1.9 TDI;DIESEL;2007;GRIS OSCURO;210.000;Cliente;-;$ 954.000;Vendido;Vendido;8/7/2021;26/8/2021;$ 599.000;;;;;$ 599.000;$ 0;$ 0;;;;;;;;
557;AB711HE;HONDA;FIT;EXL CVT;NAFTA;2017;BLANCO;18.000;Kyoto;-;$ 2.095.000;Vendido;Vendido;10/5/2021;29/5/2021;$ 1.664.000;$ 5.000;$ 5.000;;;$ 1.674.000;;$ 10.000;;;;;;;;
558;KMJ024;FORD;RANGER DC 4X4 SUPERDUTY 3.0L D;DC 4X4 SUPERDUTY 3.0L D;DIESEL;2010;GRIS PLATA;175.000;Cliente;-;$ 1.590.000;Vendido;Vendido;14/7/2021;12/10/2021;$ 1.200.000;;$ 27.500;;;$ 1.227.500;$ 27.500;$ 27.500;;;;;;;;
559;OGV220;FIAT;PALIO WEEKEND ADVENTURE 1.6 16V;WEEKEND ADVENTURE 1.6 16V;GNC;2014;BEIGE;140.000;Cliente;-;$ 1.035.000;Vendido;Vendido;16/7/2021;12/10/2021;$ 720.000;;;;;$ 720.000;$ 0;$ 0;;;;;;;;
560;KCH009;NISSAN;FRONTIER LE 4WD 6MT LUXE;LE 4WD 6MT LUXE;DIESEL;2011;BLANCO;194.000;Kyoto;-;$ 1.900.000;Vendido;Vendido;19/7/2021;31/5/2022;$ 1.298.600;$ 5.000;$ 11.500;$ 16.510;;$ 1.331.610;$ 33.010;$ 33.010;;;;;;;;
561;AC986XN;NISSAN;FRONTIER 2.3 SE PLUS 4X2;2.3 SE PLUS 4X2;DIESEL;2018;BLANCO;5.000;Kyoto;-;$ 2.950.000;Vendido;Vendido;19/7/2021;29/11/2021;$ 2.383.600;$ 5.000;$ 8.045;;;$ 2.396.645;$ 13.045;$ 13.045;;;;;;;;
562;LGZ650;TOYOTA;HILUX 4X4 CS DX 2.5 TDI;4X4 CS DX 2.5 TDI;DIESEL;2012;GRIS OSCURO;263.500;Kyoto;-;$ 2.160.000;Vendido;Vendido;19/7/2021;23/4/2022;$ 1.212.000;$ 5.000;$ 38.718;;;$ 1.255.718;$ 43.718;$ 43.718;;;;;;;;
563;AB278EY;HYUNDAI;TUCSON;2WD 2.0;NAFTA;2017;GRIS PLATA;18.200;Car France;-;$ 3.885.000;Vendido;Vendido;19/7/2021;27/9/2021;$ 2.870.228;$ 5.000;$ 6.500;;;$ 2.881.728;$ 11.500;$ 11.500;;;;;;;;
564;OAG068;VW;VENTO;2.5 LUXURY;NAFTA;2014;GRIS PLATA;103.000;Car France;-;$ 1.523.000;Vendido;Vendido;19/7/2021;21/9/2021;$ 1.100.000;$ 5.000;$ 30.000;;;$ 1.135.000;$ 35.000;$ 35.000;;;;;;;;
565;AD305OO;PEUGEOT;208 1.6 ALLURE;1.6 ALLURE;NAFTA;2018;GRIS;37.400;Metz;-;$ 1.360.000;Vendido;Vendido;19/7/2021;29/8/2021;$ 1.128.000;$ 5.000;$ 2.500;;;$ 1.135.500;$ 7.500;$ 7.500;;;;;;;;
566;JKH458;VW;FOX 1.6 COMFORTLINE;1.6 COMFORTLINE;NAFTA;2010;NEGRO;135.000;Cliente;-;$ 824.000;Vendido;Vendido;19/7/2021;12/10/2021;$ 600.000;;;;;$ 600.000;$ 0;$ 0;;;;;;;;
567;NDB643;RENAULT;SANDERO STEPWAY PRIVILEGE 1.6 16V NAV;STEPWAY PRIVILEGE 1.6 16V NAV;NAFTA;2013;ROJO FUEGO;120.000;Cliente;-;$ 1.060.000;Vendido;Vendido;23/7/2021;18/10/2021;$ 750.000;;$ 17.700;;;$ 767.700;$ 17.700;$ 17.700;;;;;;;;
568;COROLLACCROSS2021;TOYOTA;COROLLA CROSS XLI 2.0 CVT;;NAFTA;2021;BLANCO PERLADO;0KM ;Ginza;-;$ 2.975.000;;;-;;$ 2.975.000;;;;;$ 2.975.000;$ 0;$ 0;;;;;;;;
569;HILUX2021;TOYOTA;HILUX 4X4 CD SR 2.8 4X4 MT;;DIESEL;2021;BLANCO;0KM ;Ginza;-;$ 4.951.800;;;-;;$ 4.951.800;;;;;$ 4.951.800;$ 0;$ 0;;;;;;;;
570;AE902OF;PEUGEOT;208;1.6 ACTIVE;NAFTA;2021;BLANCO;0KM PAT;Metz;-;;Vendido;Vendido;29/7/2021;29/7/2021;$ 2.195.131;$ 5.000;;;;$ 2.200.131;$ 5.000;$ 5.000;;;;;;;;
571;AE715CO;PEUGEOT;208;1.6 ACTIVE;NAFTA;2021;NEGRO PERLA;0KM PAT;Metz;-;;;;30/7/2021;30/7/2021;$ 2.195.131;$ 5.000;;;;$ 2.200.131;$ 5.000;$ 5.000;;;;;;;;
572;AB040VO;PEUGEOT;PARTNER;CONFORT 1.6 HDI 5 ASIENTOS;DIESEL;2017;;;Metz;-;;Vendido;Vendido;30/7/2021;21/9/2021;$ 1.080.700;$ 5.000;$ 9.650;;;$ 1.095.350;$ 14.650;$ 14.650;;;;;;;;
573;AE271EY;CHEVROLET;ONIX 1.2 PLUS LT MT TECH ONSTAR;1.2 PLUS LT MT TECH ONSTAR;NAFTA;2020;BLANCO;11.000;Car France;304837;$ 1.765.000;Vendido;Vendido;30/7/2021;23/8/2021;$ 1.426.120;$ 5.000;;;;$ 1.431.120;$ 5.000;$ 5.000;;;;;;;;
574;NBC486;FIAT;PUNTO 1.4 ATTRACTIVE;1.4 ATTRACTIVE;NAFTA;2014;NEGRO;84.000;Cliente;-;$ 858.000;Vendido;Vendido;29/7/2021;16/12/2021;$ 640.000;$ 63.650;;;;$ 703.650;$ 63.650;$ 63.650;;;;;;;;
575;AD639EO;RENAULT;CAPTUR;INTENS 1.6 CVT 1 TONO;NAFTA;2019;ROJO FUEGO;19.100;Car France;304838;$ 2.600.000;Vendido;Vendido;30/7/2021;29/9/2021;$ 1.983.640;$ 5.000;;;;$ 1.988.640;$ 5.000;$ 5.000;;;;;;;;
576;SENTRASR2021;NISSAN;SENTRA 2.0 SR CVT;;NAFTA;2021;BLANCO + NEGRO;0;Kyoto;-;;Vendido;Vendido;3/8/2021;3/8/2021;$ 2.904.712;$ 5.000;;;;$ 2.909.712;;$ 5.000;;;;;;;;
577;MOG995;CITROEN;C3 AIRCROSS 1.6 EXCLUSIVE MY WAY;;NAFTA;2013;NEGRO;89.000;Cliente;-;$ 1.340.000;Vendido;Vendido;3/8/2021;29/10/2021;$ 938.000;;;;;$ 938.000;$ 0;$ 0;;;;;;;;
578;JYU136;CHEVROLET;AVEO 1.6 LS;1.6 LS;NAFTA;2011;GRIS OSCURO;160.000;Cliente;-;$ 715.000;Vendido;Vendido;31/7/2021;26/8/2021;$ 430.000;;;;;$ 430.000;$ 0;$ 0;;;;;;;;
579;AE830VO;RENAULT;NUEVO SANDERO STEPWAY INTENS 1.6;STEPWAY INTENS 1.6;NAFTA;2021;DUNE BEIGE;0KM PAT;Cliente;-;$ 2.190.000;Vendido;Vendido;10/8/2021;10/8/2021;$ 2.185.000;$ 5.000;;;;$ 2.190.000;$ 5.000;$ 5.000;;;;;;;;
580;AE984FX;RENAULT;NUEVO SANDERO STEPWAY INTENS 1.6;STEPWAY INTENS 1.6;NAFTA;2021;DUNE BEIGE;0KM PAT;Car France;-;;Vendido;Vendido;10/8/2021;10/8/2021;$ 2.056.576;$ 5.000;$ 1.000;;;$ 2.062.576;$ 6.000;$ 6.000;;;;;;;;
581;AA614LX;AUDI;A1 1.4T FSI AMBITION;A1 1.4T FSI AMBITION;NAFTA;2016;GRIS;67.600;Car France;304877;$ 2.600.000;Vendido;Vendido;20/8/2021;28/12/2021;$ 1.691.310;$ 5.000;$ 13.000;;;$ 1.709.310;$ 18.000;$ 18.000;;;;;;;;
582;AB679ZX;CHEVROLET;ONIX 1.4 LT;1.4 LT;NAFTA;2017;NEGRO;108.000;Cliente;-;$ 1.215.000;Vendido;Vendido;10/8/2021;26/8/2021;$ 950.000;;;;;$ 950.000;$ 0;$ 0;;;;;;;;
583;HEH834;FIAT;PALIO;1.4 FIRE;NAFTA;2008;AZUL;150.000;Cliente;-;$ 509.000;Vendido;Vendido;10/8/2021;1/2/2022;$ 339.000;;$ 41.700;;;$ 380.700;$ 41.700;$ 41.700;;;;;;;;
584;AD164IE;NISSAN;KICKS 1.6 ADVANCE;;NAFTA;2018;BLANCO;41.000;Kyoto;906/1;$ 2.505.000;Vendido;Vendido;20/8/2021;16/11/2021;$ 1.969.500;$ 5.000;;;;$ 1.974.500;$ 5.000;$ 5.000;;;;;;;;
585;AD065UO;NISSAN;KICKS 1.6 EXCLUSIVE CVT;;NAFTA;2018;ROJO;24.350;Cliente;-;;Vendido;Vendido;20/8/2021;21/8/2021;$ 3.000.000;;;;;$ 3.000.000;$ 0;$ 0;;;;;;;;
586;AE070FR;PEUGEOT;2008 SPORT 1.6 THP;SPORT 1.6 THP;NAFTA;2020;BLANCO;2.500;Kyoto;877/1;$ 2.600.000;Vendido;Vendido;20/8/2021;21/8/2021;$ 1.975.560;$ 5.000;;;;$ 1.980.560;$ 5.000;$ 5.000;;;;;;;;
587;AA721OL;CHEVROLET;ONIX 1.4 LTZ;1.4 LTZ;NAFTA;2016;GRIS OSCURO;46.000;Cliente;-;$ 1.200.000;Vendido;Vendido;21/8/2021;15/10/2021;$ 1.040.000;;$ 13.000;;;$ 1.053.000;$ 13.000;$ 13.000;;;;;;;;
588;NWE066;FIAT;PALIO 1.4 FIRE;1.4 FIRE;NAFTA;2014;BLANCO;80.000;Cliente;-;$ 785.000;Vendido;Vendido;23/8/2021;7/12/2021;$ 620.000;;$ 30.888;;;$ 650.888;$ 30.888;$ 30.888;;;;;;;;
589;AC740FP;FORD;KA;1.5 SE;NAFTA;2018;GRIS PLATA;90.000;Cliente;-;$ 1.390.000;Vendido;Vendido;10/8/2021;1/2/2022;$ 1.150.000;;$ 1.500;;;$ 1.151.500;$ 1.500;$ 1.500;;;;;;;;
590;AF191IA;NISSAN;KICKS 1.6 EXCLUSIVE CVT;1.6 EXCLUSIVE CVT;NAFTA;2022;BLANCO;0KM ;Kyoto;-;;Vendido;Vendido;30/8/2021;4/1/2022;$ 2.510.940;$ 5.000;;;;$ 2.515.940;$ 5.000;$ 5.000;;;;;;;;
591;AF106LE;NISSAN;VERSA V-DRIVE PLUS AT;V-DRIVE PLUS AT;NAFTA;2021;GRIS PLATA;0KM ;Kyoto;-;;Vendido;Vendido;3/11/2021;3/11/2021;$ 2.065.600;$ 5.000;;;;$ 2.070.600;$ 5.000;$ 5.000;;;;;;;;
592;AE773LP;PEUGEOT;208 1.6 ALLURE TIPTRONIC;;NAFTA;2021;AZUL;0KM PAT;Metz;-;;Vendido;Vendido;-;15/9/2021;$ 2.664.048;$ 5.000;;;;$ 2.669.048;$ 5.000;$ 5.000;;;;;;;;
593;AB092NS.;PEUGEOT;308 1.6 ALLURE;;NAFTA;2017;BLANCO;39.800;Kyoto;905/1;$ 1.492.000;Vendido;Vendido;20/8/2021;27/8/2021;$ 1.060.500;$ 5.000;;;;$ 1.065.500;$ 5.000;$ 5.000;;;;;;;;
594;AB092NS;PEUGEOT;308 1.6 ALLURE;;NAFTA;2017;BLANCO;39.800;Kyoto;905/1;$ 1.492.000;Vendido;Vendido;20/8/2021;20/1/2022;$ 1.524.000;;$ 32.300;;;$ 1.556.300;$ 32.300;$ 32.300;;;;;;;;
595;AB931KU;RENAULT;CAPTUR INTENS 2.0;INTENS 2.0;NAFTA;2017;GRIS ETOILE + NEGRO;48.000;Cliente;-;;Vendido;Vendido;21/8/2021;10/1/2022;$ 2.190.000;;;;;$ 2.190.000;$ 0;$ 0;;;;;;;;
596;AF087LV;RENAULT;NUEVO DUSTER ICONIC 1.3T 4X4 MT;1.3T ICONIC 4X4;NAFTA;2021;BRUN VISION;0KM ;Car France;-;;Vendido;Vendido;10/11/2021;10/11/2021;$ 3.085.550;$ 5.000;;;;$ 3.090.550;$ 5.000;$ 5.000;;;;;;;;
597;AA712IK;RENAULT;DUSTER OROCH OUTSIDER 1.6 16V;OUTSIDER 1.6;NAFTA;2016;GRIS ETOILE;58.300;Car France;304878;$ 1.800.000;Vendido;Vendido;20/8/2021;13/12/2021;$ 1.373.600;$ 5.000;$ 21.200;;;$ 1.399.800;$ 26.200;$ 26.200;;;;;;;;
598;AA344JP;RENAULT;NUEVO SANDERO STEPWAY PRIVILEGE 1.6 16V NAV;;NAFTA;2016;BLANCO;68.000;Cliente;-;$ 1.355.000;Vendido;Vendido;17/8/2021;6/12/2021;$ 1.084.000;;$ 14.000;;;$ 1.098.000;$ 14.000;$ 14.000;;;;;;;;
599;AD223CT;TOYOTA;YARIS XLS 1.5 6M/T;XLS 1.5 6M/T;NAFTA;2018;BLANCO;25.900;Kyoto;878/1;$ 1.995.000;Vendido;Vendido;20/8/2021;26/8/2021;$ 1.515.000;$ 5.000;$ 7.500;;;$ 1.527.500;$ 12.500;$ 12.500;;;;;;;;
600;AB634TI;TOYOTA;ETIOS XS 1.5 6M/T;;NAFTA;2017;BLANCO;13.000;Metz;-;$ 1.390.000;Vendido;Vendido;7/9/2021;16/11/2021;$ 980.078;$ 5.000;;;;$ 985.078;$ 5.000;$ 5.000;;;;;;;;
601;AC269HZ;TOYOTA;COROLLA;XEI 1.8 CVT;NAFTA;2018;GRIS OSCURO;22.500;Kyoto;-;$ 2.300.000;Vendido;Vendido;7/9/2021;30/9/2021;$ 1.881.343;$ 5.000;$ 6.500;;;$ 1.892.843;$ 11.500;$ 11.500;;;;;;;;
602;AB688KS;PEUGEOT;308 1.6 ALLURE;;NAFTA;2017;BLANCO;35.000;Kyoto;-;$ 1.502.000;Vendido;Vendido;7/9/2021;21/10/2021;$ 1.205.470;$ 5.000;$ 7.800;;;$ 1.218.270;$ 12.800;$ 12.800;;;;;;;;
603;NOY501;PEUGEOT;208 1.5 ALLURE;1.5 ALLURE;NAFTA;2014;GRIS CLARO;90.000;Cliente;-;$ 1.240.000;Vendido;Vendido;29/8/2021;28/12/2021;$ 969.000;;$ 15.400;;;$ 984.400;$ 15.400;$ 15.400;;;;;;;;
604;MCX542;PEUGEOT;308;1.6 THP GTI;NAFTA;2013;AZUL;98.000;Cliente;-;$ 1.716.000;Vendido;Vendido;25/8/2021;30/9/2021;$ 1.249.000;;$ 20.400;$ 6.731;;$ 1.276.131;$ 27.131;$ 27.131;;;;;;;;
605;AE043AM;RENAULT;DUSTER OROCH OUTSIDER PLUS 4 X 4 2.0;OUTSIDER PLUS 4 X 4 2.0;NAFTA;2019;VERDE;18.000;Car France;-;$ 2.500.000;Vendido;Vendido;7/9/2021;25/10/2021;$ 2.279.250;$ 5.000;;;;$ 2.284.250;$ 5.000;$ 5.000;;;;;;;;
606;AF046IF;NISSAN;FRONTIER 2.3 LE 4X4 AT;;DIESEL;2021;AZUL;0;Kyoto;-;;Vendido;Vendido;7/9/2021;7/9/2021;$ 5.439.992;$ 5.000;;;;$ 5.444.992;$ 5.000;$ 5.000;;;;;;;;
607;AE961ES;NISSAN;FRONTIER 2.3 S 4X2 MT;;DIESEL;2021;BLANCO;0;Kyoto;-;;Vendido;Vendido;7/9/2021;7/9/2021;$ 3.107.129;$ 5.000;;;;$ 3.112.129;$ 5.000;$ 5.000;;;;;;;;
608;AE975NT;RENAULT;KANGOO ZEN;;NAFTA;2021;GRIS OSCURO;0;Car France;-;;Vendido;Vendido;7/9/2021;7/9/2021;$ 2.361.247;$ 5.000;;;;$ 2.366.247;$ 5.000;$ 5.000;;;;;;;;
609;A078GJE;YAMAHA;RAPTOR;RAPTOR 700;NAFTA;2018;GRIS;;Cliente;-;;Vendido;Vendido;21/4/2021;9/9/2021;$ 1.250.000;$ 5.000;;;;$ 1.255.000;$ 5.000;$ 5.000;;;;;;;;
610;COROLLAXEI;TOYOTA;COROLLA XEI CVT;;NAFTA;2021;GRIS CLARO;0;Ginza;-;;Vendido;Vendido;1/4/2021;9/9/2021;$ 2.382.900;$ 2.500;;;;$ 2.385.400;$ 2.500;$ 2.500;;;;;;;;
611;AD615YX;CHEVROLET;ONIX 1.4 LS JOY;1.4 LS JOY;NAFTA;2019;BLANCO;18.100;Kyoto;925/1;;Vendido;Vendido;23/9/2021;15/2/2022;$ 972.480;$ 5.000;$ 13.000;;;$ 990.480;$ 18.000;$ 18.000;;;;;;;;
612;AE940EJ;NISSAN;KICKS 1.6 SENSE MT (MY20);;NAFTA;2021;BLANCO;0KM;Kyoto;2006/1;;Vendido;Vendido;31/7/2021;1/8/2021;$ 2.159.133;$ 5.000;$ 9.100;;;$ 2.173.233;$ 14.100;$ 14.100;;;;;;;;
613;AD416BZ;FORD;FIESTA 1.6L S PLUS;1.6L S PLUS;NAFTA;2019;GRIS PLATA;19.000;Kyoto;927/1;$ 1.520.000;Vendido;Vendido;30/9/2021;22/3/2022;$ 1.134.560;$ 5.000;$ 1.845;;;$ 1.141.405;$ 6.845;$ 6.845;;;;;;;;
614;AA634VW;PEUGEOT;308 1.6 THP FELINE;;NAFTA;2016;BLANCO;42.900;Kyoto;-;$ 2.248.000;Vendido;Vendido;4/10/2021;24/11/2021;$ 1.232.821;$ 5.000;$ 19.300;;;$ 1.257.121;$ 24.300;$ 24.300;;;;;;;;
615;AA683CD;PEUGEOT;2008 1.6 ALLURE;;NAFTA;2016;BLANCO;22.200;Metz;-;$ 1.720.000;Vendido;Vendido;4/10/2021;19/10/2021;$ 1.248.016;$ 5.000;;;$ 737;$ 1.253.753;$ 5.737;$ 5.737;;;;;;;;
616;AD636DD;RENAULT;CAPTUR INTENS 1.6 CVT;INTENS 1.6 CVT;NAFTA;2019;BLANCO;;Car France;-;$ 3.110.000;Vendido;Vendido;4/10/2021;22/7/2022;$ 2.432.702;$ 5.000;$ 5.800;;;$ 2.443.502;$ 10.800;$ 10.800;;;;;;;;
617;AC745NQ;RENAULT;NUEVO SANDERO STEPWAY PRIVILEGE 1.6 16V NAV;STEPWAY PRIVILEGE 1.6 16V NAV;NAFTA;2018;BLANCO;45.000;Car France;-;$ 1.615.000;Vendido;Vendido;4/10/2021;7/12/2021;$ 1.250.042;$ 5.000;$ 4.095;;;$ 1.259.137;$ 9.095;$ 9.095;;;;;;;;
618;AD546UC;JEEP;RENEGADE LONGITUDE 1.8L AT6;;NAFTA;2019;GRIS;8.700;Kyoto;-;$ 3.350.000;Vendido;Vendido;4/10/2021;;$ 2.591.254;$ 5.000;;;;$ 2.596.254;;$ 5.000;;;;;;;;
619;MGO272;CHEVROLET;CLASSIC LT SPIRIT 1.4;LT SPIRIT 1.4;NAFTA;2013;GRIS CLARO;150.000;Cliente;-;$ 702.000;Vendido;Vendido;30/9/2021;1/2/2022;$ 600.000;;;;;$ 600.000;$ 0;$ 0;;;;;;;;
620;LRQ250;FORD;FIESTA KD TITANIUM;KD TITANIUM;NAFTA;2012;NEGRO;123.000;Cliente;-;$ 1.120.000;Vendido;Vendido;9/9/2021;6/3/2022;$ 780.000;;$ 22.500;;;$ 802.500;$ 22.500;$ 22.500;;;;;;;;
621;AC733CE;JEEP;COMPASS SPORT 2.4 MT6 FWD;SPORT 2.4 MT6 FWD;NAFTA;2018;NEGRO;84.000;Cliente;-;$ 3.850.000;Vendido;Vendido;3/9/2021;10/5/2022;$ 2.339.992;;$ 39.500;;;$ 2.379.492;$ 39.500;$ 39.500;;;;;;;;
622;KBM859;FORD;FOCUS TREND 1.6L;TREND 1.6L;NAFTA;2011;GRIS PLATA;99.000;Cliente;-;$ 860.000;Vendido;Vendido;29/9/2021;2/11/2021;$ 700.000;;$ 13.000;;;$ 713.000;$ 13.000;$ 13.000;;;;;;;;
623;AE933AL;NISSAN;VERSA 1.6 ADVANCE CVT;1.6 ADVANCE CVT;NAFTA;2021;GRIS OSCURO;0KM ;Kyoto;-;;Vendido;Vendido;18/1/2022;18/1/2022;$ 2.890.210;$ 5.000;;;;$ 2.895.210;$ 5.000;$ 5.000;;;;;;;;
624;AB075DO;TOYOTA;COROLLA XEI PACK 1.8 CVT;XEI PACK 1.8 CVT;NAFTA;2017;GRIS OSCURO;35.300;Kyoto;-;$ 2.500.000;Vendido;Vendido;4/10/2021;27/1/2022;$ 1.570.150;$ 5.000;$ 28.871;;;$ 1.604.021;$ 33.871;$ 33.871;;;;;;;;
625;AF213FA;TOYOTA;COROLLA CROSS XLI 2.0 CVT;CROSS XLI 2.0 CVT;NAFTA;2021;BLANCO PERLADO;0KM ;Ginza;-;$ 3.438.000;Vendido;Vendido;10/8/2021;10/5/2022;$ 2.630.000;$ 2.500;$ 101.867;;;$ 2.734.367;$ 104.367;$ 104.367;;;;;;;;
626;OVF020;TOYOTA;ETIOS 1.5 4 PTAS XS M/T;;NAFTA;2015;GRIS CLARO;133.000;Cliente;-;$ 1.205.000;Vendido;Vendido;21/9/2021;28/12/2021;$ 900.000;;;;;$ 900.000;$ 0;$ 0;;;;;;;;
627;HILUXCS21;TOYOTA;HILUX 4X4 CS DX 2.4 4X4 MT;4X4 CS DX 2.4 4X4 MT;DIESEL;2021;BLANCO;0KM ;Ginza;-;;Vendido;Vendido;30/9/2021;;$ 3.924.000;;;;;$ 3.924.000;;$ 0;;;;;;;;
628;HILUXSR21;TOYOTA;HILUX 4X4 CD SR 2.8 4X4 MT;4X4 CD SR 2.8 4X4 MT;DIESEL;2021;BLANCO;0KM ;Ginza;-;;Vendido;Vendido;30/8/2021;22/6/2022;$ 4.851.000;;;;;$ 4.851.000;$ 0;$ 0;;;;;;;;
629;GFG892;TOYOTA;SW4 4X4 SRV 3.0 TDI AT CUERO;4X4 SRV 3.0 TDI AT CUERO;DIESEL;2007;NEGRO;160.000;Cliente;-;$ 2.600.000;Vendido;Vendido;14/9/2021;8/6/2024;$ 2.100.000;;$ 1.047.363;;;$ 3.147.363;;$ 1.047.363;;;;;;;;
630;AB608HJ;TOYOTA;YARIS S CVT;S CVT;NAFTA;2017;NEGRO;29.000;Cliente;-;$ 2.045.000;Vendido;Vendido;29/9/2021;;$ 1.600.000;;$ 19.500;;;$ 1.619.500;$ 19.500;$ 19.500;;;;;;;;
631;PLK977;VW;VENTO ADVANCE;ADVANCE;NAFTA;2016;GRIS OSCURO;96.000;Cliente;-;$ 2.065.000;Vendido;Vendido;27/9/2021;23/4/2022;$ 1.600.000;;$ 21.000;;;$ 1.621.000;$ 21.000;$ 21.000;;;;;;;;
632;AB588MJ;NISSAN;FRONTIER 2.3 SE 4X2;2.3 SE 4X2;DIESEL;2017;ROJO;81.000;Kyoto;-;$ 3.100.000;Vendido;Vendido;19/10/2021;29/10/2021;$ 2.127.300;$ 5.000;;;;$ 2.132.300;$ 5.000;$ 5.000;;;;;;;;
633;AB127WT;RENAULT;CAPTUR INTENS 2.0;INTENS 2.0;NAFTA;2017;ROJO FUEGO + NEGRO;25.300;Kyoto;-;$ 2.550.000;Vendido;Vendido;18/10/2021;27/12/2021;$ 1.748.810;$ 5.000;;;;$ 1.753.810;$ 5.000;$ 5.000;;;;;;;;
634;MYX443;CHEVROLET;AGILE LS SPIRIT 1.4;LS SPIRIT 1.4;NAFTA;2013;AZUL;106.000;Cliente;-;$ 855.000;Vendido;Vendido;21/10/2021;1/2/2022;$ 720.000;;$ 28.400;;;$ 748.400;$ 28.400;$ 28.400;;;;;;;;
635;JFD853;FORD;CARGO 712;712;DIESEL;2010;BLANCO;144.450;Car France;-;$ 2.480.000;Vendido;Vendido;25/10/2021;9/2/2023;$ 1.722.100;$ 20.000;$ 378.300;;;$ 2.120.400;$ 398.300;$ 398.300;;;;;;;;
636;LAT125;RENAULT;KANGOO CONFORT 1.6 1 PLC;CONFORT 1.6 1 PLC;GNC;2012;BLANCO GLACIAR;;Cliente;-;$ 905.000;Vendido;Vendido;-;22/8/2022;;;;;;$ 0;$ 0;$ 0;;;;;;;;
637;AA837VF;RENAULT;KANGOO PH3 CONFORT 1.6 1PLC;PH3 CONFORT 1.6 1PLC;NAFTA;2016;BLANCO GLACIAR;54.000;Car France;-;$ 1.310.000;Vendido;Vendido;26/10/2021;28/12/2021;$ 967.380;$ 5.000;;;;$ 972.380;$ 5.000;$ 5.000;;;;;;;;
638;AB711FU;TOYOTA;ETIOS 1.5 5 PTAS XLS 6M/T;;NAFTA;2017;ROJO;21.800;Car France;-;$ 1.480.000;Vendido;Vendido;26/10/2021;25/11/2021;$ 1.158.880;$ 5.000;$ 75.100;;;$ 1.238.980;$ 80.100;$ 80.100;;;;;;;;
639;AF213GB;TOYOTA;COROLLA 2.0 SEG CVT;2.0 SEG CVT;NAFTA;2022;BLANCO PERLADO;0KM ;Ginza;-;$ 3.867.000;Vendido;Vendido;31/10/2021;18/7/2022;$ 3.867.000;;;$ 79.453;;$ 3.946.453;$ 79.453;$ 79.453;;;;;;;;
640;AE189PJ;NISSAN;KICKS 1.6 ADVANCE UCL CVT;1.6 ADVANCE UCL CVT;NAFTA;2020;AZUL;10.400;Kyoto;-;$ 3.245.000;Vendido;Vendido;26/10/2021;19/1/2022;$ 2.431.200;$ 5.000;$ 6.000;;;$ 2.442.200;$ 11.000;$ 11.000;;;;;;;;
641;AF077FM;PEUGEOT;2008 1.6 FELINE;;NAFTA;2021;BLANCO NACAR;0;Metz;-;;Vendido;Vendido;30/10/2021;30/10/2021;$ 2.695.000;$ 5.000;$ 5.367;;;$ 2.705.367;$ 10.367;$ 10.367;;;;;;;;
642;AD360LL;FORD;KA 1.5 SE;1.5 SE;NAFTA;2019;GRIS PLATA;37.000;Cliente;-;$ 1.625.000;Vendido;Vendido;10/11/2021;11/12/2021;$ 1.180.000;;;;;$ 1.180.000;$ 0;$ 0;;;;;;;;
643;AA842LP;FORD;ECOSPORT SE 1.6L MT;SE 1.6L MT;NAFTA;2017;GRIS;17.000;Car France;304962;$ 1.655.000;Vendido;Vendido;11/11/2021;13/12/2021;$ 1.425.040;$ 5.000;;;;$ 1.430.040;$ 5.000;$ 5.000;;;;;;;;
644;AE902OJ;PEUGEOT;208 1.6 ACTIVE;1.6 ACTIVE;NAFTA;2021;GRIS CLARO;0KM ;Metz;-;;Vendido;Vendido;16/11/2021;16/11/2021;$ 2.451.562;$ 5.000;;;;$ 2.456.562;$ 5.000;$ 5.000;;;;;;;;
645;AE939SK;PEUGEOT;208 1.6 LIKE PACK;1.6 LIKE PACK;NAFTA;2021;BLANCO;0KM ;Metz;-;;Vendido;Vendido;16/11/2021;16/11/2021;$ 2.268.710;$ 5.000;;;;$ 2.273.710;$ 5.000;$ 5.000;;;;;;;;
646;GLH150;HONDA;GLH 150;;NAFTA;2021;;0KM ;Scheller;-;;Vendido;Vendido;16/11/2021;16/11/2021;$ 250.000;$ 5.000;;;$ 3.500;$ 258.500;$ 8.500;$ 8.500;;;;;;;;
647;CB125;HONDA;CB 125 TWISTER;;NAFTA;2020;;0KM ;Scheller;-;;Vendido;Vendido;16/11/2021;16/11/2021;$ 230.000;$ 5.000;;;$ 3.500;$ 238.500;$ 8.500;$ 8.500;;;;;;;;
648;NTQ464;RENAULT;FLUENCE 1.6 CONFORT PLUS;;NAFTA;2014;GRIS ETOILE;150.000;Cliente;-;$ 1.025.000;Vendido;Vendido;3/11/2021;17/11/2021;$ 739.000;;;;;$ 739.000;$ 0;$ 0;;;;;;;;
649;MEL314;VW;SURAN 1.6 TRENDLINE;;NAFTA;2013;GRIS;43.000;Cliente;-;$ 1.252.000;Vendido;Vendido;30/10/2021;18/11/2021;$ 1.005.000;;;;;$ 1.005.000;$ 0;$ 0;;;;;;;;
650;NXM444;FIAT;PALIO WEEKEND ADVENTURE 1.6 16V;WEEKEND ADVENTURE 1.6 16V;GNC;2014;BLANCO;170.000;Cliente;-;$ 1.230.000;Vendido;Vendido;29/11/2021;6/4/2022;$ 940.000;;;;;$ 940.000;$ 0;$ 0;;;;;;;;
651;KLH224;FIAT;UNO 5 PTAS FIRE 1.3 MPI 8V;5 PTAS FIRE 1.3 MPI 8V;NAFTA;2011;GRIS;95.000;Cliente;-;$ 640.000;Vendido;Vendido;30/10/2021;6/1/2022;$ 500.000;;$ 37.800;;;$ 537.800;$ 37.800;$ 37.800;;;;;;;;
652;AB278OX;FORD;KA 1.5 S + 4 PTAS;1.5 S + 4 PTAS;NAFTA;2017;BORDO;56.200;Cliente;-;$ 1.405.000;Vendido;Vendido;29/11/2021;4/2/2022;$ 1.200.000;;$ 16.200;;;$ 1.216.200;$ 16.200;$ 16.200;;;;;;;;
653;AC011GP;NISSAN;KICKS 1.6 ADVANCE CVT;1.6 ADVANCE CVT;NAFTA;2017;GRIS OSCURO;26.000;Kyoto;948/1;$ 2.780.000;Vendido;Vendido;11/11/2021;30/4/2022;$ 2.082.730;$ 5.000;$ 32.000;;;$ 2.119.730;$ 37.000;$ 37.000;;;;;;;;
654;AB924BS;NISSAN;KICKS 1.6 EXCLUSIVE CVT;1.6 EXCLUSIVE CVT;NAFTA;2017;AZUL;27.000;Kyoto;954/1;$ 3.420.000;Vendido;Vendido;24/11/2021;8/1/2022;$ 2.735.100;$ 5.000;$ 6.500;;;$ 2.746.600;$ 11.500;$ 11.500;;;;;;;;
655;AB866KG;PEUGEOT;PARTNER 1.4 CONFORT;1.4 CONFORT;NAFTA;2017;BLANCO;20.300;Car France;304970;$ 1.650.000;Vendido;Vendido;23/11/2021;23/12/2021;$ 1.179.132;$ 5.000;;;;$ 1.184.132;$ 5.000;$ 5.000;;;;;;;;
656;AF086EE;NISSAN;FRONTIER CD S 2.3D 4X2 MT;AD360LL;DIESEL;2021;BLANCO HIELO;0;Kyoto;974/1;;Vendido;Vendido;9/12/2021;9/12/2021;$ 3.709.053;$ 5.000;;;;$ 3.714.053;$ 5.000;$ 5.000;;;;;;;;
657;AD256VJ;CHEVROLET;S10 CD 2.8 TD 4X4 HIGH COUNTRY MT;CD 2.8 TD 4X4 HIGH COUNTRY MT;DIESEL;2018;GRIS PLATA;41.000;Car France;304987;$ 4.800.000;Vendido;Vendido;13/12/2021;1/7/2022;$ 3.415.580;$ 5.000;$ 41.800;;;$ 3.462.380;$ 46.800;$ 46.800;;;;;;;;
658;IXO161;DODGE;RAM 2500 LARAMIE QUAD CAB 4X4 TD;;DIESEL;2010;NEGRO;222.000;Metz;-;$ 4.300.000;Vendido;Vendido;13/12/2021;22/9/2022;$ 3.039.000;$ 15.000;$ 105.808;;;$ 3.159.808;$ 120.808;$ 120.808;;;;;;;;
659;AA996FF;FORD;ECOSPORT TITANIUM 2.0L MT N;TITANIUM 2.0L MT N;NAFTA;2017;BLANCO;43.300;Metz;-;$ 2.265.000;Vendido;Vendido;13/12/2021;23/4/2022;$ 1.363.752;$ 5.000;;;;$ 1.368.752;$ 5.000;$ 5.000;;;;;;;;
660;KGT553;FORD;F100 4X4 XLT CABINA DOBLE/11;Robinson;DIESEL;2011;GRIS;481.600;Kyoto;975/1;$ 3.600.000;Vendido;Vendido;13/12/2021;16/2/2024;$ 2.514.000;$ 21.000;$ 2.691.049;;;$ 5.226.049;$ 2.712.049;$ 2.712.049;;;;;;;;
661;-;PEUGEOT;208 1.6 ACTIVE;1.6 ACTIVE;NAFTA;2020;BLANCO;18.800;Metz;-;$ 2.200.000;Vendido;Vendido;13/12/2021;4/6/2022;$ 1.660.000;$ 5.000;;;;$ 1.665.000;$ 5.000;$ 5.000;;;;;;;;
662;AF103OW;RENAULT;KANGOO II STEPWAY 1.5 dCi;;DIESEL;2022;ROJO;0;Car France;113894;;Vendido;Vendido;31/12/2021;3/1/2022;$ 3.060.000;$ 7.000;;;;$ 3.067.000;$ 7.000;$ 7.000;;;;;;;;
663;AF155DH;PEUGEOT;208 1.6 LIKE PACK;;NAFTA;2022;BLANCO;0;Metz;-;;Vendido;Vendido;31/12/2021;5/1/2022;$ 2.474.300;$ 7.000;;;;$ 2.481.300;$ 7.000;$ 7.000;;;;;;;;
664;AF171NF;NISSAN;KICKS 1.6 X PLAY;;NAFTA;2022;;0;Kyoto;-;;Vendido;Vendido;13/1/2022;13/1/2022;$ 4.050.050;$ 7.000;;;;$ 4.057.050;$ 7.000;$ 7.000;;;;;;;;
665;RKL2022;RENAULT;KANGOO II LIFE 1.6 sCe;;NAFTA;2022;ROJO FUEGO;0;Car France;-;;Vendido;Vendido;13/1/2022;13/1/2022;$ 2.710.430;$ 7.000;;;;$ 2.717.430;$ 7.000;$ 7.000;;;;;;;;
666;AC467SF;CHEVROLET;ONIX 1.4 LS JOY +;1.4 LS JOY +;NAFTA;2018;GRIS OSCURO;49.000;Cliente;-;$ 1.880.000;Vendido;Vendido;13/12/2021;4/3/2022;$ 1.299.000;;$ 11.300;$ 16.228;;$ 1.326.528;$ 27.528;$ 27.528;;;;;;;;
667;AE522EG;CHEVROLET;ONIX PLUS 1.2 LT MT TECH;PLUS 1.2 LT MT TECH;NAFTA;2020;GRIS PLATA;3.000;Car France;-;$ 2.550.000;Vendido;Vendido;10/1/2022;1/4/2022;$ 1.924.450;$ 7.000;;;;$ 1.931.450;$ 7.000;$ 7.000;;;;;;;;
668;AC278CJ;CHEVROLET;TRACKER AWD LTZ+;AWD LTZ+;NAFTA;2018;GRIS PLATA;43.500;Kyoto;1004/1;$ 3.685.000;Vendido;Vendido;18/1/2022;9/3/2022;$ 2.632.600;$ 7.000;;;;$ 2.639.600;$ 7.000;$ 7.000;;;;;;;;
669;AD540UN;CITROEN;C4 CACTUS VTI 115 EAT6 FEEL PACK;;NAFTA;2019;AZUL;22.760;Metz;-;$ 3.315.000;Vendido;Vendido;31/12/2021;3/5/2022;$ 2.026.000;$ 7.000;$ 121.300;;;$ 2.154.300;$ 128.300;$ 128.300;;;;;;;;
670;LCL727;FIAT;500 1.4 8V CULT;500 1.4 8V CULT;NAFTA;2012;GRIS PLATA;79.000;Cliente;-;$ 1.600.000;Vendido;Vendido;13/1/2022;8/7/2022;$ 1.338.000;;$ 65.932;;;$ 1.403.932;$ 65.932;$ 65.932;;;;;;;;
671;AD065MB;FIAT;TORO VOLCANO 2.0 16V 4X4 AT;VOLCANO 2.0 16V 4X4 AT;DIESEL;2018;ROJO;45.300;Car France;305010;$ 4.500.000;Vendido;Vendido;31/12/2021;11/5/2022;$ 3.079.520;$ 7.000;$ 6.000;;;$ 3.092.520;$ 13.000;$ 13.000;;;;;;;;
672;OMQ377;FORD;FIESTA 1.6L TITANIUM;1.6L TITANIUM;NAFTA;2014;BORDO;49.000;Metz;-;$ 1.575.000;Vendido;Vendido;3/1/2022;19/3/2022;$ 1.307.790;$ 7.000;$ 48.950;$ 27.050;;$ 1.390.790;$ 83.000;$ 83.000;;;;;;;;
673;AF438RW;NISSAN;SENTRA ADVANCE CVT;;NAFTA;2022;BORDO;0KM;Kyoto;-;;Vendido;Vendido;12/1/2022;17/6/2022;$ 4.917.001;$ 7.000;;;;$ 4.924.001;$ 7.000;$ 7.000;;;;;;;;
674;AD979ZW;PEUGEOT;208 1.6 FELINE;1.6 FELINE;NAFTA;2019;BLANCO;6.500;Metz;-;$ 2.580.000;Vendido;Vendido;3/1/2022;21/1/2022;$ 1.980.415;$ 7.000;$ 20.000;;;$ 2.007.415;$ 27.000;$ 27.000;;;;;;;;
675;AE739WP;PEUGEOT;208 1.6 ACTIVE TIPTRONIC;1.6 ACTIVE TIPTRONIC;NAFTA;2021;BLANCO;0KM PAT;Metz;-;;Vendido;Vendido;3/3/2022;3/3/2022;$ 3.002.298;$ 5.000;;;;$ 3.007.298;$ 5.000;$ 5.000;;;;;;;;
676;AC758ZF;PEUGEOT;3008 ALLURE TIPTRONIC;3008 ALLURE TIPTRONIC;NAFTA;2018;GRIS;50.000;Metz;-;$ 5.450.000;Vendido;Vendido;4/1/2022;8/2/2022;$ 4.082.400;;$ 31.000;;;$ 4.113.400;$ 31.000;$ 31.000;;;;;;;;
677;AC627AF;RENAULT;CAPTUR INTENS 1.6 CVT;;NAFTA;2018;MARFIL + NEGRO;36.000;Car France;304958;$ 3.320.000;Vendido;Vendido;3/11/2021;9/4/2022;$ 1.894.310;$ 5.000;$ 13.800;$ 25.168;;$ 1.938.278;$ 43.968;$ 43.968;;;;;;;;
678;NXM403;CHEVROLET;PRISMA 1.4 LTZ;;NAFTA;2014;BLANCO;129.000;Cliente;-;$ 1.580.000;Vendido;Vendido;15/1/2022;1/2/2022;$ 1.290.000;;;;;$ 1.290.000;$ 0;$ 0;;;;;;;;
679;AD644RM;NISSAN;NOTE SENSE PURE DRIVE;;NAFTA;2019;GRIS CLARO;24.000;Kyoto;1005/1;$ 2.300.000;Vendido;Vendido;18/1/2022;12/3/2022;$ 1.519.500;$ 7.000;$ 800;;;$ 1.527.300;$ 7.800;$ 7.800;;;;;;;;
680;AD491IN;PEUGEOT;2008 SPORT 1.6 THP;SPORT 1.6 THP;NAFTA;2019;GRIS CLARO;26.500;Metz;-;$ 2.850.000;Vendido;Vendido;18/1/2022;16/4/2022;$ 2.157.690;$ 7.000;;;;$ 2.164.690;$ 7.000;$ 7.000;;;;;;;;
681;AF180OH;RENAULT;CAPTUR INTENS 2.0;INTENS 2.0;NAFTA;2022;ROJO FUEGO +NEGRO;0KM;Cliente;-;$ 8.480.000;Vendido;Vendido;11/11/2021;23/11/2022;$ 8.473.000;$ 7.000;;;;$ 8.480.000;$ 7.000;$ 7.000;;;;;;;;
682;OXO205;RENAULT;NUEVO SANDERO PRIVILEGE 1.6 16V;PRIVILEGE 1.6 16V;NAFTA;2015;GRIS ETOILE;25.000;Kyoto;1001/1;$ 1.400.000;Vendido;Vendido;5/1/2022;11/2/2022;$ 978.558;$ 5.000;$ 26.000;;;$ 1.009.558;$ 31.000;$ 31.000;;;;;;;;
683;OWR883;RENAULT;NUEVO SANDERO STEPWAY PRIVILEGE 1.6 16V NAV;STEPWAY PRIVILEGE 1.6 16V NAV;NAFTA;2015;GRIS OSCURO;90.000;Cliente;-;$ 1.780.000;Vendido;Vendido;16/11/2021;19/3/2022;$ 1.500.000;;$ 1.350;;;$ 1.501.350;$ 1.350;$ 1.350;;;;;;;;
684;AE217QH;RENAULT;KANGOO CONFORT 1.6 Sce 5 AS;CONFORT 1.6 Sce 5 AS;NAFTA;2020;BLANCO GLACIAR;58.000;Car France;305011;$ 2.650.000;Vendido;Vendido;10/1/2022;8/3/2022;$ 2.010.800;$ 7.000;;;$ 6.340;$ 2.024.140;$ 13.340;$ 13.340;;;;;;;;
685;AD765UV;TOYOTA;COROLLA XEI 1.8 6M;COROLLA XEI 1.8 6M;NAFTA;2019;GRIS OSCURO;31.000;Kyoto;1002/1;$ 3.300.000;Vendido;Vendido;12/1/2022;6/4/2022;$ 2.363.330;$ 5.000;;;;$ 2.368.330;$ 5.000;$ 5.000;;;;;;;;
686;AE455KV;TOYOTA;COROLLA HV 1.8 SEG CVT;HV 1.8 SEG CVT;HV;2020;BLANCO;26.000;Cliente;-;;Vendido;Vendido;26/1/2022;27/6/2022;$ 4.000.000;;;;;$ 4.000.000;$ 0;$ 0;;;;;;;;
687;AC516MX;TOYOTA;HILUX 4X2 CD SR 2.4 TDI 6 M/T;4X2 CD SR 2.4 TDI 6 M/T;DIESEL;2018;GRIS PLATA;168.000;Car France;304971;$ 4.600.000;Vendido;Vendido;20/11/2021;24/1/2022;$ 3.241.414;$ 5.000;$ 59.000;;;$ 3.305.414;$ 64.000;$ 64.000;;;;;;;;
688;AE299EA;FIAT;TORO FREEDOM 1.8 16V 4X2 AT6;;NAFTA;2020;BLANCO;21.500;Kyoto;1000/1;;Vendido;Vendido;5/1/2022;18/1/2022;$ 2.836.400;$ 7.000;;;;$ 2.843.400;$ 7.000;$ 7.000;;;;;;;;
689;GMN925;VW;GOL 1.6 LOOK AA DA 5 PTAS;1.6 LOOK AA DA 5 PTAS;NAFTA;2007;AZUL;190.000;Cliente;-;;Vendido;Vendido;24/11/2021;1/2/2022;$ 399.000;;$ 6.500;;;$ 405.500;$ 6.500;$ 6.500;;;;;;;;
690;JFI634;VW;GOL 1.6 POWER 3 PTAS;1.6 POWER 3 PTAS;NAFTA;2010;VERDE;105.000;Cliente;-;;Vendido;Vendido;7/12/2021;24/1/2022;$ 450.000;;$ 2.000;;;$ 452.000;$ 2.000;$ 2.000;;;;;;;;
691;AD670LB;CHEVROLET;PRISMA 1.4 LTZ;;NAFTA;2019;BLANCO;43.000;Metz;-;$ 2.140.000;Vendido;Vendido;27/1/2022;23/3/2022;$ 1.450.700;$ 7.000;$ 9.500;;;$ 1.467.200;$ 16.500;$ 16.500;;;;;;;;
692;PDN927.;FORD;RANGER 2.2 TDI SC 4X2 XL SAFETY;;DIESEL;2015;ROJO;130.000;Cliente;-;$ 2.800.000;Vendido;Vendido;24/1/2022;27/5/2022;$ 2.390.000;;$ 4.500;$ 11.385;;$ 2.405.885;$ 15.885;$ 15.885;;;;;;;;
693;AF311WG;NISSAN;KICKS 1.6 ADVANCE PLUS CVT;1.6 ADVANCE PLUS CVT;NAFTA;2022;ROJO METALICO;0;Kyoto;-;;Vendido;Vendido;27/1/2022;8/4/2022;$ 3.000.000;$ 7.000;;;;$ 3.007.000;$ 7.000;$ 7.000;;;;;;;;
694;LID057;PEUGEOT;308 HDI ALLURE;;NAFTA;2012;BLANCO;120.000;Cliente;-;$ 1.540.000;Vendido;Vendido;20/1/2022;23/5/2022;$ 1.200.000;;$ 13.000;;;$ 1.213.000;$ 13.000;$ 13.000;;;;;;;;
695;AD651BW;RENAULT;DUSTER PH2 PRIVILEGE 2.0;PH2 PRIVILEGE 2.0;NAFTA;2019;BLANCO GLACIAR;21.000;Car France;-;$ 2.985.000;Vendido;Vendido;27/1/2022;19/3/2022;$ 2.117.200;$ 7.000;$ 18.000;;;$ 2.142.200;$ 25.000;$ 25.000;;;;;;;;
696;AD142ID;PEUGEOT;208 1.6 FELINE TIPTRONIC;1.6 FELINE TIPTRONIC;NAFTA;2018;BLANCO;40.000;Metz;-;$ 2.465.000;Vendido;Vendido;27/1/2022;4/3/2022;$ 1.874.050;$ 7.000;;;;$ 1.881.050;$ 7.000;$ 7.000;;;;;;;;
697;FGY405;MERCEDES BENZ;C 200 KOMPRESOR;;NAFTA;2005;GRIS PLATA;191.000;Cliente;-;;Consignacion;Consignacion;-;;;;;;;$ 0;$ 0;$ 0;;;;;;;;
698;AF225GA;RENAULT;KANGOO CONFORT 1.6 Sce;CONFORT 1.6 Sce;NAFTA;2022;GRIS ETOILE;0KM;Car France;-;;Vendido;Vendido;9/12/2021;18/2/2022;$ 2.011.700;$ 7.000;;$ 43.731;;$ 2.062.431;$ 50.731;$ 50.731;;;;;;;;
699;AE214CC;RENAULT;NUEVO SANDERO STEPWAY ZEN 1.6;STEPWAY ZEN 1.6;NAFTA;2020;ROJO;6.000;Car France;-;;Vendido;Vendido;28/1/2022;7/4/2022;$ 2.187.070;$ 7.000;;;;$ 2.194.070;;$ 7.000;;;;;;;;
700;AC698YE;RENAULT;NUEVO SANDERO RS 2.0;RS 2.0;NAFTA;2018;BLANCO GLACIAR;22.600;Car France;-;;Vendido;Vendido;28/1/2022;13/5/2022;$ 1.774.035;$ 7.000;$ 29.400;;;$ 1.810.435;$ 36.400;$ 36.400;;;;;;;;
701;AE712OC;VW;AMAROK 2.0L TDI 4X2 DC  TRENDLINE 140 HP;2.0L TDI 4X2 DC  TRENDLINE 140 HP;DIESEL;2021;GRIS PLATA;15.000;Kyoto;-;;Vendido;Vendido;27/1/2022;29/4/2022;$ 3.545.000;;;;;$ 3.545.000;$ 0;$ 0;;;;;;;;
702;AF220ED;NISSAN;KICKS EXCLUSIVE CVT;;NAFTA;2022;BLANCO;0;Kyoto;-;;Vendido;Vendido;31/1/2022;31/1/2022;$ 4.080.682;$ 7.000;;;;$ 4.087.682;$ 7.000;$ 7.000;;;;;;;;
703;AB107PX;CHEVROLET;S10 CD 2.8 TD 4X2 HIGH COUNTRY MT;CD 2.8 TD 4X2 HIGH COUNTRY MT;DIESEL;2017;BLANCO;75.000;Kyoto;1036/1;$ 4.500.000;Vendido;Vendido;21/2/2022;9/5/2022;$ 3.403.680;$ 7.000;$ 37.200;;;$ 3.447.880;$ 44.200;$ 44.200;;;;;;;;
704;IUH704;CITROEN;BERLINGO MULTISPACE 1.9D PACK;MULTISPACE 1.9D PACK;DIESEL;2010;GRIS;159.000;Cliente;-;$ 1.170.000;Vendido;Vendido;15/2/2022;9/3/2022;$ 760.000;$ 20.000;;;;$ 780.000;$ 20.000;$ 20.000;;;;;;;;
705;AD013GH;FORD;ECOSPORT FREESTYLE 1.5;;NAFTA;2018;GRIS PLATA;24.000;Car France;305028;$ 2.750.000;Vendido;Vendido;21/2/2022;13/6/2022;$ 2.215.431;$ 7.000;;;;$ 2.222.431;;$ 7.000;;;;;;;;
706;AA175KZ;FORD;FIESTA 1.6L SE;1.6L SE;NAFTA;2016;BLANCO;60.000;Cliente;-;$ 1.920.000;Vendido;Vendido;24/1/2022;22/6/2022;$ 1.570.000;;$ 28.700;;;$ 1.598.700;$ 28.700;$ 28.700;;;;;;;;
707;AE073XB;JEEP;RENEGADE SPORT 1.8;;NAFTA;2020;GRIS PLATA;9.000;Car France;305029;$ 3.850.000;Vendido;Vendido;21/2/2022;29/3/2022;$ 3.185.885;$ 7.000;;;;$ 3.192.885;$ 7.000;$ 7.000;;;;;;;;
708;AA720TR;NISSAN;FRONTIER 2.3 LE 4X2;2.3 LE 4X2;DIESEL;2016;BLANCO;78.000;Kyoto;1027/1;$ 4.300.000;Vendido;Vendido;1/2/2022;30/3/2022;$ 2.723.038;$ 7.000;$ 13.000;;;$ 2.743.038;$ 20.000;$ 20.000;;;;;;;;
709;AC358MR;PEUGEOT;208 1.6 FELINE;1.6 FELINE;NAFTA;2018;BORDO;53.000;Metz;-;$ 2.545.000;Vendido;Vendido;21/2/2022;27/7/2022;$ 1.772.750;$ 7.000;$ 43.500;;;$ 1.823.250;$ 50.500;$ 50.500;;;;;;;;
710;AC776MQ;TOYOTA;COROLLA SE-G 1.8 CVT;COROLLA SE-G 1.8 CVT;NAFTA;2018;BLANCO;48.000;Kyoto;1035/1;$ 3.900.000;Vendido;Vendido;21/2/2022;9/4/2022;$ 2.988.350;$ 7.000;$ 14.000;$ 15.587;;$ 3.024.937;$ 36.587;$ 36.587;;;;;;;;
711;AB097RO;TOYOTA;ETIOS XLS 1.5 4 A/T 5 PTAS;;NAFTA;2017;BLANCO;28.000;Kyoto;1033/1;$ 2.175.000;Vendido;Vendido;15/2/2022;7/4/2022;$ 1.660.307;$ 7.000;;;;$ 1.667.307;$ 7.000;$ 7.000;;;;;;;;
712;AD877BZ;RENAULT;DUSTER OROCH PRIVILEGE 2.0;OROCH PRIVILEGE 2.0;NAFTA;2019;VERDE ESMERALDA;46.000;Car France;305037;$ 3.200.000;Vendido;Vendido;26/2/2022;9/4/2022;$ 2.490.990;$ 7.000;;;;$ 2.497.990;$ 7.000;$ 7.000;;;;;;;;
713;AE100MH;FORD;KA SEL 1.5 AT 5 PTAS;SEL 1.5 AT 5 PTAS;NAFTA;2020;BLANCO;22.000;Kyoto;1048/1;$ 2.130.000;Vendido;Vendido;26/2/2022;11/4/2022;$ 1.722.100;$ 7.000;;;;$ 1.729.100;$ 7.000;$ 7.000;;;;;;;;
714;AD848PI;VW;T-CROSS HIGHLINE HERO AT6;HIGHLINE HERO AT6;NAFTA;2019;BLANCO;24.000;Metz;-;$ 4.950.000;Vendido;Vendido;26/2/2022;4/5/2022;$ 4.112.780;$ 7.000;;;;$ 4.119.780;$ 7.000;$ 7.000;;;;;;;;
715;AA992AW;FIAT;FIORINO 1.4 8V EVO TOP;1.4 8V EVO TOP;GNC;2016;BLANCO;109.000;Cliente;-;$ 1.900.000;Vendido;Vendido;8/3/2022;8/11/2022;$ 1.419.000;;$ 42.300;$ 14.800;;$ 1.476.100;$ 57.100;$ 57.100;;;;;;;;
716;AF226MM;PEUGEOT;208 1.6 ACTIVE TIPTRONIC;;NAFTA;2022;BLANCO;0;Metz;-;;Vendido;Vendido;9/3/2022;9/3/2022;$ 3.023.290;$ 7.000;;;;$ 3.030.290;$ 7.000;$ 7.000;;;;;;;;
717;AB579PY;TOYOTA;ETIOS PLATINUM 1.5 4 A/T 5 PTAS;;NAFTA;2017;BLANCO;51.600;Metz;-;$ 2.250.000;Vendido;Vendido;9/3/2022;11/4/2022;$ 1.722.000;$ 7.000;$ 21.000;;;$ 1.750.000;$ 28.000;$ 28.000;;;;;;;;
718;LBG478;CHEVROLET;AVEO LT 1.6N AT;LT 1.6N AT;NAFTA;2012;GRIS PLATA;89.000;Cliente;-;$ 1.190.000;Vendido;Vendido;4/3/2022;30/3/2022;$ 700.000;;$ 3.500;;;$ 703.500;$ 3.500;$ 3.500;;;;;;;;
719;KCY138;FIAT;PUNTO ESSENCE 1.6 16V;1.6 ESSENCE;NAFTA;2011;GRIS OSCURO;86.000;Cliente;-;$ 1.335.000;Vendido;Vendido;12/3/2022;13/5/2022;$ 1.120.000;;$ 5.800;;;$ 1.125.800;$ 5.800;$ 5.800;;;;;;;;
720;AB741DD;VW;AMAROK V6 3.0L TDI 4X4 DC 224 HP;V6 3.0L TDI 4X4 DC 224 HP;DIESEL;2017;GRIS PLATA;137.000;Cliente;-;$ 7.500.000;Vendido;Vendido;9/3/2022;3/6/2022;$ 5.930.000;;$ 221.593;;;$ 6.151.593;$ 221.593;$ 221.593;;;;;;;;
721;AE634VD;FORD;ECOSPORT SE 1.5;SE 1.5;NAFTA;2021;AZUL;21.000;Car France;-;$ 3.300.000;Vendido;Vendido;28/3/2022;28/12/2022;$ 2.507.212;$ 7.000;$ 3.004;;;$ 2.517.216;$ 10.004;$ 10.004;;;;;;;;
722;AB549KZ;RENAULT;OROCH DYNAMIQUE 2.0;DUSTER OROCH DYNAMIQUE 2.0;NAFTA;2017;BLANCO GLACIAR;55.000;Car France;-;$ 2.850.000;Vendido;Vendido;28/3/2022;13/7/2022;$ 2.084.754;$ 7.000;$ 42.000;;;$ 2.133.754;$ 49.000;$ 49.000;;;;;;;;
723;AE387MP;VW;GOL TREND TRENDLINE 1.6 GAS 101CV MQ;TREND TRENDLINE 1.6 GAS 101CV MQ;NAFTA;2020;GRIS PLATA;21.000;Car France;-;$ 2.300.000;Vendido;Vendido;28/3/2022;4/6/2022;$ 1.784.352;$ 7.000;;;;$ 1.791.352;$ 7.000;$ 7.000;;;;;;;;
724;AA986XO;RENAULT;NUEVO SANDERO PRIVILEGE PACK 1.6;PRIVILEGE PACK 1.6;NAFTA;2017;ROJO FUEGO;50.000;Car France;-;$ 2.030.000;Vendido;Vendido;28/3/2022;27/5/2022;$ 1.580.280;$ 10.000;$ 14.000;;;$ 1.604.280;$ 24.000;$ 24.000;;;;;;;;
725;AB019LW;HONDA;HR-V EX CVT;EX CVT;NAFTA;2017;BLANCO;18.000;Kyoto;-;$ 4.150.000;Vendido;Vendido;28/3/2022;7/7/2022;$ 2.927.570;$ 7.000;;;;$ 2.934.570;$ 7.000;$ 7.000;;;;;;;;
726;AE255OH;RENAULT;NUEVO SANDERO STEPWAY INTENS 1.6;STEPWAY INTENS 1.6;NAFTA;2020;GRIS;9.300;Kyoto;-;$ 3.175.000;Vendido;Vendido;28/3/2022;2/5/2022;$ 2.329.900;$ 7.000;;;;$ 2.336.900;$ 7.000;$ 7.000;;;;;;;;
727;AD445ZG;PEUGEOT;PARTNER PATAGONICA VTC PLUS 1.6;PATAGONICA VTC PLUS 1.6;NAFTA;2019;BORDO;15.000;Metz;-;$ 2.850.000;Vendido;Vendido;28/3/2022;23/5/2022;$ 2.324.498;$ 10.000;$ 58.189;;;$ 2.392.687;$ 68.189;$ 68.189;;;;;;;;
728;AD009JX;NISSAN;KICKS 1.6 EXCLUSIVE CVT;;NAFTA;2018;BLANCO;19.000;Kyoto;-;$ 4.370.000;Vendido;Vendido;31/3/2022;26/5/2022;$ 3.541.448;$ 7.000;$ 7.000;$ 12.611;;$ 3.568.059;$ 26.611;$ 26.611;;;;;;;;
729;AE823YZ;PEUGEOT;208 1.6 ACTIVE;;NAFTA;2021;GRIS ALUMINIM;0;Metz;-;$ 3.400.000;Vendido;Vendido;31/3/2022;31/3/2022;$ 2.827.181;$ 7.000;;;;$ 2.834.181;$ 7.000;$ 7.000;;;;;;;;
730;AF297BW;RENAULT;KANGOO STEPWAY 1.5 dCi;;DIESEL;2022;GRIS CUARZO;0;Car France;-;$ 3.726.100;Vendido;Vendido;4/4/2022;4/4/2022;$ 3.348.330;$ 7.000;;;;$ 3.355.330;$ 7.000;$ 7.000;;;;;;;;
731;LKL233;CHEVROLET;MONTANA LS AA;LS AA;NAFTA;2012;BLANCO;105.000;Cliente;-;$ 1.320.000;Vendido;Vendido;1/4/2022;;$ 1.010.000;;;;;$ 1.010.000;$ 0;$ 0;;;;;;;;
732;PON907;FORD;FIESTA 1.6 S PLUS;1.6 S PLUS;NAFTA;2016;BORDO;132.000;Cliente;-;$ 1.990.000;Vendido;Vendido;1/4/2022;4/6/2022;$ 1.560.000;;$ 70.000;;;$ 1.630.000;;$ 70.000;;;;;;;;
733;MBC761;FORD;KUGA TREND 2.5 MT 4X4;;NAFTA;2013;BLANCO;71.000;Cliente;-;$ 3.050.000;Vendido;Vendido;11/3/2022;17/5/2022;$ 2.150.000;;;;;$ 2.150.000;$ 0;$ 0;;;;;;;;
734;AF220MW;PEUGEOT;208 1.6 ACTIVE TIPTRONIC;1.6 ACTIVE TIPTRONIC;NAFTA;2022;GRIS ALUMINIUM;0KM PAT;Metz;-;;Vendido;Vendido;22/3/2022;17/5/2022;$ 3.326.810;$ 7.000;$ 2.000;;;$ 3.335.810;$ 9.000;$ 9.000;;;;;;;;
735;AF259TT;PEUGEOT;208 1.6 ALLURE;1.6 ALLURE;NAFTA;2022;AZUL;0KM PAT;Metz;-;;Vendido;Vendido;20/4/2022;20/4/2022;$ 3.326.810;$ 10.000;;;;$ 3.336.810;$ 10.000;$ 10.000;;;;;;;;
736;NVJ412;PEUGEOT;308 1.6 ALLURE;;NAFTA;2014;NEGRO;91.000;Cliente;-;$ 1.990.000;Vendido;Vendido;9/4/2022;3/5/2022;$ 1.570.000;;$ 7.500;;;$ 1.577.500;$ 7.500;$ 7.500;;;;;;;;
737;AE521AE;RENAULT;DUSTER PH2 PRIVILEGE 2.0;PH2 PRIVILEGE 2.0;NAFTA;2019;GRIS CUARZO;10.000;Car France;-;;Vendido;Vendido;5/4/2022;18/4/2022;$ 2.962.012;$ 10.000;;;;$ 2.972.012;$ 10.000;$ 10.000;;;;;;;;
738;KQK105;CHEVROLET;CLASSIC LT  SPIRIT 1.4;CLASSIC LT  SPIRIT 1.4;NAFTA;2011;BEIGE;150.000;Cliente;-;$ 1.000.000;Vendido;Vendido;9/4/2022;2/7/2022;$ 650.000;;$ 43.170;;;$ 693.170;$ 43.170;$ 43.170;;;;;;;;
739;POA623;CHEVROLET;S10 CD 2.8 TD 4X4 LTZ A/T;CD 2.8 TD 4X4 LTZ A/T;DIESEL;2016;GRIS PLATA;157.000;Cliente;-;$ 4.750.000;Vendido;Vendido;9/4/2022;3/1/2023;$ 3.090.000;;$ 5.900;;;$ 3.095.900;;$ 5.900;;;;;;;;
740;AD628YQ;CHEVROLET;ONIX 1.4 N LT;1.4 N LT;NAFTA;2019;GRIS GRAFITO;29.600;Metz;-;$ 2.420.000;Vendido;Vendido;27/4/2022;10/5/2022;$ 1.911.531;$ 10.000;;;;$ 1.921.531;$ 10.000;$ 10.000;;;;;;;;
741;OYL730;CHEVROLET;SPIN ACTIV 1.8 MT;ACTIV 1.8 MT;GNC;2015;NEGRO;98.000;Cliente;-;$ 2.180.000;Vendido;Vendido;16/4/2022;16/6/2022;$ 1.790.000;;$ 18.680;;;$ 1.808.680;$ 18.680;$ 18.680;;;;;;;;
742;AC279IS;CHEVROLET;TRACKER AWD LTZ+;Ramiro;NAFTA;2018;BLANCO;46.700;Kyoto;-;$ 4.065.000;Vendido;Vendido;27/4/2022;3/10/2022;$ 3.076.988;$ 10.000;$ 8.500;;;$ 3.095.488;$ 18.500;$ 18.500;;;;;;;;
743;AD999QX;FIAT;TORO FREEDOM 1.8 16V 4X2 AT6;FREEDOM 1.8 16V 4X2 AT6;NAFTA;2019;GRIS OSCURO;42.000;Kyoto;-;$ 4.300.000;Vendido;Vendido;27/4/2022;14/7/2022;$ 3.342.900;$ 10.000;$ 15.200;;;$ 3.368.100;$ 25.200;$ 25.200;;;;;;;;
744;AC073KW;FORD;FOCUS 5P 1.6 L N MT S;5P 1.6 L N MT S;NAFTA;2017;BLANCO;55.000;Kyoto;-;$ 2.555.000;Vendido;Vendido;18/4/2022;9/5/2022;$ 1.900.388;$ 7.000;$ 15.000;;;$ 1.922.388;$ 22.000;$ 22.000;;;;;;;;
745;NDE245;FORD;KA FLY VIRAL 1.0;FLY VIRAL 1.0;NAFTA;2013;BLANCO;73.000;Cliente;-;$ 1.005.000;Vendido;Vendido;11/4/2022;11/5/2022;$ 750.000;;$ 27.632;;;$ 777.632;$ 27.632;$ 27.632;;;;;;;;
746;AF198ES;NISSAN;KICKS ADVANCE PLUS CVT;ADVANCE PLUS CVT;NAFTA;2022;GRIS PLATA;0KM PAT;Kyoto;-;;Vendido;Vendido;20/4/2022;23/6/2022;$ 3.285.240;$ 7.000;;;;$ 3.292.240;$ 7.000;$ 7.000;;;;;;;;
747;AE100MA;RENAULT;CAPTUR INTENS 2.0;;NAFTA;2020;MARFIL + NEGRO;11.400;Car France;-;$ 3.895.000;Vendido;Vendido;18/4/2022;27/9/2022;$ 3.236.698;$ 7.000;$ 21.736;;;$ 3.265.434;$ 28.736;$ 28.736;;;;;;;;
748;AA564TN;RENAULT;DUSTER PH2 PRIVILEGE 2.0 4X4;PH2 PRIVILEGE 2.0 4X4;GNC;2016;BLANCO GLACIAR;87.000;Cliente;-;$ 3.300.000;Vendido;Vendido;18/4/2022;18/7/2022;$ 2.750.000;;$ 600;;;$ 2.750.600;$ 600;$ 600;;;;;;;;
749;AD501HL;RENAULT;DUSTER OROCH DYNAMIQUE 2.0 4X4;DYNAMIQUE 2.0 4X4;NAFTA;2019;GRIS CUARZO;41.000;Car France;-;$ 2.975.000;Vendido;Vendido;18/4/2022;15/11/2022;$ 3.079.520;$ 7.000;$ 35.100;;;$ 3.121.620;$ 42.100;$ 42.100;;;;;;;;
750;AF289ZS;RENAULT;LOGAN PH2 LIFE 1.6;;NAFTA;2022;BLANCO GLACIAR;0;Cliente;-;;Vendido;Vendido;19/3/2022;28/4/2022;$ 2.398.597;$ 7.000;$ 3.500;;;$ 2.409.097;$ 10.500;$ 10.500;;;;;;;;
751;AF435XH;NISSAN;VERSA SENSE CVT;SENSE CVT;NAFTA;2022;GRIS OSCURO;0KM;Kyoto;-;;Vendido;Vendido;20/4/2022;11/6/2022;$ 3.243.226;$ 7.000;;;;$ 3.250.226;$ 7.000;$ 7.000;;;;;;;;
752;208a2022;PEUGEOT;208 1.6 ALLURE;1.6 ALLURE;NAFTA;2022;;;Metz;-;;Consignacion;;29/4/2022;;;;;;;$ 0;$ 0;$ 0;;;;;;;;
753;AC734MI;RENAULT;DUSTER PH2 DYNAMIQUE 1.6;PH2 DYNAMIQUE 1.6;NAFTA;2018;GRIS ACERO;59.000;Car France;-;$ 3.020.000;Vendido;Vendido;3/5/2022;10/8/2022;$ 2.420.564;$ 7.000;$ 76.233;;;$ 2.503.797;$ 83.233;$ 83.233;;;;;;;;
754;AB152YY;RENAULT;DUSTER OROCH OUTSIDER PLUS 2.0;Ramiro;NAFTA;2017;BLANCO GLACIAR;17.000;Car France;-;$ 3.250.000;Vendido;Vendido;3/5/2022;22/10/2022;$ 2.669.255;$ 7.000;;;$ 1.501;$ 2.677.756;$ 8.501;$ 8.501;;;;;;;;
755;AF365RH;RENAULT;KANGOO EMOTION 1.6 Sce 5 ASIENTOS;EMOTION 1.6 Sce 5 ASIENTOS;NAFTA;2022;BLANCO GLACIAR;0KM;Car France;-;;Vendido;Vendido;5/5/2022;5/5/2022;$ 3.570.042;$ 7.000;;;;$ 3.577.042;$ 7.000;$ 7.000;;;;;;;;
756;OXN801;RENAULT;NUEVO SANDERO;PRIVILEGE 1.6;NAFTA;2015;ROJO FUEGO;60.000;Cliente;-;;Vendido;Vendido;2/5/2022;14/6/2022;$ 1.650.000;;$ 2.800;;;$ 1.652.800;$ 2.800;$ 2.800;;;;;;;;
757;LEE440;TOYOTA;COROLLA XEI 1.8 6M;Betterete;NAFTA;2012;VERDE;214.000;Cliente;-;$ 1.815.000;Vendido;Vendido;6/4/2022;8/10/2022;$ 1.290.000;;$ 1.000;;;$ 1.291.000;$ 1.000;$ 1.000;;;;;;;;
758;AC691XZ;TOYOTA;COROLLA XEI 1.8 CVT;XEI 1.8 CVT;NAFTA;2018;BLANCO;66.500;Kyoto;-;;Vendido;Vendido;18/4/2022;23/6/2022;$ 2.812.088;$ 7.000;$ 1.200;;;$ 2.820.288;$ 8.200;$ 8.200;;;;;;;;
759;AD729GY;TOYOTA;ETIOS X 1.5 6M/T 5 PTAS;;NAFTA;2019;GRIS ALUMINIUM;13.200;Metz;-;;Vendido;Vendido;18/4/2022;5/5/2022;$ 2.242.782;$ 7.000;;;;$ 2.249.782;$ 7.000;$ 7.000;;;;;;;;
760;HZL254;TOYOTA;HILUX 4X4 CD SRV 4X4 MT;4X4 CD SRV 4X4 MT;DIESEL;2009;GRIS PLATA;220.000;Cliente;-;$ 3.100.000;Vendido;Vendido;30/3/2022;30/11/2022;$ 2.590.000;;$ 60.729;$ 30.207;;$ 2.680.937;$ 90.937;$ 90.937;;;;;;;;
761;MAF367;VW;SAVEIRO;1.6 CAB EXTE;NAFTA;2013;GRIS PLATA;115.000;Cliente;-;$ 1.580.000;Vendido;Vendido;29/4/2022;10/7/2023;$ 1.180.000;;$ 64.500;;;$ 1.244.500;$ 64.500;$ 64.500;;;;;;;;
762;AB092PM;FORD;FOCUS 5P 1.6 L N MT S;5P 1.6 L N MT S;NAFTA;2017;BORDO;25.000;Metz;-;$ 2.755.000;Vendido;Vendido;6/5/2022;11/1/2023;$ 2.125.274;$ 7.000;$ 8.684;;;$ 2.140.958;$ 15.684;$ 15.684;;;;;;;;
763;AF308LE;PEUGEOT;208 1.6 ALLURE;1.6 ALLURE;NAFTA;2022;AZUL;0KM PAT;Metz;-;;Vendido;Vendido;6/5/2022;6/5/2022;$ 3.326.810;$ 10.000;;;;$ 3.336.810;$ 10.000;$ 10.000;;;;;;;;
764;NBI242;CHEVROLET;AGILE LT 1.4;LT 1.4;NAFTA;2013;GRIS PLATA;50.000;Cliente;-;$ 1.450.000;Vendido;Vendido;10/5/2022;27/5/2022;$ 1.080.000;;;;;$ 1.080.000;$ 0;$ 0;;;;;;;;
765;AC956RJ;CHEVROLET;ONIX LT 1.4;LT 1.4;NAFTA;2018;BORDO;90.000;Cliente;-;$ 2.470.000;Vendido;Vendido;6/5/2022;4/2/2023;$ 1.850.000;;$ 36.250;;;$ 1.886.250;$ 36.250;$ 36.250;;;;;;;;
766;AC618ZM;CHEVROLET;TRACKER LTZ FWD PREMIER;;NAFTA;2018;BORDO;51.000;Car France;-;$ 3.710.000;Vendido;Vendido;23/5/2022;9/5/2023;$ 2.785.750;$ 7.000;$ 15.000;;;$ 2.807.750;$ 22.000;$ 22.000;;;;;;;;
767;AE131PO;CHEVROLET;TRACKER LTZ FWD PREMIER;;NAFTA;2019;BLANCO;22.500;Cliente;-;$ 3.915.000;Vendido;Vendido;10/5/2022;8/9/2022;$ 3.430.000;;$ 17.400;;;$ 3.447.400;$ 17.400;$ 17.400;;;;;;;;
768;AB314YZ;FIAT;TORO FREEDOM 2.0 16V 4X2;Tomas;DIESEL;2017;ROJO;70.000;Cliente;-;$ 3.700.000;Vendido;Vendido;11/5/2022;26/10/2022;$ 3.030.000;;$ 15.000;;;$ 3.045.000;$ 15.000;$ 15.000;;;;;;;;
769;MNK399;FIAT;QUBO 1.4 8V DYNAMIC;;NAFTA;2013;ROJO;73.000;Cliente;-;$ 1.500.000;Vendido;Vendido;5/5/2022;11/6/2022;$ 1.189.000;;;;;$ 1.189.000;$ 0;$ 0;;;;;;;;
770;AD520ZS;FIAT;STRADA ADVENTURE 1.6;ADVENTURE 1.6;NAFTA;2018;GRIS;60.000;Kyoto;-;$ 2.700.000;Vendido;Vendido;11/5/2022;5/8/2022;$ 1.919.635;$ 7.000;$ 1.240;;;$ 1.927.875;$ 8.240;$ 8.240;;;;;;;;
771;LMB183;FORD;FOCUS 5P 1.6 L TREND ;5P 1.6 L TREND ;NAFTA;2012;GRIS PLATA;187.100;Cliente;-;$ 1.595.000;Vendido;Vendido;9/5/2022;31/8/2022;$ 1.150.000;;;;;$ 1.150.000;$ 0;$ 0;;;;;;;;
772;NYS273;FORD;FOCUS 5P 2.0 SE AT;5P 2.0 SE AT;NAFTA;2014;GRIS OSCURO;150.000;Cliente;-;$ 2.370.000;Vendido;Vendido;10/5/2022;16/6/2022;$ 2.140.000;;$ 11.000;;;$ 2.151.000;$ 11.000;$ 11.000;;;;;;;;
773;AE394UF;JEEP;RENEGADE 1.8 LONGITUDE AT6;;NAFTA;2020;BLANCO;62.000;Kyoto;-;$ 5.200.000;Vendido;Vendido;23/5/2022;30/11/2022;$ 4.153.300;$ 7.000;$ 24.300;;;$ 4.184.600;$ 31.300;$ 31.300;;;;;;;;
774;AE246KX;NISSAN;FRONTIER CD XE 2.3 D 4X2 MT;;DIESEL;2020;GRIS PLATA;12.000;Kyoto;-;$ 5.700.000;Vendido;Vendido;6/5/2022;6/9/2022;$ 4.646.010;$ 7.000;$ 2.414;;;$ 4.655.424;$ 9.414;$ 9.414;;;;;;;;
775;AB398OO;NISSAN;NOTE EXCLUSIVE CVT PURE DRIVE;;NAFTA;2017;BLANCO;29.000;Kyoto;-;$ 2.810.000;Vendido;Vendido;11/5/2022;22/9/2022;$ 2.228.600;$ 7.000;$ 31.209;$ 16.551;;$ 2.283.360;$ 54.760;$ 54.760;;;;;;;;
776;OKV155;PEUGEOT;208 1.5 ALLURE;1.5 ALLURE;NAFTA;2015;GRIS OSCURO;67.000;Cliente;-;$ 2.055.000;Vendido;Vendido;5/5/2022;6/8/2022;$ 1.680.000;;$ 41.250;;;$ 1.721.250;;$ 41.250;;;;;;;;
777;AF333PQ;PEUGEOT;208 1.6 ALLURE;1.6 ALLURE;NAFTA;2022;BLANCO NACAR;0KM PAT;Metz;-;$ 3.870.000;Vendido;Vendido;11/5/2022;24/5/2022;$ 3.326.810;$ 7.000;$ 5.172;;;$ 3.338.982;$ 12.172;$ 12.172;;;;;;;;
778;AB626RT;PEUGEOT;2008 1.6 SPORT;1.6 SPORT;NAFTA;2017;BLANCO;95.000;Cliente;-;$ 3.020.000;Stock;Vendido;VE;31/8/2022;$ 2.450.000;;$ 18.000;;;$ 2.468.000;$ 18.000;$ 18.000;;;;;;;;
779;AF475DQ;PEUGEOT;208 1.6 FELINE TIPTRONIC;;NAFTA;2022;AZUL;0KM PAT;Metz;-;$ 4.560.000;Vendido;Vendido;23/5/2022;2/7/2022;$ 3.315.420;$ 7.000;$ 3.000;;;$ 3.325.420;$ 10.000;$ 10.000;;;;;;;;
780;AE388RF;RENAULT;DUSTER OROCH DYNAMIQUE 2.0;;NAFTA;2020;GRIS PLATA;38.500;Car France;-;$ 3.850.000;Vendido;Vendido;11/5/2022;16/9/2022;$ 3.039.053;$ 7.000;$ 30.497;;;$ 3.076.550;$ 37.497;$ 37.497;;;;;;;;
781;AD190QZ.;RENAULT;KANGOO CONFORT 1.6 sCe;CONFORT 1.6 sCe;NAFTA;2018;GRIS PLATA;57.000;Cliente;-;$ 2.700.000;Vendido;Vendido;13/5/2022;29/6/2022;$ 2.250.000;;;;;$ 2.250.000;$ 0;$ 0;;;;;;;;
782;AE387CK;RENAULT;KANGOO CONFORT 5 ASIENTOS 1.6 sCe;CONFORT 5 ASIENTOS 1.6 sCe;NAFTA;2020;BLANCO GLACIAR;14.000;Car France;-;$ 3.400.000;Vendido;Vendido;23/5/2022;16/6/2022;$ 2.696.246;$ 7.000;$ 171.500;;;$ 2.874.746;$ 178.500;$ 178.500;;;;;;;;
783;AE030CW;RENAULT;NUEVO SANDERO STEPWAY INTENS 1.6 CVT;STEPWAY INTENS 1.6 CVT;NAFTA;2020;BEIGE;20.000;Cliente;-;$ 3.350.000;Vendido;Vendido;17/5/2022;2/8/2022;$ 2.780.000;;;;;$ 2.780.000;$ 0;$ 0;;;;;;;;
784;AD721AW;TOYOTA;COROLLA XEI PACK 1.8 CVT;XEI PACK 1.8 CVT;NAFTA;2019;BLANCO;34.000;Kyoto;-;$ 3.850.000;Vendido;Vendido;23/5/2022;8/8/2022;$ 3.172.716;$ 7.000;$ 18.750;;;$ 3.198.466;$ 25.750;$ 25.750;;;;;;;;
785;AD173IN;TOYOTA;HILUX 4X4 CD SRV 2.8 4X4 MT;4X4 CD SRV 2.8 4X4 MT;DIESEL;2018;BLANCO;55.300;Cliente;-;$ 6.800.000;Vendido;Vendido;10/5/2022;22/6/2022;$ 7.000.000;;$ 10.500;;;$ 7.010.500;$ 10.500;$ 10.500;;;;;;;;
786;GKQ205;VW;SURAN 1.6 TRENDLINE;;GNC;2007;GRIS PLATA;107.000;Cliente;-;$ 1.155.000;Vendido;Vendido;3/5/2022;19/7/2022;$ 943.896;;$ 34.773;;;$ 978.669;$ 34.773;$ 34.773;;;;;;;;
787;IDL815;PEUGEOT;207 COMPACT XR 1.4 N 5P;;NAFTA;2009;GRIS OSCURO;105.000;Cliente;-;$ 1.070.000;Vendido;Vendido;27/5/2022;19/7/2022;$ 750.000;;;;;$ 750.000;$ 0;$ 0;;;;;;;;
788;MVL789;PEUGEOT;3008 FELINE TIPTRONIC;FELINE TIPTRONIC;NAFTA;2013;BLANCO;71.000;Cliente;-;$ 2.145.000;Vendido;Vendido;26/5/2022;29/8/2022;$ 1.650.000;;$ 6.000;;;$ 1.656.000;$ 6.000;$ 6.000;;;;;;;;
789;OXL649;RENAULT;CLIO MIO 1.2 CONFORT PACK;1.2 CONFORT PACK;NAFTA;2015;BLANCO GLACIAR;42.000;Cliente;-;$ 1.340.000;Vendido;Vendido;24/5/2022;19/7/2022;$ 1.050.000;;$ 70.500;;;$ 1.120.500;$ 70.500;$ 70.500;;;;;;;;
790;POA435;TOYOTA;ETIOS 1.5 XLS 5 PTAS;;NAFTA;2016;GRIS PLATA;71.000;Cliente;-;$ 2.020.000;Vendido;Vendido;23/5/2022;29/6/2022;$ 1.640.000;;;;;$ 1.640.000;$ 0;$ 0;;;;;;;;
791;AD450NJ;FORD;ECOSPORT TITANIUM 1.5;TITANIUM 1.5;NAFTA;2019;ROJA;52.000;Cliente;-;$ 3.440.000;Vendido;Vendido;28/5/2022;28/1/2023;$ 3.050.000;;;;;$ 3.050.000;$ 0;$ 0;;;;;;;;
792;AA614DQ;RENAULT;DUSTER OROCH OUTSIDER 1.6;OUTSIDER 1.6;NAFTA;2016;BLANCO GLACIAR;59.000;Car France;-;$ 2.950.000;Vendido;Vendido;31/5/2022;26/11/2022;$ 2.435.285;$ 7.000;$ 60.729;;;$ 2.503.014;$ 67.729;$ 67.729;;;;;;;;
793;LVT303;CITROEN;C3 1.4 SX PACK SEGURIDAD;1.4 SX PACK SEGURIDAD;NAFTA;2012;BEIGE;150.000;Cliente;-;$ 1.200.000;Vendido;Vendido;11/6/2022;19/7/2022;$ 900.000;;;;;$ 900.000;$ 0;$ 0;;;;;;;;
794;EAQ591;FORD;RANGER DC XL 4X4 2.8L;;DIESEL;2002;GRIS PLATA;328.000;Cliente;-;$ 1.680.000;Vendido;Vendido;31/5/2022;16/6/2022;$ 1.120.000;;;;;$ 1.120.000;$ 0;$ 0;;;;;;;;
795;AE581MC;NISSAN;VERSA V DRIVE MT;V DRIVE MT;GNC;2021;BLANCO;68.000;Cliente;-;$ 3.150.000;Vendido;Vendido;11/6/2022;25/8/2022;$ 2.083.000;;$ 22.500;;;$ 2.105.500;$ 22.500;$ 22.500;;;;;;;;
796;IYA415;VW;AMAROK 2.0L TDI 4X4 DC HIGHLINE;Cholo;DIESEL;2010;GRIS PLATA;;Cliente;-;$ 3.750.000;Vendido;Vendido;16/6/2022;14/10/2022;$ 3.750.000;;;;;$ 3.750.000;$ 0;$ 0;;;;;;;;
797;MTK945;VW;AMAROK 2.0L TDI 4X4 DC HIGHLINE PACK;2.0L TDI 4X4 DC HIGHLINE PACK;DIESEL;2013;GRIS PLATA;250.000;Cliente;-;$ 4.950.000;Vendido;Vendido;3/6/2022;;$ 3.690.000;;;;;$ 3.690.000;;$ 0;;;;;;;;
798;AB210NB;VW;GOL TREND TRENDLINE 1.6;TREND TRENDLINE 1.6;NAFTA;2017;BLANCO;50.000;Cliente;-;$ 2.205.000;Vendido;Vendido;4/6/2022;24/8/2022;$ 1.900.000;;$ 28.200;;;$ 1.928.200;$ 28.200;$ 28.200;;;;;;;;
799;NJR114;CHEVROLET;SPIN LT 1.8 MT;Betterete;NAFTA;2013;GRIS;106.000;Cliente;-;$ 2.100.000;Vendido;Vendido;13/6/2022;8/10/2022;$ 1.679.000;;$ 10.000;$ 1.340;;$ 1.690.340;$ 11.340;$ 11.340;;;;;;;;
800;AB711ML;PEUGEOT;208 1.6 ALLURE NAV TIPTRONIC;;NAFTA;2017;BLANCO;32.000;Metz;-;$ 2.550.000;Vendido;Vendido;13/6/2022;1/11/2022;$ 2.026.000;$ 7.000;;;;$ 2.033.000;$ 7.000;$ 7.000;;;;;;;;
801;AC521NE;PEUGEOT;BOXER 2.2 HDI CHASIS CABINA;2.2 HDI CHASIS CABINA;DIESEL;2018;BLANCO;97.000;Car France;-;$ 4.600.000;Vendido;Vendido;13/6/2022;9/2/2023;$ 2.727.776;$ 14.000;$ 346.321;$ 55.250;;$ 3.143.347;$ 415.571;$ 415.571;;;;;;;;
802;AD673KD;RENAULT;KANGOO CONFORT 1.6 sCe;CONFORT 1.6 sCe;NAFTA;2019;GRIS PLATA;44.000;Car France;-;$ 3.000.000;Vendido;Vendido;13/6/2022;2/8/2022;$ 2.497.045;$ 7.000;;;;$ 2.504.045;$ 7.000;$ 7.000;;;;;;;;
803;AD910JP;RENAULT;KANGOO CONFORT 5 ASIENTOS 1.6 sCe;;NAFTA;2019;ROJO VIVO;32.000;Car France;-;$ 3.300.000;Vendido;Vendido;13/6/2022;16/9/2022;$ 2.755.360;$ 7.000;$ 16.500;;;$ 2.778.860;$ 23.500;$ 23.500;;;;;;;;
804;JGR087;PEUGEOT;206 1.4 GENERATION;1.4 GENERATION;NAFTA;2010;GRIS PLATA;150.000;Cliente;-;$ 920.000;Vendido;Vendido;14/6/2022;19/7/2022;$ 650.000;;;;;$ 650.000;$ 0;$ 0;;;;;;;;
805;AF291VZ;PEUGEOT;208 1.6 ALLURE TIPTRONIC;208 1.6 ALLURE TIPTRONIC;NAFTA;2022;GRIS ALUMINIUM;0KM PAT;Metz;-;$ 4.210.000;Vendido;Vendido;24/6/2022;24/6/2022;$ 3.639.336;$ 7.000;;;;$ 3.646.336;$ 7.000;$ 7.000;;;;;;;;
806;AC516CH;RENAULT;KWID LIFE 1.0;75;NAFTA;2018;BORDO;13.000;Car France;-;$ 1.850.000;Vendido;Vendido;13/6/2022;27/8/2022;$ 1.164.950;$ 7.000;$ 20.150;;;$ 1.192.100;$ 27.150;$ 27.150;;;;;;;;
807;OZS549;VW;GOLF 1.6 FSI TRENDLINE;1.6 FSI TRENDLINE;NAFTA;2015;BLANCO;35.000;Kyoto;-;$ 2.595.000;Vendido;Vendido;13/6/2022;27/7/2022;$ 1.962.758;$ 7.000;$ 60.000;;;$ 2.029.758;$ 67.000;$ 67.000;;;;;;;;
808;AD173IN;TOYOTA;4X4 CD SRV 2.8 4X4 MT;HILUX 4X4 CD SRV 2.8 4X4 MT;DIESEL;2018;BLANCO;55.300;Cliente;-;$ 7.100.000;Vendido;Vendido;22/6/2022;22/6/2022;$ 7.000.000;;;;;$ 7.000.000;$ 0;$ 0;;;;;;;;
809;AF291VU;NISSAN;VERSA 1.6 ADVANCE CVT;1.6 ADVANCE CVT;NAFTA;2022;GRIS OSCURO;0KM PAT;Kyoto;-;$ 4.950.000;Vendido;Vendido;23/6/2022;27/7/2022;$ 3.666.755;$ 10.000;;;;$ 3.676.755;$ 10.000;$ 10.000;;;;;;;;
810;AC696BH;PEUGEOT;308 1.6 ACTIV NAV;;NAFTA;2018;BLANCO;7.500;Metz;-;$ 3.000.000;Vendido;Vendido;22/6/2022;18/7/2022;$ 2.043.571;$ 10.000;$ 15.000;;;$ 2.068.571;$ 25.000;$ 25.000;;;;;;;;
811;AF538ED;RENAULT;KANGOO EMOTION 1.6 sCe;;NAFTA;2022;GRIS ETOILE;0KM;Car France;-;$ 4.190.000;Vendido;Vendido;29/7/2022;29/7/2022;$ 3.748.856;$ 7.000;;;;$ 3.755.856;$ 7.000;$ 7.000;;;;;;;;
812;OXA736;VW;GOL TREND HIGHLINE 1.6;TREND HIGHLINE 1.6;NAFTA;2015;BLANCO;75.000;Cliente;-;$ 1.820.000;Vendido;Vendido;23/6/2022;29/8/2022;$ 1.500.000;;;;;$ 1.500.000;$ 0;$ 0;;;;;;;;
813;AB291SG;RENAULT;FLUENCE PH2 1.6 DYNAMIQUE PACK;;NAFTA;2017;ROJO FUEGO;75.000;Cliente;-;$ 2.000.000;Vendido;Vendido;23/6/2022;5/1/2023;$ 1.690.000;;$ 22.000;;;$ 1.712.000;$ 22.000;$ 22.000;;;;;;;;
814;JZF380;FIAT;FIORINO 1.3 FIRE CONFORT;1.3 FIRE CONFORT;NAFTA;2011;GRIS PLATA;156.000;Cliente;-;$ 1.090.000;Vendido;Vendido;29/6/2022;19/7/2022;$ 600.000;;;;;$ 600.000;$ 0;$ 0;;;;;;;;
815;OIB729;CITROEN;BERLINGO 1.4 BUSINESS;1.4 BERLINGO BUSINESS;GNC;2014;GRIS;175.000;Cliente;-;$ 1.650.000;Vendido;Vendido;29/6/2022;5/11/2022;$ 1.245.000;;$ 28.900;;;$ 1.273.900;$ 28.900;$ 28.900;;;;;;;;
816;AC268QI;CHEVROLET;CRUZE 1.4 LTZ+ PLUS AT;1.4 LTZ+ PLUS AT;NAFTA;2018;BLANCO;82.000;Cliente;-;$ 4.045.000;Vendido;Vendido;27/6/2022;29/11/2022;$ 3.375.000;;$ 36.000;$ 136.766;;$ 3.547.766;$ 172.766;$ 172.766;;;;;;;;
817;AD621RH;PEUGEOT;3008 GT-LINE THP TIPTRONIC;;NAFTA;2019;BORDO;29.000;Kyoto;-;$ 8.000.000;Vendido;Vendido;30/6/2022;28/9/2022;$ 6.179.300;$ 10.000;$ 11.250;;;$ 6.200.550;$ 21.250;$ 21.250;;;;;;;;
818;AC858ES;RENAULT;NUEVO SANDERO STEPWAY PRIVILEGE 1.6;STEPWAY PRIVILEGE 1.6;NAFTA;2018;BLANCO GLACIAR;30.000;Car France;-;$ 2.770.000;Vendido;Vendido;30/6/2022;6/8/2022;$ 1.620.800;$ 7.000;;;;$ 1.627.800;$ 7.000;$ 7.000;;;;;;;;
819;AC600YP;NISSAN;KICKS 1.6 EXCLUSIVE CVT;;NAFTA;2018;GRIS PLATA;22.000;Kyoto;-;$ 4.700.000;Vendido;Vendido;30/6/2022;30/9/2022;$ 3.565.760;$ 10.000;;;;$ 3.575.760;$ 10.000;$ 10.000;;;;;;;;
820;AB785NO;TOYOTA;HILUX 2.4 DC 4X4 TDI DX 6 MT;Agustina;DIESEL;2017;BLANCO;117.000;Cliente;-;$ 5.500.000;Vendido;Vendido;22/6/2022;28/11/2022;$ 4.500.000;;$ 1.447.319;$ 34.750;;$ 5.982.069;$ 1.482.069;$ 1.482.069;;;;;;;;
821;AE742XZ;TOYOTA;SW4 SRX 2.8 TDI AT 7 AS;SRX 2.8 TDI AT 7 AS;DIESEL;2021;GRIS PLATA;25.800;Cliente;-;$ 11.800.000;Vendido;Vendido;1/7/2022;17/8/2022;$ 10.500.000;;;;;$ 10.500.000;$ 0;$ 0;;;;;;;;
822;GBS804;FORD;ECOSPORT XLS 1.6;XLS 1.6;NAFTA;2007;BEIGE;125.000;Cliente;-;$ 1.440.000;Vendido;Vendido;13/7/2022;17/3/2023;$ 930.000;;$ 56.600;;;$ 986.600;$ 56.600;$ 56.600;;;;;;;;
823;AA949XD;FORD;FOCUS 5P 1.6 L N MT S;Betterete;NAFTA;2017;AZUL;90.000;Cliente;-;$ 3.100.000;Vendido;Vendido;7/7/2022;8/10/2022;$ 2.540.000;;$ 100.000;;;$ 2.640.000;$ 100.000;$ 100.000;;;;;;;;
824;AB484YA;SMART;FORFOUR PLAY;;NAFTA;2017;AZUL / GRIS;36.000;Cliente;-;$ 3.350.000;Vendido;Vendido;3/7/2022;25/8/2023;$ 2.890.000;;$ 161.500;$ 95.580;;$ 3.147.080;$ 257.080;$ 257.080;;;;;;;;
825;AF086EL;NISSAN;KICKS 1.6 EXCLUSIVE CVT;1.6 EXCLUSIVE CVT;NAFTA;2021;AZUL + NEGRO;0KM PAT;Kyoto;-;$ 6.500.000;Vendido;Vendido;18/7/2022;26/8/2022;$ 6.191.608;;;;;$ 6.191.608;$ 0;$ 0;;;;;;;;
826;AF139AK;NISSAN;KICKS 1.6 ADVANCE CVT;1.6 ADVANCE CVT;NAFTA;2022;BLANCO;0KM PAT;Kyoto;-;$ 6.400.000;Vendido;Vendido;18/7/2022;25/7/2022;$ 3.738.469;$ 7.000;;;;$ 3.745.469;$ 7.000;$ 7.000;;;;;;;;
827;AF352ZH;PEUGEOT;208 1.6 FELINE TIPTRONIC;;NAFTA;2022;BLEU QUASAR;0KM PAT;Metz;-;$ 5.300.000;Vendido;Vendido;18/7/2022;22/8/2022;$ 3.789.502;$ 10.000;;;;$ 3.799.502;$ 10.000;$ 10.000;;;;;;;;
828;AB001RI;RENAULT;DUSTER PH2 PRIVILEGE 1.6;;NAFTA;2017;GRIS ACERO;20.000;Car France;-;$ 3.250.000;Vendido;Vendido;18/7/2022;12/12/2022;$ 2.340.000;$ 7.000;;;;$ 2.347.000;$ 7.000;$ 7.000;;;;;;;;
829;AC654TG;NISSAN;MARCH ACTIVE;;NAFTA;2018;ROJO;13.320;Car France;-;$ 2.250.000;Vendido;Vendido;18/7/2022;6/1/2023;$ 1.825.426;$ 7.000;$ 31.500;;;$ 1.863.926;$ 38.500;$ 38.500;;;;;;;;
830;AE677SQ;RENAULT;ALASKAN CONFORT 4X2 MT;;DIESEL;2021;BLANCA;26.109;Car France;-;$ 5.300.000;Vendido;Vendido;18/7/2022;22/12/2022;$ 4.507.850;$ 7.000;;;;$ 4.514.850;$ 7.000;$ 7.000;;;;;;;;
831;AE407FS;CHEVROLET;ONIX 1.0 PREMIER MT;;NAFTA;2020;BLANCO;17.373;Metz;-;$ 3.750.000;Vendido;Vendido;18/7/2022;14/3/2023;$ 3.039.000;$ 7.000;$ 10.900;$ 38.206;;$ 3.095.106;$ 56.106;$ 56.106;;;;;;;;
832;AE177QB;PEUGEOT;208 IN CONCERT 1.6;;NAFTA;2020;BLANCO;15.223;Metz;-;$ 3.300.000;Vendido;Vendido;18/7/2022;13/9/2022;$ 2.593.280;$ 7.000;$ 42.000;;;$ 2.642.280;$ 49.000;$ 49.000;;;;;;;;
833;AC442JU;RENAULT;CAPTUR INTENS1.6 CVT;;NAFTA;2018;ROJO;15.000;Metz;-;$ 3.950.000;Vendido;Vendido;18/7/2022;30/9/2022;$ 3.358.095;$ 7.000;$ 12.600;;;$ 3.377.695;$ 19.600;$ 19.600;;;;;;;;
834;AE073RC;NISSAN;FRONTIER CD LE 2.3 D 4X4 AT;;DIESEL;2019;ROJA;35.000;Kyoto;-;$ 7.000.000;Vendido;Vendido;18/7/2022;20/9/2022;$ 5.561.370;$ 7.000;$ 10.000;;;$ 5.578.370;$ 17.000;$ 17.000;;;;;;;;
835;AD977RW;NISSAN;FRONTIER CD S 2.3 D 4X2 MT;;DIESEL;2019;BLANCO;86.805;Kyoto;-;$ 4.800.000;Vendido;Vendido;18/7/2022;22/8/2022;$ 3.646.800;$ 7.000;$ 18.500;;;$ 3.672.300;$ 25.500;$ 25.500;;;;;;;;
836;OBQ745;RAM;RAM 1500 5.7 V8 LARAMIE 4X4;;NAFTA;2014;GRIS PLATA;139.498;Kyoto;-;$ 7.000.000;Vendido;Vendido;18/7/2022;11/8/2023;$ 4.310.350;$ 10.000;$ 368.550;;;$ 4.688.900;$ 378.550;$ 378.550;;;;;;;;
837;AF269MJ;RENAULT;KANGOO EMOTION 1.6 sCe;;NAFTA;2022;GRIS ETOILE;0KM;Car France;-;$ 4.190.000;Vendido;Vendido;23/6/2022;30/7/2022;$ 3.748.856;$ 10.000;;;;$ 3.758.856;$ 10.000;$ 10.000;;;;;;;;
838;OTF065;RENAULT;CLIO MIO 1.2 DYNAMIQUE;;NAFTA;2015;GRIS ACERO;61.000;Cliente;-;$ 1.690.000;Vendido;Vendido;8/8/2022;8/8/2022;$ 2.000.000;;;;;$ 2.000.000;$ 0;$ 0;;;;;;;;
839;NIA486;CITROEN;C3 PICASSO 1.6 VTI 115 TENDANCE;PICASSO 1.6 VTI 115 TENDANCE;NAFTA;2013;GRIS PLATA;132.000;Cliente;-;$ 2.850.000;Vendido;Vendido;10/8/2022;30/12/2022;$ 1.600.000;;$ 25.000;;;$ 1.625.000;$ 25.000;$ 25.000;;;;;;;;
840;AC108VU;CITROEN;C3 AIRCROSS VTI 115 FEEL AM18;;NAFTA;2017;BLANCO;45.000;Cliente;-;$ 2.850.000;Vendido;Vendido;22/7/2022;23/9/2022;$ 2.010.000;;$ 9.000;;;$ 2.019.000;$ 9.000;$ 9.000;;;;;;;;
841;NBL134;FIAT;STRADA ADVENTURE 1.6;ADVENTURE 1.6;NAFTA;2013;GRIS;134.000;Cliente;-;$ 2.200.000;Vendido;Vendido;4/8/2022;6/1/2023;$ 1.750.000;;$ 57.970;;;$ 1.807.970;$ 57.970;$ 57.970;;;;;;;;
842;AC798BB;RENAULT;NUEVO SANDERO RS 2.0;Tomas;NAFTA;2018;NEGRO;15.000;Cliente;-;$ 3.200.000;Vendido;Vendido;2/8/2022;11/10/2022;$ 2.700.000;;;;;$ 2.700.000;$ 0;$ 0;;;;;;;;
843;AC336RV;TOYOTA;RAV4 4X2 VX 2.0;4X2 VX 2.0;NAFTA;2018;GRIS OSCURO;67.000;Kyoto;-;$ 7.500.000;Vendido;Vendido;30/7/2022;5/12/2022;$ 5.186.560;$ 7.000;$ 36.000;$ 16.831;;$ 5.246.391;$ 59.831;$ 59.831;;;;;;;;
844;ORK091;VW;BEETLE 1.4 TSI DESIGN DQ;1.4 TSI DESIGN DQ;NAFTA;2015;GRIS PLATA;98.000;Cliente;-;$ 3.840.000;Vendido;Vendido;25/7/2022;2/5/2023;$ 3.000.000;;$ 69.850;;;$ 3.069.850;$ 69.850;$ 69.850;;;;;;;;
845;AA434FX;RENAULT;DUSTER OROCH DYNAMIQUE 1.6;;NAFTA;2016;GRIS ACERO;48.000;Car France;-;$ 3.100.000;Vendido;Vendido;12/8/2022;28/9/2022;$ 2.262.029;$ 7.000;;;;$ 2.269.029;$ 7.000;$ 7.000;;;;;;;;
846;AE614NH;JEEP;COMPASS SPORT 2.4 MT6 FWD;SPORT 2.4 MT6 FWD;NAFTA;2021;BLANCO;32.000;Kyoto;-;$ 7.820.000;Vendido;Vendido;11/8/2022;20/3/2023;$ 5.666.299;$ 7.000;$ 12.000;;;$ 5.685.299;$ 19.000;$ 19.000;;;;;;;;
847;AB075GY;JEEP;RENEGADE 1.8L SPORT;;NAFTA;2017;GRIS PLATA;38.000;Kyoto;-;$ 4.350.000;Vendido;Vendido;11/8/2022;21/9/2022;$ 3.039.000;$ 7.000;$ 22.000;;;$ 3.068.000;$ 29.000;$ 29.000;;;;;;;;
848;AC178FO;PEUGEOT;3008 ALLURE THP TIPTRONIC;ALLURE THP TIPTRONIC;NAFTA;2018;BLANCO;57.000;Kyoto;-;$ 7.600.000;Vendido;Vendido;11/8/2022;11/1/2023;$ 5.014.350;$ 7.000;;;;$ 5.021.350;$ 7.000;$ 7.000;;;;;;;;
849;AA395VD;HONDA;HR-V EX CVT;Hernan;NAFTA;2016;GRIS OSCURO;72.000;Kyoto;-;$ 4.600.000;Vendido;Vendido;11/8/2022;6/10/2022;$ 3.304.913;$ 7.000;$ 36.400;;;$ 3.348.313;$ 43.400;$ 43.400;;;;;;;;
850;AD304QD;FORD;ECOSPORT SE 1.5 AT;SE 1.5 AT;NAFTA;2019;GRIS PLATA;12.500;Kyoto;-;$ 3.950.000;Vendido;Vendido;15/8/2022;;$ 2.736.113;;;;;$ 2.736.113;;$ 0;;;;;;;;
851;AE121QL;FORD;KA S 1.5L;S 1.5;NAFTA;2020;ROJO;15.000;Kyoto;-;$ 2.900.000;Vendido;Vendido;15/8/2022;18/1/2023;$ 2.137.430;$ 7.000;$ 14.000;;;$ 2.158.430;$ 21.000;$ 21.000;;;;;;;;
852;AA059TL;NISSAN;NOTE ADVANCE PURE DRIVE;;NAFTA;2016;GRIS PLATA;56.000;Kyoto;-;$ 2.600.000;Vendido;Vendido;15/8/2022;31/3/2023;$ 1.701.840;$ 7.000;$ 50.000;;;$ 1.758.840;$ 57.000;$ 57.000;;;;;;;;
853;AC986XI;TOYOTA;COROLLA XEI PACK CVT 1.8;Tomas;NAFTA;2018;GRIS PLATA;44.000;Kyoto;-;$ 4.600.000;Vendido;Vendido;15/8/2022;14/10/2022;$ 3.039.000;$ 7.000;$ 7.500;;;$ 3.053.500;$ 14.500;$ 14.500;;;;;;;;
854;AB168YZ;VW;AMAROK 2.0L TDI 4X4 DC HIGHLINE PACK AT;;DIESEL;2017;GRIS PLATA;140.000;Cliente;-;$ 7.000.000;Vendido;Vendido;17/8/2022;15/9/2022;$ 4.030.000;;;;;$ 4.030.000;$ 0;$ 0;;;;;;;;
855;AE050HI;TOYOTA;SW4 4X4 SRX 2.8 TDI 6 A/T 7A;4X4 SRX 2.8 TDI 6 A/T 7A;DIESEL;2019;BLANCO;30.000;Cliente;-;$ 11.100.000;Vendido;Vendido;22/8/2022;21/1/2023;$ 11.800.000;;$ 52.990;;;$ 11.852.990;$ 52.990;$ 52.990;;;;;;;;
856;AA110YB.;CHEVROLET;TRACKER FWD LTZ MT;FWD LTZ MT;NAFTA;2016;BORDO;92.000;Cliente;-;$ 10.900.000;Vendido;Vendido;25/1/2024;;$ 10.900.000;;;;;$ 10.900.000;;$ 0;;;;;;;;
857;AF565QG;PEUGEOT;208 1.6 FELINE TIPTRONIC;Ramiro;NAFTA;2022;BLEU QUASAR;0KM PAT;Metz;-;$ 4.146.000;Vendido;Vendido;27/8/2022;6/10/2022;$ 3.789.502;$ 7.000;;;;$ 3.796.502;$ 7.000;$ 7.000;;;;;;;;
858;AF565QJ;PEUGEOT;208 1.6 FELINE TIPTRONIC;Tomas;NAFTA;2022;BLEU QUASAR;0KM PAT;Metz;-;$ 4.146.000;Vendido;Vendido;27/8/2022;17/10/2022;$ 3.789.502;$ 7.000;;;;$ 3.796.502;$ 7.000;$ 7.000;;;;;;;;
859;AF005BC;NISSAN;KICKS 1.6 EXCLUSIVE CVT;1.6 EXCLUSIVE CVT;NAFTA;2021;WHITE + BLACK;0KM PAT;Kyoto;-;$ 6.500.000;Vendido;Vendido;9/12/2022;9/12/2022;$ 6.500.000;$ 7.000;;;;$ 6.507.000;$ 7.000;$ 7.000;;;;;;;;
860;AF325JQ;NISSAN;KICKS 1.6 ADVANCE CVT;1.6 ADVANCE CVT;NAFTA;2022;GRIS PLATA;0KM PAT;Kyoto;-;$ 4.147.200;Vendido;Vendido;27/8/2022;14/2/2023;$ 3.768.539;;;;;$ 3.768.539;$ 0;$ 0;;;;;;;;
861;ICP700;HYUNDAI;TUCSON 2.0 4WD;2.0 4WD;GNC;2009;NEGRO;198.000;Cliente;-;$ 2.150.000;Vendido;Vendido;24/8/2022;30/12/2022;$ 1.490.000;;$ 70.000;$ 16.110;;$ 1.576.110;$ 86.110;$ 86.110;;;;;;;;
862;AB750PL;NISSAN;KICKS 1.6 ADVANCE CVT;1.6 ADVANCE CVT;NAFTA;2017;AZUL;80.000;Cliente;-;$ 4.350.000;Vendido;Vendido;26/8/2022;29/12/2022;$ 3.650.000;;;;;$ 3.650.000;$ 0;$ 0;;;;;;;;
863;AF373GX;NISSAN;VERSA 1.6 ADVANCE CVT;1.6 ADVANCE CVT;NAFTA;2022;GRIS OSCURO;0KM PAT;Kyoto;-;$ 4.147.200;Vendido;Vendido;3/8/2022;29/8/2022;$ 3.768.540;$ 7.000;;;;$ 3.775.540;$ 7.000;$ 7.000;;;;;;;;
864;AE236TX;PEUGEOT;2008 1.6 ALLURE AM20;Tomas;NAFTA;2020;GRIS ALUMINIUM;27.000;Metz;-;$ 2.900.000;Vendido;Vendido;22/8/2022;31/10/2022;$ 2.907.310;$ 7.000;;;;$ 2.914.310;$ 7.000;$ 7.000;;;;;;;;
865;OLT097;NISSAN;SENTRA SENSE PURE DRIVE;;NAFTA;2014;GRIS OSCURO;145.000;Cliente;-;$ 2.300.000;Vendido;Vendido;29/8/2022;19/4/2023;$ 1.600.000;;;;;$ 1.600.000;$ 0;$ 0;;;;;;;;
866;JQB718;VW;VOYAGE 1.6 COMFORTLINE;Betterete;NAFTA;2011;NEGRO;140.000;Cliente;-;$ 1.800.000;Vendido;Vendido;29/8/2022;8/10/2022;$ 1.400.000;;;;;$ 1.400.000;$ 0;$ 0;;;;;;;;
867;OQA726;PEUGEOT;308 1.6 ALLURE NAV HDI;;DIESEL;2015;GRIS PLATA;95.000;Cliente;-;$ 3.050.000;Vendido;Vendido;13/9/2022;28/3/2023;$ 2.580.000;;$ 58.296;;;$ 2.638.296;$ 58.296;$ 58.296;;;;;;;;
868;FZM760;TOYOTA;SW4 4X4 SRV 3.0 TDI A/T CUERO;Cholo;DIESEL;2007;GRIS PLATA;230.000;Cliente;-;$ 5.100.000;Vendido;Vendido;20/9/2022;27/11/2023;$ 4.550.000;;$ 52.500;;;$ 4.602.500;$ 52.500;$ 52.500;;;;;;;;
869;AE025GW;FORD;KA SE 1.5;SE 1.5;NAFTA;2020;GRIS;16.000;Car France;-;$ 3.400.000;Vendido;Vendido;20/9/2022;24/11/2022;$ 2.583.150;$ 7.000;;;;$ 2.590.150;$ 7.000;$ 7.000;;;;;;;;
870;AE377ZS;RENAULT;KANGOO II EXPRESS CONFORT 1.6 sCe;;NAFTA;2020;GRIS ACERO;24.000;Car France;-;$ 3.800.000;Vendido;Vendido;20/9/2022;4/11/2022;$ 2.795.880;$ 7.000;;;;$ 2.802.880;$ 7.000;$ 7.000;;;;;;;;
871;AC979UT;RENAULT;KANGOO II EXPRESS CONFORT 5A 1.6 sCe;;NAFTA;2018;BLANCO GLACIAR;43.000;Car France;-;$ 3.400.000;Vendido;Vendido;20/9/2022;16/11/2022;$ 2.635.826;$ 7.000;$ 19.500;;;$ 2.662.326;$ 26.500;$ 26.500;;;;;;;;
872;AC950VH;RENAULT;KWID ICONIC 1.0;55;NAFTA;2018;BLANCO GLACIAR;34.000;Car France;-;$ 2.700.000;Vendido;Vendido;20/9/2022;14/11/2022;$ 1.925.074;$ 7.000;$ 69.844;;;$ 2.001.918;$ 76.844;$ 76.844;;;;;;;;
873;AE418FE;VW;GOL 1.6 TREND TRENDLINE;1.6 TREND TRENDLINE;NAFTA;2020;BLANCO;20.000;Car France;-;$ 3.325.000;Vendido;Vendido;20/9/2022;3/1/2023;$ 2.669.255;$ 7.000;$ 4.900;;;$ 2.681.155;$ 11.900;$ 11.900;;;;;;;;
874;AE155JK;NISSAN;KICKS 1.6 EXCLUSIVE CVT;1.6 EXCLUSIVE CVT;NAFTA;2020;ROJO;20.000;Metz;-;$ 6.150.000;Vendido;Vendido;20/9/2022;16/11/2022;$ 4.659.800;$ 7.000;$ 40.000;;;$ 4.706.800;$ 47.000;$ 47.000;;;;;;;;
875;AE242NF;PEUGEOT;208 1.6 ALLURE;Ramiro;NAFTA;2020;GRIS GRAFITO;10.000;Metz;-;$ 3.500.000;Vendido;Vendido;20/9/2022;14/10/2022;$ 2.806.010;$ 7.000;$ 4.000;;;$ 2.817.010;$ 11.000;$ 11.000;;;;;;;;
876;AD276XX;PEUGEOT;208 1.6 FELINE;;NAFTA;2019;ROJO;31.000;Metz;-;$ 3.550.000;Vendido;Vendido;20/9/2022;17/2/2023;$ 2.775.620;$ 7.000;$ 140.000;;;$ 2.922.620;$ 147.000;$ 147.000;;;;;;;;
877;AE673DL;TOYOTA;COROLLA XEI CVT 2.0;;NAFTA;2021;BLANCO;38.000;Kyoto;-;$ 6.100.000;Vendido;Vendido;20/9/2022;29/3/2023;$ 4.943.440;$ 7.000;$ 54.800;;;$ 5.005.240;$ 61.800;$ 61.800;;;;;;;;
878;ZZ000JP;CORADIR;TITO 3PTAS AA;;ELEC;2022;BLANCO;600;Cliente;-;$ 2.700.000;Vendido;Vendido;21/9/2022;22/11/2022;$ 1.700.000;;;;;$ 1.700.000;$ 0;$ 0;;;;;;;;
879;PHP685;CHEVROLET;TRACKER AWD LTZ+;;NAFTA;2015;GRIS PLATA;95.000;Cliente;-;$ 4.050.000;Vendido;Vendido;30/9/2022;1/12/2022;$ 2.900.000;;$ 15.000;;;$ 2.915.000;$ 15.000;$ 15.000;;;;;;;;
880;AA200RE;VW;GOLF 1.6L;;NAFTA;2016;GRIS OSCURO;82.000;Kyoto;-;$ 3.545.000;Vendido;Vendido;30/9/2022;18/2/2023;$ 2.836.400;$ 7.000;$ 160.500;;;$ 3.003.900;$ 167.500;$ 167.500;;;;;;;;
881;AC358OZ;RENAULT;NUEVO SANDERO STEPWAY EXPRESSION;;NAFTA;2018;GRIS ACERO;58.000;Car France;-;$ 2.750.000;Vendido;Vendido;30/9/2022;23/11/2022;$ 2.200.236;$ 32.000;$ 125.000;;;$ 2.357.236;$ 157.000;$ 157.000;;;;;;;;
882;NZC701;VW;SURAN 1.6 HIGHLINE I-MOTION;;GNC;2014;BLANCO;130.000;Cliente;-;$ 2.530.000;Vendido;Vendido;1/10/2022;30/12/022;$ 2.100.000;;;$ 25.000;;$ 2.125.000;$ 25.000;$ 25.000;;;;;;;;
883;AD226KJ;NISSAN;NOTE EXCLUSIVE CVT PURE DRIVE;;NAFTA;2018;BLANCO;49.000;Kyoto;-;$ 3.700.000;Vendido;Vendido;11/10/2022;11/1/2023;$ 2.816.140;$ 7.000;$ 63.000;;;$ 2.886.140;$ 70.000;$ 70.000;;;;;;;;
884;AD702XY;NISSAN;KICKS 1.6 EXCLUSIVE CVT;;NAFTA;2019;BLANCO;38.000;Kyoto;-;$ 5.900.000;Vendido;Vendido;5/10/2022;10/1/2023;$ 4.524.081;$ 7.000;;;;$ 4.531.081;$ 7.000;$ 7.000;;;;;;;;
885;AC020RV;RENAULT;CAPTUR INTENS 2.0;;NAFTA;2017;ROJO FUEGO +NEGRO;15.000;Car France;-;$ 4.500.000;Vendido;Vendido;17/10/2022;2/1/2023;$ 3.586.020;$ 7.000;;;;$ 3.593.020;$ 7.000;$ 7.000;;;;;;;;
886;AC626VN;RENAULT;DUSTER OROCH DYNAMIQUE 2.0;;NAFTA;2018;ROJO FUEGO;44.000;Car France;-;$ 4.200.000;Vendido;Vendido;5/10/2022;10/4/2023;$ 2.076.650;$ 7.000;$ 96.000;;;$ 2.179.650;$ 103.000;$ 103.000;;;;;;;;
887;AE047WK;TOYOTA;YARIS XS 1.5 6M/T;;NAFTA;2019;BLANCO;28.000;Car France;-;$ 4.200.000;Vendido;Vendido;5/10/2022;2/1/2023;$ 2.714.840;$ 7.000;$ 58.000;;;$ 2.779.840;$ 65.000;$ 65.000;;;;;;;;
888;OXR013;PEUGEOT;208 1.5 ALLURE TOUCH;;NAFTA;2015;GRIS;24.000;Kyoto;-;$ 2.820.000;Vendido;Vendido;5/10/2022;2/12/2022;$ 2.167.820;$ 7.000;;$ 31.900;;$ 2.206.720;$ 38.900;$ 38.900;;;;;;;;
889;AF718ZS;RENAULT;KANGOO II EXPRESS EMOTION 1.6 sCe;;NAFTA;2022;BLANCO;0;Car France;-;;Vendido;Vendido;23/11/2022;23/11/2022;$ 4.484.530;$ 7.000;;;;$ 4.491.530;$ 7.000;$ 7.000;;;;;;;;
890;A091MTE;HONDA;PCX 150;;NAFTA;2017;NEGRO;700;Cliente;-;$ 980.000;Vendido;Vendido;23/9/2022;23/9/2022;$ 976.250;;$ 3.750;;;$ 980.000;$ 3.750;$ 3.750;;;;;;;;
891;A172TMC;HONDA;CG NEW TITAN;;NAFTA;2020;BLANCO;0;Scheller;-;$ 660.000;Vendido;Vendido;28/9/2022;28/9/2022;$ 660.000;;;;;$ 660.000;$ 0;$ 0;;;;;;;;
892;AE034PL;CHEVROLET;ONIX JOY 1.4 LS MT+;;NAFTA;2019;GRIS OSCURO;50.000;Cliente;-;$ 3.350.000;Vendido;Vendido;3/10/2022;13/1/2023;$ 2.510.000;;$ 51.000;;;$ 2.561.000;$ 51.000;$ 51.000;;;;;;;;
893;MLF578;CITROEN;C3 AIRCROSS 1.6L 16V SX PACK HIGH;;NAFTA;2013;VERDE;50.000;Cliente;-;$ 2.420.000;Vendido;Vendido;5/6/2023;5/6/2023;$ 3.000.000;;;;;$ 3.000.000;$ 0;$ 0;;;;;;;;
894;AE483UG;PEUGEOT;208 1.6 FELINE TIPTRONIC;;NAFTA;2020;BLEU QUASAR;32.000;Cliente;-;$ 4.550.000;Vendido;Vendido;28/9/2022;6/1/2023;$ 3.800.000;;$ 36.000;;;$ 3.836.000;$ 36.000;$ 36.000;;;;;;;;
895;AC092NB;RENAULT;DUSTER OROCH OUTSIDER PLUS 2.0;;NAFTA;2017;BLANCO GLACIAR;48.000;Car France;-;$ 4.600.000;Vendido;Vendido;5/10/2022;;$ 3.615.397;;;;;$ 3.615.397;;$ 0;;;;;;;;
896;AC532KZ;VW;SAVEIRO CROSS 1.6;TOMAS;NAFTA;2018;ROJO;24.000;Metz;-;$ 4.400.000;Vendido;Vendido;5/10/2022;29/12/2022;$ 3.702.515;$ 7.000;$ 5.900;;;$ 3.715.415;$ 12.900;$ 12.900;;;;;;;;
897;NMC094;FORD;FOCUS 4P 1.6 L N MT S;;NAFTA;2014;GRIS PLATA;70.000;Cliente;-;$ 2.650.000;Vendido;Vendido;6/10/2022;30/3/2023;$ 2.200.000;;$ 107.500;;;$ 2.307.500;$ 107.500;$ 107.500;;;;;;;;
898;MBP312;FIAT;PUNTO SPORTING 1.6 16V;;NAFTA;2013;GRIS OSCURO;85.000;Cliente;-;$ 2.240.000;Vendido;Vendido;11/10/2022;10/11/2022;$ 1.900.000;;$ 30.000;;;$ 1.930.000;$ 30.000;$ 30.000;;;;;;;;
899;OWK642;VW;VOYAGE 1.6 COMFORTLINE;;NAFTA;2016;VERDE;160.000;Cliente;-;$ 2.250.000;Vendido;Vendido;14/10/2022;23/11/2022;$ 1.650.000;$ 25.000;;;;$ 1.675.000;$ 25.000;$ 25.000;;;;;;;;
900;AF565QX;PEUGEOT;208 1.6 FELINE TIPTRONIC;;NAFTA;2022;BLEU QUASAR;0KM PAT;Metz;-;$ 5.300.000;Vendido;Vendido;24/10/2022;27/12/2022;$ 4.121.878;$ 7.000;;;;$ 4.128.878;$ 7.000;$ 7.000;;;;;;;;
901;AD284GZ;RENAULT;NUEVO SANDERO STEPWAY PRIVILEGE;;NAFTA;2019;BLANCO GLACIAR;30.000;Car France;-;$ 3.350.000;Vendido;Vendido;24/10/2022;12/12/2022;$ 2.723.405;$ 7.000;$ 17.500;;;$ 2.747.905;$ 24.500;$ 24.500;;;;;;;;
902;AE743XU;RENAULT;NUEVO SANDERO ZEN 1.6;;NAFTA;2021;ROJO;13.000;Car France;-;$ 3.850.000;Vendido;Vendido;24/10/2022;2/12/2022;$ 3.096.805;$ 7.000;$ 14.000;;;$ 3.117.805;$ 21.000;$ 21.000;;;;;;;;
903;AD223CS;RENAULT;NUEVA MASTER L1H1 AA 2.3;Agustina;DIESEL;2018;BLANCO GLACIAR;230.000;Metz;-;$ 6.900.000;Vendido;Vendido;24/10/2022;2/7/2024;$ 4.254.600;$ 20.000;$ 19.750;$ 120.551;;$ 4.414.901;$ 160.301;$ 160.301;;;;;;;;
904;A042YDB;VESPA;VXL 150;Ramiro;NAFTA;2017;ROJO;11.000;Cliente;-;$ 670.000;Vendido;Vendido;27/10/2022;27/10/2022;$ 618.338;;;$ 51.662;;$ 670.000;$ 51.662;$ 51.662;;;;;;;;
905;PEO965;VW;GOL 1.6 TREND HIGHLINE 3 PTAS;;NAFTA;2015;ROJO;86.000;Cliente;-;$ 2.480.000;Vendido;Vendido;26/10/2022;16/1/2023;$ 2.000.000;;$ 20.800;;;$ 2.020.800;$ 20.800;$ 20.800;;;;;;;;
906;MYD215;FIAT;500 AIR AT 1.4 16V;;NAFTA;2013;MARRON;93.000;Cliente;-;$ 4.500.000;Vendido;Vendido;27/10/2022;;$ 3.200.000;;;;;$ 3.200.000;;$ 0;;;;;;;;
907;AC540BN;PEUGEOT;208 1.6 FELINE;;NAFTA;2018;ROJO;70.000;Cliente;-;$ 3.750.000;Vendido;Vendido;31/10/2022;17/3/2023;$ 2.990.000;;$ 136.000;$ 31.827;;$ 3.157.827;$ 167.827;$ 167.827;;;;;;;;
908;OSB646;PEUGEOT;208 1.5 ALLURE TOUCH;;NAFTA;2015;BLANCO;127.000;Cliente;-;$ 2.920.000;Vendido;Vendido;1/11/2022;30/12/2022;$ 2.290.000;;$ 45.000;;;$ 2.335.000;$ 45.000;$ 45.000;;;;;;;;
909;AF609MF;RENAULT;LOGAN PH2 LIFE 1.6;;NAFTA;2022;BLANCO;0;Car France;-;$ 3.400.000;Vendido;Vendido;2/11/2022;2/11/2022;$ 3.052.514;$ 7.000;;;;$ 3.059.514;$ 7.000;$ 7.000;;;;;;;;
910;AF609JT;PEUGEOT;208 1.6 FELINE TIPTRONIC;;NAFTA;2022;BLANCO;0;Metz;-;$ 6.100.000;Vendido;Vendido;2/11/2022;2/11/2022;$ 4.121.878;$ 7.000;;;;$ 4.128.878;$ 7.000;$ 7.000;;;;;;;;
911;OBI258;PEUGEOT;308 1.6 THP AT ROLAND GARROS;;NAFTA;2014;BLANCO;65.000;Cliente;-;$ 3.370.000;Vendido;Vendido;3/11/2022;17/12/2022;$ 2.700.000;;$ 56.000;;;$ 2.756.000;$ 56.000;$ 56.000;;;;;;;;
912;A144WNT;HONDA;WAVE 110 S;;NAFTA;2021;ROJO;7.000;Cliente;-;$ 330.000;Vendido;Vendido;28/9/2022;10/11/2022;$ 280.000;;;;;$ 280.000;$ 0;$ 0;;;;;;;;
913;AE910IL;CITROEN;C4 CACTUS VTI 115 RIP CURL;;NAFTA;2021;BLANCO;30.000;Kyoto;-;$ 5.100.000;Vendido;Vendido;7/11/2022;27/2/2023;$ 3.647.220;$ 7.000;;;;$ 3.654.220;$ 7.000;$ 7.000;;;;;;;;
914;AE901YO;PEUGEOT;208 ALLURE 1.6;;NAFTA;2021;BLANCO;0;Metz;-;$ 4.550.000;Vendido;Vendido;21/10/2022;23/11/2022;$ 4.098.472;$ 7.000;;;;$ 4.105.472;$ 7.000;$ 7.000;;;;;;;;
915;AF609JK;PEUGEOT;208 ACTIVE TIPTRONIC 1.6;;NAFTA;2022;GRIS ARTENSE;0;Metz;-;$ 4.471.000;Vendido;Vendido;21/10/2022;23/11/2022;$ 4.079.281;$ 7.000;$ 15.000;;;$ 4.101.281;$ 22.000;$ 22.000;;;;;;;;
916;AF565QV;PEUGEOT;208 ALLURE TIPTRONIC 1.6;;NAFTA;2022;BLEU QUASAR;0;Metz;-;$ 4.753.500;Vendido;Vendido;28/11/2022;28/11/2022;$ 4.332.441;$ 7.000;;;;$ 4.339.441;$ 7.000;$ 7.000;;;;;;;;
917;AF167SG;NISSAN;KICKS X-PLAY;;NAFTA;2022;BLANCO;0;Kyoto;-;$ 7.230.700;Vendido;Vendido;28/11/2022;28/11/2022;$ 5.776.715;$ 7.000;;;;$ 5.783.715;$ 7.000;$ 7.000;;;;;;;;
918;OTZ037;VW;UP WHITE 1.0 MPI;;NAFTA;2015;BLANCO;100.000;Cliente;-;$ 2.705.000;Vendido;Vendido;24/11/2022;17/5/2023;$ 1.950.000;;$ 138.900;;;$ 2.088.900;$ 138.900;$ 138.900;;;;;;;;
919;MKA098;VW;SAVEIRO 1.6 CAB SIMPLE;;NAFTA;2013;BLANCO;90.000;Cliente;-;$ 2.400.000;Vendido;Vendido;26/11/2022;17/3/2023;$ 2.020.000;;$ 100.055;;;$ 2.120.055;$ 100.055;$ 100.055;;;;;;;;
920;AC696BS;TOYOTA;COROLLA SE-G 1.8 CVT;;NAFTA;2018;GRIS OSCURO;18.000;Kyoto;-;$ 5.700.000;Vendido;Vendido;1/12/2022;27/12/2022;$ 4.761.100;$ 7.000;;;;$ 4.768.100;$ 7.000;$ 7.000;;;;;;;;
921;AC699AH;TOYOTA;HILUX 4X2 D/C SRV 2.8 TDI 6 A/T;;DIESEL;2018;GRIS OSCURO;130.000;Kyoto;-;$ 8.300.000;Vendido;Vendido;1/12/2022;27/4/2023;$ 6.687.826;$ 7.000;$ 29.000;$ 43.673;;$ 6.767.499;$ 79.673;$ 79.673;;;;;;;;
922;AB935PT;RENAULT;CAPTUR ZEN 2.0;;NAFTA;2017;GRIS;17.000;Car France;-;$ 4.500.000;Vendido;Vendido;1/12/2022;28/1/2023;$ 3.601.215;$ 15.000;;;;$ 3.616.215;$ 15.000;$ 15.000;;;;;;;;
923;AD576GS;RENAULT;KWID INTENS 1.0;;NAFTA;2019;ORANGE;36.000;Car France;-;$ 2.900.000;Vendido;Vendido;1/12/2022;10/2/2023;$ 2.026.000;$ 7.000;$ 57.000;;;$ 2.090.000;$ 64.000;$ 64.000;;;;;;;;
924;AC853EI;FIAT;MOBY 1.0 8V WAY;;NAFTA;2018;BLANCO;29.000;Cliente;-;$ 2.745.000;Vendido;Vendido;1/12/2022;30/12/2022;$ 2.250.000;;;;;$ 2.250.000;$ 0;$ 0;;;;;;;;
925;AB572JJ;RENAULT;NUEVO SANDERO STEPWAY PRIVILEGE 1.6;;NAFTA;2017;BLANCO GLACIAR;42.000;Car France;-;$ 3.250.000;Vendido;Vendido;1/12/2022;21/2/2023;$ 2.471.720;$ 15.000;$ 12.000;;;$ 2.498.720;$ 27.000;$ 27.000;;;;;;;;
926;AF770KA;RENAULT;CAPTUR ZEN 2.0;;NAFTA;2022;ROJO FUEGO;0KM;Car France;-;$ 6.000.000;Vendido;Vendido;30/11/2022;7/3/2023;$ 4.466.920;$ 15.000;;;;$ 4.481.920;$ 15.000;$ 15.000;;;;;;;;
927;AF789DD;RENAULT;NUEVO DUSTER ICONIC 1.3T 4X4 MT;;NAFTA;2022;MARRON;0;Car France;-;$ 7.000.000;Vendido;Vendido;30/11/2022;17/12/2022;$ 4.466.920;$ 7.000;;;;$ 4.473.920;$ 7.000;$ 7.000;;;;;;;;
928;AD839LU;PEUGEOT;208 1.6 ALLURE;;NAFTA;2019;BLANCO;84.000;Cliente;-;$ 3.700.000;Vendido;Vendido;28/11/2022;3/3/2023;$ 3.100.000;;$ 15.000;;;$ 3.115.000;$ 15.000;$ 15.000;;;;;;;;
929;PQC575;PEUGEOT;208 1.5 ALLURE TOUCH;;NAFTA;2016;BLANCO;15.000;Metz;-;$ 3.170.000;Vendido;Vendido;1/12/2022;5/1/2023;$ 2.387.641;$ 15.000;$ 6.000;;;$ 2.408.641;$ 21.000;$ 21.000;;;;;;;;
930;OTQ516;RENAULT;KANGOO PH3 CONFORT 1.6 1PLC;;NAFTA;2015;GRIS;56.000;Metz;-;$ 2.450.000;Vendido;Vendido;1/12/2022;19/4/2023;$ 1.570.150;$ 10.000;;;;$ 1.580.150;$ 10.000;$ 10.000;;;;;;;;
931;AF148DQ;NISSAN;KICKS 1.6 ADVANCE MT;;NAFTA;2022;GRIS PLATA;0KM PAT;Kyoto;-;$ 7.450.000;Vendido;Vendido;30/11/2022;13/2/2023;$ 4.152.900;$ 7.000;$ 35.000;;;$ 4.194.900;$ 42.000;$ 42.000;;;;;;;;
932;AF831ZO;NISSAN;KICKS 1.6 ADVANCE CVT;;NAFTA;2023;METALLIC RED;0KM;Kyoto;-;$ 7.550.000;Vendido;Vendido;30/11/2022;14/2/2023;$ 4.365.433;$ 10.000;;;;$ 4.375.433;$ 10.000;$ 10.000;;;;;;;;
933;OIF762;VW;GOL 1.6 TREND PACK I;;NAFTA;2014;GRIS OSCURO;81.000;Cliente;-;$ 2.185.000;Vendido;Vendido;2/12/2022;16/3/2023;$ 1.760.000;;$ 22.500;;;$ 1.782.500;$ 22.500;$ 22.500;;;;;;;;
934;DYL499;TOYOTA;RAV4 2.0 4X2;;NAFTA;2002;GRIS PLATA;315.000;Cliente;-;$ 2.800.000;Vendido;Vendido;5/12/2022;30/1/2023;$ 1.470.000;;;;;$ 1.470.000;$ 0;$ 0;;;;;;;;
935;AC257TP;TOYOTA;ETIOS 4 PTAS XLS;;NAFTA;2018;BLANCO;62.000;Cliente;-;$ 4.100.000;Vendido;Vendido;9/12/2022;27/5/2023;$ 3.300.000;;$ 67.352;;;$ 3.367.352;$ 67.352;$ 67.352;;;;;;;;
936;JGJ889;CHEVROLET;CLASSIC 3 PTAS LT 1.4;;NAFTA;2010;GRIS PLATA;41.000;Cliente;-;$ 1.620.000;Vendido;Vendido;12/12/2022;10/1/2023;$ 1.100.000;;;;;$ 1.100.000;$ 0;$ 0;;;;;;;;
937;TORN0KM;HONDA;TORNADO;;NAFTA;2022;ROJA;0;Scheller;-;$ 1.050.000;Vendido;Vendido;10/6/2022;12/12/2022;$ 1.050.000;$ 7.000;;;;$ 1.057.000;$ 7.000;$ 7.000;;;;;;;;
938;MVA723;CHEVROLET;SPIN 1.8 LT;;GNC;2012;GRIS PLATA;106.000;Cliente;-;$ 3.140.000;Vendido;Vendido;12/12/2022;30/1/2023;$ 2.100.000;;$ 22.500;$ 22.560;;$ 2.145.060;$ 45.060;$ 45.060;;;;;;;;
939;AD303BW;NISSAN;FRONTIER LE 4X4 AT;Cholo;DIESEL;2018;BLANCO;69.000;Kyoto;-;$ 8.000.000;Vendido;Vendido;12/12/2022;3/4/2024;$ 6.078.000;$ 7.000;$ 150.000;$ 77.565;;$ 6.312.565;$ 234.565;$ 234.565;;;;;;;;
940;NXN662;NISSAN;MARCH ADVANCE PURE DRIVE;;NAFTA;2014;GRIS;64.000;Cliente;-;$ 2.750.000;Vendido;Vendido;12/12/2022;28/2/2023;$ 2.090.000;;$ 114.000;;;$ 2.204.000;$ 114.000;$ 114.000;;;;;;;;
941;AA725ON;FORD;RANGER XL 2.2 CAB SIMPLE;;DIESEL;2016;GRIS OSCURA;115.000;Cliente;-;$ 4.750.000;Vendido;Vendido;22/12/2022;12/8/2023;$ 3.990.000;;$ 91.000;;;$ 4.081.000;$ 91.000;$ 91.000;;;;;;;;
942;AD622ET;TOYOTA;HILUX 4X2 D/C SR 2.4 TDI 6 M/T;;DIESEL;2019;ROJO;46.000;Kyoto;-;$ 7.900.000;Vendido;Vendido;21/12/2022;23/3/2023;$ 6.328.197;$ 15.000;$ 95.000;;;$ 6.438.197;$ 110.000;$ 110.000;;;;;;;;
943;AD670NO;RENAULT;NUEVO SANDERO STEPWAY PRIVILEGE 1.6;;NAFTA;2019;ORANGE;32.000;Car France;-;$ 3.500.000;Vendido;Vendido;22/12/2022;30/5/2023;$ 2.804.304;$ 15.000;$ 69.000;;;$ 2.888.304;$ 84.000;$ 84.000;;;;;;;;
944;AD263UE;PEUGEOT;2008 1.6 ALLURE;;NAFTA;2018;ROUGE NOIR;44.000;Metz;-;$ 3.950.000;Vendido;Vendido;20/12/2022;20/7/2023;$ 3.089.650;$ 15.000;$ 135.000;;;$ 3.239.650;$ 150.000;$ 150.000;;;;;;;;
945;AF346AE;NISSAN;VERSA 1.6 SENSE CVT;;NAFTA;2022;BLANCO;0KM PAT;Metz;-;$ 3.849.100;Vendido;Vendido;22/12/2022;30/12/2022;$ 3.501.210;$ 15.000;;;;$ 3.516.210;$ 15.000;$ 15.000;;;;;;;;
946;AF718ZS;RENAULT;KANGOO II EXPRESS EMOTION 1.6 sCe;;NAFTA;2023;BLANCO GLACIAR;0;Car France;-;$ 5.325.200;Vendido;Vendido;23/12/2022;23/12/2022;$ 4.750.301;$ 7.000;$ 7.500;;;$ 4.764.801;$ 14.500;$ 14.500;;;;;;;;
947;AF177AH;NISSAN;KICKS 1.6 EXCLUSIVE CVT;;NAFTA;2022;BLANCO;0;Kyoto;-;$ 6.877.600;Vendido;Vendido;30/12/2022;30/12/2022;$ 6.826.316;;;;;$ 6.826.316;;$ 0;;;;;;;;
948;AA178XT;PEUGEOT;PARTNER PATAGONICA 1.4;;NAFTA;2016;GRIS GRAFITO;66.000;Metz;-;$ 3.050.000;Vendido;Vendido;30/12/2022;27/4/2023;$ 1.458.720;$ 10.000;$ 100.600;;;$ 1.569.320;$ 110.600;$ 110.600;;;;;;;;
949;AA477ZI;RENAULT;CLIO MIO 5PTAS CONFORT;;NAFTA;2016;NEGRO NACRE;32.000;Car France;-;$ 2.080.000;Vendido;Vendido;30/12/2022;6/2/2023;$ 1.519.500;$ 10.000;$ 67.200;;;$ 1.596.700;$ 77.200;$ 77.200;;;;;;;;
950;AE770YA;RENAULT;KANGOO II EXPRESS EMOTION 5A 1.6 SCE;;NAFTA;2021;BLANCO GLACIAR;35.000;Car France;-;$ 5.000.000;Vendido;Vendido;30/12/2022;24/2/2023;$ 3.970.960;$ 10.000;$ 14.000;;;$ 3.994.960;$ 24.000;$ 24.000;;;;;;;;
951;AC803OR;RENAULT;KWID LIFE 1.0;;NAFTA;2018;MARFIL;31.000;Car France;-;$ 2.700.000;Vendido;Vendido;30/12/2022;30/1/2023;$ 1.904.440;$ 10.000;;;;$ 1.914.440;$ 10.000;$ 10.000;;;;;;;;
952;AE343MK;FIAT;TORO FREEDOM 2.0 16V 4X4 AT9;;DIESEL;2020;BLANCO;32.000;Kyoto;-;$ 6.800.000;Vendido;Vendido;30/12/2022;8/2/2023;$ 5.081.208;$ 10.000;$ 5.000;;;$ 5.096.208;$ 15.000;$ 15.000;;;;;;;;
953;AB711EM;RENAULT;DUSTER OROCH DYNAMIQUE 1.6;;NAFTA;2017;BLANCO GLACIAR;67.000;Car France;-;$ 4.000.000;Vendido;Vendido;31/12/2022;25/9/2023;$ 3.160.560;$ 7.000;$ 39.400;;;$ 3.206.960;$ 46.400;$ 46.400;;;;;;;;
954;AD430VI.;NISSAN;KICKS 1.6 ADVANCE CVT;Robinson;NAFTA;2019;NEGRO;56.000;Cliente;-;$ 5.900.000;Vendido;Vendido;30/12/2022;11/12/2023;$ 4.500.000;;$ 71.000;$ 74.330;;$ 4.645.330;$ 145.330;$ 145.330;;;;;;;;
955;PQD324;CITROEN;C3 TENDANCE PACK SECURE;;NAFTA;2016;GRIS OSCURO;72.000;Cliente;-;$ 2.500.000;Vendido;Vendido;28/12/2022;18/2/2023;$ 2.250.000;;;;;$ 2.250.000;$ 0;$ 0;;;;;;;;
956;AB711DT;RENAULT;NUEVO SANDERO STEPWAY PRIVILEGE 1.6;;NAFTA;2017;ROJO FUEGO;48.000;Cliente;-;$ 3.200.000;Vendido;Vendido;27/12/2022;22/2/2023;$ 2.700.000;;$ 64.000;;;$ 2.764.000;$ 64.000;$ 64.000;;;;;;;;
957;AB791LH;TOYOTA;ETIOS 5 PTAS XLS;;NAFTA;2017;ROJO;74.000;Cliente;-;$ 3.650.000;Vendido;Vendido;29/12/2022;23/3/2023;$ 2.990.000;;$ 23.000;;;$ 3.013.000;$ 23.000;$ 23.000;;;;;;;;
958;PAH038;VW;SURAN 1.6 TRENDLINE;;NAFTA;2015;BLANCA;115.000;Cliente;-;$ 3.100.000;Vendido;Vendido;29/12/2022;9/5/2023;$ 2.250.000;;$ 44.000;;;$ 2.294.000;$ 44.000;$ 44.000;;;;;;;;
959;AE015QS;CITROEN;C4 CACTUS VTI 115 FEEL PACK;;NAFTA;2019;NEGRO;33.000;Cliente;-;$ 4.800.000;Vendido;Vendido;11/1/2023;14/4/2023;$ 4.000.000;;$ 99.500;;;$ 4.099.500;$ 99.500;$ 99.500;;;;;;;;
960;AF824GG;RENAULT;NUEVO DUSTER ICONIC 1.3T 4X4 MT;;NAFTA;2023;MARRON;0KM;Car France;-;$ 7.390.000;Vendido;Vendido;9/1/2023;7/2/2023;$ 5.171.498;;;;;$ 5.171.498;$ 0;$ 0;;;;;;;;
961;MQV107;RENAULT;SANDERO STEPWAY PRIVILEGE 1.6;;NAFTA;2013;ROJO FUEGO;66.000;Cliente;-;$ 2.330.000;Vendido;Vendido;11/1/2023;18/7/2023;$ 1.900.000;;$ 155.000;$ 15.302;;$ 2.070.302;$ 170.302;$ 170.302;;;;;;;;
962;AF609JR;PEUGEOT;208 FELINE 1.6;;NAFTA;2022;BLEU QUASAR;0KM;Metz;-;$ 6.090.000;Vendido;Vendido;26/1/2023;26/1/2023;$ 4.906.557;$ 10.000;;;;$ 4.916.557;$ 10.000;$ 10.000;;;;;;;;
963;AE899SD;NISSAN;FRONTIER X-GEAR 4X4 AT 2.3 D CD;;DIESEL;2021;BLANCO;43.840;Kyoto;-;$ 9.300.000;Vendido;Vendido;16/1/2023;13/2/2023;$ 7.585.344;$ 10.000;$ 1.800;;;$ 7.597.144;$ 11.800;$ 11.800;;;;;;;;
964;AF730TZ;NISSAN;FRONTIER S 4X4 MT 2.3 D CD;;DIESEL;2022;BLANCO;0KM PAT;Kyoto;-;$ 9.600.000;Vendido;Vendido;20/1/2023;30/3/2023;$ 7.780.466;$ 10.000;$ 4.750;;;$ 7.795.216;$ 14.750;$ 14.750;;;;;;;;
965;AD310FS;PEUGEOT;208 1.6 ALLURE TIPTRONIC;;NAFTA;2019;BLANCO;14.600;Metz;-;$ 3.900.000;Vendido;Vendido;31/1/2023;27/3/2023;$ 3.079.520;$ 10.000;;;;$ 3.089.520;$ 10.000;$ 10.000;;;;;;;;
966;AE296QE;RENAULT;CAPTUR INTENS 2.0;;NAFTA;2020;GRIS ETOILE + NEGRO;24.564;Car France;-;$ 5.600.000;Vendido;Vendido;16/1/2023;25/3/2023;$ 4.376.160;$ 10.000;$ 45.000;;;$ 4.431.160;$ 55.000;$ 55.000;;;;;;;;
967;AD702XC;RENAULT;KANGOO EXPRESS CONFORT 1.6 SCE;;NAFTA;2019;GRIS;44.000;Car France;-;$ 4.000.000;Vendido;Vendido;31/1/2023;17/3/2023;$ 2.968.090;$ 10.000;$ 12.000;$ 95.325;;$ 3.085.415;$ 117.325;$ 117.325;;;;;;;;
968;AD418FY;RENAULT;NUEVO SANDERO STEPWAY PRIVILEGE 1.6;;NAFTA;2019;ROJO;55.900;Car France;-;$ 3.600.000;Vendido;Vendido;16/1/2023;10/7/2023;$ 2.129.545;$ 10.000;$ 452.000;;;$ 2.591.545;$ 462.000;$ 462.000;;;;;;;;
969;AE236RF;RENAULT;NUEVO SANDERO  PH2 LIFE 1.6;;NAFTA;2020;BORDO;18.200;Car France;-;$ 3.550.000;Vendido;Vendido;16/1/2023;13/4/2023;$ 2.937.700;$ 10.000;$ 12.000;;;$ 2.959.700;$ 22.000;$ 22.000;;;;;;;;
970;AA745BO;TOYOTA;COROLLA SE-G 1.8 CVT;;NAFTA;2016;BLANCO;116.000;Cliente;-;$ 4.750.000;Vendido;Vendido;27/12/2022;15/4/2023;$ 3.940.000;;$ 34.000;;;$ 3.974.000;$ 34.000;$ 34.000;;;;;;;;
971;AA716IM;VW;FOX  TRACK 1.6 MSI;;NAFTA;2016;GRIS PLATA;65.000;Metz;-;$ 3.240.000;Vendido;Vendido;16/1/2023;12/9/2023;$ 2.329.900;$ 10.000;$ 21.500;;;$ 2.361.400;$ 31.500;$ 31.500;;;;;;;;
972;AE063NA;RENAULT;LOGAN PH2 LIFE 1.6;;NAFTA;2020;BLANCO;7.976;Car France;-;$ 3.400.000;Vendido;Vendido;7/2/2023;19/4/2023;$ 2.806.010;$ 10.000;$ 38.000;;;$ 2.854.010;$ 48.000;$ 48.000;;;;;;;;
973;AE526GJ;PEUGEOT;208 LIKE PACK 1.6;;NAFTA;2020;BLANCO;8.464;Metz;-;$ 4.000.000;Vendido;Vendido;7/2/2023;30/3/2023;$ 2.957.960;$ 10.000;;$ 207.238;;$ 3.175.198;$ 217.238;$ 217.238;;;;;;;;
974;AD256UW;FORD;KA SE 1.5L;;NAFTA;2018;GRIS;22.775;Metz;-;$ 3.440.000;Vendido;Vendido;7/2/2023;17/2/2023;$ 2.532.500;$ 10.000;$ 16.500;;;$ 2.559.000;$ 26.500;$ 26.500;;;;;;;;
975;AB524YG;FIAT;TORO FREEDOM 2.0 16V 4X4 MT;;DIESEL;2017;BLANCO;49.000;Cliente;-;$ 5.600.000;Vendido;Vendido;8/2/2023;16/5/2023;$ 4.700.000;;;$ 19.637;;$ 4.719.637;$ 19.637;$ 19.637;;;;;;;;
976;AC113CR;FIAT;TORO VOLCANO 2.0 16V 4X4 AT;;DIESEL;2017;BLANCO;68.000;Cliente;-;$ 6.400.000;Vendido;Vendido;13/2/2023;6/7/2023;$ 5.130.000;;$ 962.200;;;$ 6.092.200;$ 962.200;$ 962.200;;;;;;;;
977;AC853GZ;FIAT;ARGO DRIVE 1.3 PK CONNECT;;NAFTA;2018;BLANCO;58.000;Cliente;-;$ 3.845.000;Vendido;Vendido;14/2/2023;17/6/2023;$ 3.200.000;;$ 9.500;;;$ 3.209.500;$ 9.500;$ 9.500;;;;;;;;
978;AB720QW;PEUGEOT;2008 1.6 FELINE;;NAFTA;2017;BLANCO;57.000;Cliente;-;$ 4.250.000;Vendido;Vendido;14/2/2023;19/5/2023;$ 3.090.000;;;;$ 1.130;$ 3.091.130;$ 1.130;$ 1.130;;;;;;;;
979;AD244JB;TOYOTA;HILUX 4X4 D/C GR-S 2.8 TDI 6 A/T;;DIESEL;2019;BORDO;134.143;Bunker;-;$ 12.200.000;Bien de Uso;Vendido;31/1/2023;;$ 8.542.442;$ 10.000;$ 151.596;;;$ 8.704.038;;$ 161.596;;;;;;;;
980;AF565QQ;PEUGEOT;208 1.6 FELINE TIPTRONIC;;NAFTA;2022;NEGRO PERLA;0;Metz;-;$ 5.600.000;Vendido;Vendido;21/2/2023;21/2/2023;$ 4.906.557;$ 10.000;;;;$ 4.916.557;$ 10.000;$ 10.000;;;;;;;;
981;OHZ184;FIAT;PUNTO ATTRACTIVE 1.4 8V;;NAFTA;2014;BLANCO;101.000;Cliente;-;$ 2.590.000;Vendido;Vendido;22/2/2023;11/4/2023;$ 1.940.000;;$ 55.000;;;$ 1.995.000;$ 55.000;$ 55.000;;;;;;;;
982;AE538BH;RENAULT;KANGOO II EXPRESS CONFORT 1.6 SCE;;NAFTA;2021;BLANCO GLACIAR;18.000;Car France;-;$ 4.700.000;Vendido;Vendido;22/2/2023;12/5/2023;$ 3.665.290;$ 10.000;$ 3.100;$ 24.885;;$ 3.703.275;$ 37.985;$ 37.985;;;;;;;;
983;AE489YE;RENAULT;NUEVO SANDERO  PH2 LGT LINE 1.6;;NAFTA;2020;BLANCO GLACIAR;13.200;Car France;-;$ 4.300.000;Vendido;Vendido;22/2/2023;9/6/2023;$ 3.365.186;$ 10.000;$ 33.300;;;$ 3.408.486;$ 43.300;$ 43.300;;;;;;;;
984;AE073UH;NISSAN;KICKS 1.6 EXCLUSIVE CVT;;NAFTA;2020;BLANCO;13.000;Kyoto;-;$ 6.750.000;Vendido;Vendido;22/2/2023;31/3/2023;$ 5.510.720;$ 10.000;$ 74.000;;;$ 5.594.720;$ 84.000;$ 84.000;;;;;;;;
985;AB242XZ;TOYOTA;HILUX  4X4 D/C SR 2.8 TDI 6 M/T;Tomas;DIESEL;2017;BORDO;74.000;Kyoto;-;$ 8.700.000;Vendido;Vendido;16/1/2023;24/11/2023;$ 6.635.150;$ 10.000;$ 45.850;;;$ 6.691.000;$ 55.850;$ 55.850;;;;;;;;
986;AF718GP;NISSAN;KICKS 1.6 X-PLAY CVT;;NAFTA;2023;GRAY / RED BLACK;0KM PAT;Kyoto;-;$ 8.800.000;Vendido;Vendido;17/3/2023;17/3/2023;$ 7.553.748;$ 10.000;;;;$ 7.563.748;$ 10.000;$ 10.000;;;;;;;;
987;AF860WG;PEUGEOT;208 1.6 FELINE TIPTRONIC;;NAFTA;2023;GRIS ARTENSE;0KM;Metz;-;$ 6.300.000;Vendido;Vendido;22/2/2023;22/2/2023;$ 5.143.037;$ 10.000;;;;$ 5.153.037;$ 10.000;$ 10.000;;;;;;;;
988;AC966BH;TOYOTA;COROLLA XEI CVT 1.8;;NAFTA;2018;BLANCO;38.000;Cliente;-;$ 6.100.000;Vendido;Vendido;1/10/2022;17/3/2023;$ 6.028.800;;$ 6.200;;;$ 6.035.000;$ 6.200;$ 6.200;;;;;;;;
989;ODO482;CITROEN;C3 1.5 TENDANCE PACK SECURE;;NAFTA;2014;GRIS OSCURO;45.000;Cliente;-;$ 2.500.000;Vendido;Vendido;28/2/2023;8/7/2023;$ 2.000.000;;$ 110.851;;;$ 2.110.851;$ 110.851;$ 110.851;;;;;;;;
990;NLE876;FIAT;STRADA 1.6 ADVENTURE;;NAFTA;2013;GRIS;150.000;Cliente;-;$ 2.800.000;Vendido;Vendido;24/2/2023;27/9/2023;$ 2.100.000;;$ 51.300;;;$ 2.151.300;$ 51.300;$ 51.300;;;;;;;;
991;AF805IT;NISSAN;FRONTIER X-GEAR 4X4 AT 2.3 D CD;;DIESEL;2023;BLANCO HIELO;0KM PAT;Kyoto;-;$ 13.241.700;Vendido;Vendido;23/6/2023;23/6/2023;$ 13.059.541;$ 10.000;;;;$ 13.069.541;$ 10.000;$ 10.000;;;;;;;;
992;AF821QL;PEUGEOT;208 1.6 FELINE TIPTRONIC;;NAFTA;2023;BLEU QUASAR;0KM PAT;Metz;-;$ 6.890.000;Vendido;Vendido;28/2/2023;17/4/2023;$ 5.143.037;$ 10.000;;;;$ 5.153.037;$ 10.000;$ 10.000;;;;;;;;
993;KQV635;RENAULT;DUSTER EXPRESSION 1.6;;NAFTA;2011;GRIS ACERO;129.000;Cliente;-;$ 2.600.000;Vendido;Vendido;27/2/2023;8/8/2023;$ 2.000.000;;$ 99.100;;;$ 2.099.100;$ 99.100;$ 99.100;;;;;;;;
994;AF940HW;PEUGEOT;208 1.6 FELINE TIPTRONIC;;NAFTA;2023;GRIS ARTENSE;0KM;Metz;-;$ 6.300.000;Vendido;Vendido;22/2/2023;28/2/2023;$ 5.300.000;$ 10.000;;;;$ 5.310.000;$ 10.000;$ 10.000;;;;;;;;
995;NNH654;FIAT;GRAND SIENA ATTRACTIVE 1.4 8V;Tomas;GNC;2014;VERDE;90.000;Cliente;-;$ 2.500.000;Vendido;Vendido;3/3/2023;7/11/2023;$ 1.900.000;;$ 136.000;;;$ 2.036.000;$ 136.000;$ 136.000;;;;;;;;
996;AF609JM;PEUGEOT;208 ALLURE TIPTRONIC 1.6;;NAFTA;2022;BLEU QUASAR;0KM;Metz;-;$ 5.685.000;Vendido;Vendido;10/3/2023;10/3/2023;$ 4.963.992;$ 10.000;;;;$ 4.973.992;$ 10.000;$ 10.000;;;;;;;;
997;L539752;RENAULT;KANGOO II EXPRESS CONFORT 5A 1.5 dCi;;DIESEL;2023;BLANCO GLACIAR;0;Car France;-;$ 7.100.000;Vendido;Vendido;9/3/2023;9/3/2023;$ 6.103.554;$ 10.000;;;;$ 6.113.554;$ 10.000;$ 10.000;;;;;;;;
998;AD230DT;RENAULT;CAPTUR LIFE 1.6;;GNC;2018;BLANCO GLACIAR;120.000;Cliente;-;$ 5.000.000;Vendido;Vendido;7/3/2023;29/7/2023;$ 3.590.000;;$ 90.300;$ 22.930;;$ 3.703.230;$ 113.230;$ 113.230;;;;;;;;
999;AD875XZ;TOYOTA;HILUX 4X2 D/C SRX 2.8 TDI 6 A/T;;DIESEL;2019;GRIS PLATA;106.300;Cliente;-;$ 10.500.000;Vendido;Vendido;2/6/2023;2/6/2023;$ 11.500.000;;;;;$ 11.500.000;$ 0;$ 0;;;;;;;;
1000;AF833XY;PEUGEOT;PARTNER CONFORT 1.6 HDI;;DIESEL;2023;GRIS ALUMINIUM;0KM PAT;Metz;-;$ 5.439.900;Vendido;Vendido;13/3/2023;10/7/2023;$ 7.001.872;$ 10.000;;;;$ 7.011.872;$ 10.000;$ 10.000;;;;;;;;
1001;AD925JT;RENAULT;KWID ICONIC 1.0;;NAFTA;2019;ROJO FUEGO;48.000;Car France;-;$ 3.350.000;Vendido;Vendido;10/3/2023;6/5/2023;$ 2.426.213;$ 10.000;;;;$ 2.436.213;$ 10.000;$ 10.000;;;;;;;;
1002;AF940FX;RENAULT;NUEVO DUSTER ICONIC 1.3T 4X2 CVT;;NAFTA;2023;GRIS CASSIOPE;0KM;Car France;-;$ 8.490.000;Vendido;Vendido;27/2/2023;31/3/2023;$ 5.165.385;$ 10.000;$ 5.550;;;$ 5.180.935;$ 15.550;$ 15.550;;;;;;;;
1003;AE327FA;VW;TIGUAN ALLSPACE 1.4T 250 AUT;;NAFTA;2020;GRIS;22.000;Cliente;-;$ 12.700.000;Vendido;Vendido;7/2/2023;29/9/2023;$ 21.840.000;;;;;$ 21.840.000;$ 0;$ 0;;;;;;;;
1004;OWS597;HONDA;CRV LX;Robinson;NAFTA;2015;GRIS PLATA;73.000;Kyoto;1372/1;$ 6.250.000;Vendido;Vendido;10/3/2023;8/6/2024;$ 4.659.800;$ 10.000;$ 25.000;$ 38.943;;$ 4.733.743;;$ 73.943;;;;;;;;
1005;AD365YP;FIAT;ARGO PRECISION 1.8;;NAFTA;2018;ROJO;33.000;Kyoto;1373/1;$ 4.200.000;Vendido;Vendido;10/3/2023;27/4/2023;$ 2.836.400;$ 10.000;$ 41.500;;;$ 2.887.900;$ 51.500;$ 51.500;;;;;;;;
1006;AA660SV;NISSAN;FRONTIER LE 4X4 AT;;DIESEL;2016;NEGRO;80.000;Kyoto;1374/1;$ 7.450.000;Vendido;Vendido;10/3/2023;22/4/2023;$ 5.032.682;$ 10.000;;;;$ 5.042.682;$ 10.000;$ 10.000;;;;;;;;
1007;AB613QL;PEUGEOT;208 1.6 ALLURE;;NAFTA;2017;NEGRO;18.000;Metz;-;$ 3.550.000;Vendido;Vendido;14/3/2023;5/5/2023;$ 2.865.777;$ 10.000;;;;$ 2.875.777;$ 10.000;$ 10.000;;;;;;;;
1008;AF096LG;RENAULT;CAPTUR ZEN 2.0;;NAFTA;2021;ROJO FUEGO;11.000;Car France;305456;$ 6.000.000;Vendido;Vendido;14/3/2023;22/4/2023;$ 4.862.400;$ 10.000;;;;$ 4.872.400;$ 10.000;$ 10.000;;;;;;;;
1009;AC210XC;VW;UP HIGH 1.0 MPI;;NAFTA;2018;NEGRO;63.000;Cliente;-;$ 3.520.000;Vendido;Vendido;14/3/2023;25/3/2023;$ 2.800.000;;;;;$ 2.800.000;$ 0;$ 0;;;;;;;;
1010;AF406DI;NISSAN;KICKS 1.6 ADVANCE PLUS CVT;;NAFTA;2022;BLANCO;12.700;Cliente;-;$ 8.350.000;Consignacion;Consignacion;15/3/2023;;$ 8.350.000;;;;;$ 8.350.000;$ 0;$ 0;;;;;;;;
1011;P052990;HONDA;WAVE 110 S;;NAFTA;2023;BLANCO;0;Scheller;-;$ 500.000;Vendido;Vendido;15/12/2022;27/2/2023;$ 393.600;$ 15.000;;;;$ 408.600;$ 15.000;$ 15.000;;;;;;;;
1012;P052991;HONDA;WAVE 110 S;;NAFTA;2023;ROJO;0;Scheller;-;$ 500.000;Vendido;Vendido;15/12/2022;14/3/2023;$ 393.600;$ 15.000;;;;$ 408.600;$ 15.000;$ 15.000;;;;;;;;
1013;PMA284;RENAULT;KANGOO PH3 CONFORT 1.6 1PLC;;GNC;2015;GRIS PLATA;74.000;Cliente;-;$ 2.800.000;Vendido;Vendido;17/3/2023;12/7/2023;$ 2.390.000;;$ 18.900;;;$ 2.408.900;$ 18.900;$ 18.900;;;;;;;;
1014;AA838QF;FORD;FOCUS 4P 1.6 L N MT S;;NAFTA;2017;BLANCO;142.000;Cliente;-;$ 4.640.000;Vendido;Vendido;20/3/2023;9/5/2023;$ 3.500.000;;$ 85.000;;;$ 3.585.000;$ 85.000;$ 85.000;;;;;;;;
1015;AD065UO..;NISSAN;KICKS 1.6 EXCLUSIVE CVT;;NAFTA;2018;ROJO;38.000;Cliente;-;$ 6.300.000;Vendido;Vendido;18/3/2023;29/9/2023;$ 5.242.000;$ 7.000;;;;$ 5.249.000;$ 7.000;$ 7.000;;;;;;;;
1016;LKS165;VW;FOX 1.6 CONFORTLINE 3 PTAS;;NAFTA;2012;ROJO;130.000;Cliente;-;$ 2.480.000;Vendido;Vendido;18/3/2023;27/9/2023;$ 1.900.000;;$ 19.000;$ 16.139;;$ 1.935.139;$ 35.139;$ 35.139;;;;;;;;
1017;AB529ZL;CHEVROLET;S10 2.8 4X4 LS CS;Robinson;DIESEL;2017;BLANCO;162.000;Cliente;-;$ 6.600.000;Vendido;Vendido;23/3/2023;15/11/2023;$ 4.860.000;;$ 122.500;;;$ 4.982.500;$ 122.500;$ 122.500;;;;;;;;
1018;NPB677;RENAULT;MEGANE III 2.0 PRIVILEGE;;NAFTA;2018;AZUL CREPUSCULO;86.000;Cliente;-;$ 3.050.000;Vendido;Vendido;25/3/2023;12/5/2023;$ 2.200.000;;$ 71.250;;$ 6.000;$ 2.277.250;$ 77.250;$ 77.250;;;;;;;;
1019;A182NTB;HONDA;WAVE 110 S;;NAFTA;2022;;0;Scheller;-;$ 393.600;Vendido;Vendido;29/12/2022;29/12/2022;$ 393.600;$ 15.000;;;;$ 408.600;$ 15.000;$ 15.000;;;;;;;;
1020;AF989KP;NISSAN;KICKS 1.6 ADVANCE CVT;;NAFTA;2023;GRIS OSCURO;0KM;Kyoto;-;$ 8.790.000;Vendido;Vendido;28/2/2023;19/4/2023;$ 5.118.814;$ 10.000;;;;$ 5.128.814;$ 10.000;$ 10.000;;;;;;;;
1021;AF821PN;PEUGEOT;208 1.6 FELINE TIPTRONIC;;NAFTA;2023;BLEU QUASAR;0;Metz;-;$ 6.890.000;Vendido;Vendido;23/3/2023;4/4/2023;$ 5.548.917;$ 10.000;;;;$ 5.558.917;$ 10.000;$ 10.000;;;;;;;;
1022;AC556UX;FORD;FOCUS 5P 2.0 L N MT SE PLUS;;NAFTA;2018;GRIS OSCURO;46.000;Metz;-;$ 5.260.000;Vendido;Vendido;23/3/2023;4/5/2023;$ 3.444.200;$ 10.000;$ 34.000; ;;$ 3.488.200;$ 44.000;$ 44.000;;;;;;;;
1023;AE227OE;RENAULT;KANGOO II EXPRESS CONFORT 1.6 SCE;;NAFTA;2020;BLANCO GLACIAR;43.000;Car France;305466;$ 4.600.000;Vendido;Vendido;23/3/2023;5/6/2023;$ 3.445.959;$ 10.000;;$ 15.695;;$ 3.471.654;$ 25.695;$ 25.695;;;;;;;;
1024;AC515ZV;RENAULT;KWID INTENS 1.0;;NAFTA;2018;ROJO FUEGO;32.000;Car France;305467;$ 3.200.000;Vendido;Vendido;23/3/2023;23/6/2023;$ 2.211.379;$ 10.000;$ 65.000;;;$ 2.286.379;$ 75.000;$ 75.000;;;;;;;;
1025;A102KWY;HONDA;CB 190 R REPSOL;;NAFTA;2019;NARANJA + NEGRO;12.000;Cliente;-;$ 750.000;Vendido;Vendido;17/3/2023;19/4/2023;$ 600.000;;;;;$ 600.000;$ 0;$ 0;;;;;;;;
1026;AG003XW;RENAULT;NUEVO DUSTER ICONIC 1.3T 4X4 MT;;NAFTA;2023;MARRON;0;Car France;114867;$ 9.900.000;Vendido;Vendido;31/3/2023;23/6/2023;$ 5.791.564;$ 10.000;;;;$ 5.801.564;$ 10.000;$ 10.000;;;;;;;;
1027;AF122ZX;FIAT;STRADA 1.4 ENDURANCE;;NAFTA;2021;GRIS PLATA;45.000;Cliente;-;$ 5.800.000;Vendido;Vendido;30/3/2023;29/9/2023;$ 4.500.000;;$ 158.746;;;$ 4.658.746;$ 158.746;$ 158.746;;;;;;;;
1028;NNH629;FORD;KA FLY VIRAL 1.6L;;NAFTA;2014;GRIS PLATA;89.000;Cliente;-;$ 1.810.000;Vendido;Vendido;30/3/2023;25/7/2023;$ 1.450.000;;$ 8.000;;;$ 1.458.000;$ 8.000;$ 8.000;;;;;;;;
1029;AF786II;NISSAN; FRONTIER S 4X4 MT 2.3 D CD;;DIESEL;2023;BLANCO HIELO;0KM PAT;Kyoto;-;$ 9.500.000;Consignacion;Consignacion;4/4/2023;;$ 8.205.974;$ 10.000;;;;$ 8.215.974;$ 10.000;$ 10.000;;;;;;;;
1030;LXO020;RENAULT;DUSTER PRIVILEGE 2.0;;NAFTA;2012;BLANCO GLACIAR;170.000;Cliente;-;$ 3.650.000;Vendido;Vendido;31/3/2023;19/4/2023;$ 2.440.000;;;;;$ 2.440.000;$ 0;$ 0;;;;;;;;
1031;AE135NQ;NISSAN;KICKS ADVANCE CVT;;NAFTA;2020;BORDO;39.000;Kyoto;-;$ 6.950.000;Vendido;Vendido;10/4/2023;16/6/2023;$ 4.976.039;$ 10.000;$ 17.000;;;$ 5.003.039;$ 27.000;$ 27.000;;;;;;;;
1032;AC365DM;NISSAN;KICKS ADVANCE CVT;;NAFTA;2018;BLANCO;46.000;Kyoto;-;$ 6.300.000;Vendido;Vendido;10/4/2023;8/6/2023;$ 4.619.280;$ 10.000;$ 129.051;;;$ 4.758.331;$ 139.051;$ 139.051;;;;;;;;
1033;AD091VD;RENAULT;KOLEOS ZEN 2.5 2WD;;NAFTA;2018;AZUL;65.000;Car France;-;$ 7.900.000;Vendido;Vendido;10/4/2023;25/7/2023;$ 5.774.100;$ 10.000;$ 39.000;;;$ 5.823.100;$ 49.000;$ 49.000;;;;;;;;
1034;ODU515;RENAULT;CLIO MIO 5P CONFORT PLUS;;NAFTA;2014;ROJO FUEGO;140.000;Cliente;-;$ 2.400.000;Vendido;Vendido;10/4/2023;24/10/2023;$ 1.800.000;;$ 64.500;;;$ 1.864.500;$ 64.500;$ 64.500;;;;;;;;
1035;MEE095;CHEVROLET;CELTA LS 3P;Gogenola;NAFTA;2013;NEGRO;160.000;Cliente;-;$ 2.090.000;Vendido;Vendido;11/4/2023;15/11/2023;$ 1.440.000;;$ 55.000;;;$ 1.495.000;$ 55.000;$ 55.000;;;;;;;;
1036;MIL394;TOYOTA;COROLLA XEI 1.8 MT;;NAFTA;2013;AZUL;180.000;Cliente;-;$ 3.780.000;Vendido;Vendido;15/4/2023;29/7/2023;$ 2.550.000;;$ 16.000;;;$ 2.566.000;$ 16.000;$ 16.000;;;;;;;;
1037;AB567CQ;PEUGEOT;208 1.6 ALLURE;;NAFTA;2017;GRIS OSCURO;85.000;Cliente;-;$ 3.850.000;Vendido;Vendido;15/4/2023;3/7/2023;$ 3.150.000;;$ 9.500;;;$ 3.159.500;$ 9.500;$ 9.500;;;;;;;;
1038;GKD119;RENAULT;LOGAN 1.6 16V CONFORT;Cholo;NAFTA;2007;GRIS CASSIOPE;143.000;Cliente;-;$ 1.650.000;Vendido;Vendido;13/4/2023;18/7/2024;$ 1.040.000;;$ 62.000;;;$ 1.102.000;6200000,00 %;$ 62.000;;;;;;;;
1039;AF253IW;FIAT;CRONOS DRIVE 1.3 MT;;NAFTA;2022;ROJO MARSALA;1.500;Metz;-;$ 4.370.000;Vendido;Vendido;18/4/2023;31/5/2023;$ 3.039.000;$ 10.000;;;;$ 3.049.000;$ 10.000;$ 10.000;;;;;;;;
1040;AF123HC;NISSAN;FRONTIER XE 2.3 D 4X2 MT CD;;DIESEL;2021;BLANCO;31.000;Kyoto;-;$ 9.200.000;Vendido;Vendido;18/4/2023;27/10/2023;$ 6.826.607;$ 10.000;-$ 8.500;;;$ 6.828.107;$ 1.500;$ 1.500;;;;;;;;
1041;AB048PT;NISSAN;NOTE EXCLUSIVE CVT PURE DRIVE;;NAFTA;2017;BORDO;27.000;Kyoto;-;$ 4.300.000;Vendido;Vendido;18/4/2023;5/7/2023;$ 3.363.160;$ 10.000;$ 34.000;;;$ 3.407.160;$ 44.000;$ 44.000;;;;;;;;
1042;AF221KI;NISSAN;SENTRA 2.0 ADVANCE MT;;NAFTA;2022;GRIS PLATA;7.000;Kyoto;-;$ 7.400.000;Vendido;Vendido;18/4/2023;22/5/2023;$ 5.772.074;$ 10.000;$ 34.000;;;$ 5.816.074;$ 44.000;$ 44.000;;;;;;;;
1043;AC243LP;TOYOTA;HILUX 4X2 D/C DX 2.4 TDI 6 M/T;;DIESEL;2018;GRIS;15.000;Kyoto;-;$ 8.000.000;Vendido;Vendido;18/4/2023;15/7/2023;$ 5.976.700;$ 10.000;;;;$ 5.986.700;$ 10.000;$ 10.000;;;;;;;;
1044;AD976CX;VW;T-CROSS COMFORTLINE 1.6 MSI 110CV;;NAFTA;2019;BLANCO;19.000;Metz;-;$ 7.000.000;Vendido;Vendido;18/4/2023;26/7/2023;$ 5.368.900;$ 10.000;;;;$ 5.378.900;$ 10.000;$ 10.000;;;;;;;;
1045;AC245KT;CITROEN;C3 1.6 FEEL AM18;;NAFTA;2018;BLANCO;58.000;Cliente;-;$ 4.000.000;Vendido;Vendido;19/4/2023;15/7/2023;$ 3.180.000;;$ 38.000;;;$ 3.218.000;$ 38.000;$ 38.000;;;;;;;;
1046;AE445LC;CITROEN;C4 CACTUS THP AT6 SHINE AM21;;NAFTA;2020;ROJO;10.000;Cliente;-;$ 6.700.000;Vendido;Vendido;2/5/2023;6/6/2023;$ 5.750.000;;;;;$ 5.750.000;$ 0;$ 0;;;;;;;;
1047;MOW449;FIAT;PUNTO 1.4 ATTRACTIVE;;NAFTA;2013;NEGRO;110.000;Cliente;-;$ 2.540.000;Vendido;Vendido;27/4/2023;4/9/2023;$ 1.900.000;;;;;$ 1.900.000;$ 0;$ 0;;;;;;;;
1048;AF257OO;RENAULT;CAPTUR ZEN 2.0;;NAFTA;2022;BLANCO GLACIAR;12.000;Car France;-;$ 6.900.000;Vendido;Vendido;25/4/2023;11/9/2023;$ 5.358.770;$ 10.000;;;;$ 5.368.770;$ 10.000;$ 10.000;;;;;;;;
1049;AF728HE;RENAULT;DUSTER OROCH OUTSIDER 1.3 TCE 163 4WD;;NAFTA;2022;GRIS;3.000;Car France;-;$ 9.300.000;Vendido;Vendido;25/4/2023;22/7/2023;$ 7.412.121;$ 10.000;;;;$ 7.422.121;$ 10.000;$ 10.000;;;;;;;;
1050;AE459GI;VW;VIRTUS TRENDLINE 1.6 MSI 110CV;Roman;NAFTA;2020;BEIGE;58.000;Car France;-;$ 5.050.000;Vendido;Vendido;25/4/2023;29/1/2024;$ 3.798.750;$ 10.000;$ 124.500;$ 45.177;$ 61.665;$ 4.040.092;$ 241.342;$ 241.342;;;;;;;;
1051;AE584RC;TOYOTA;HILUX 4X2 D/C SRX 2.8 TDI 6 A/T;;DIESEL;2021;GRIS PLATA;21.000;Kyoto;-;$ 13.300.000;Vendido;Vendido;27/4/2023;14/8/2023;$ 9.676.176;$ 20.000;$ 90.000;;;$ 9.786.176;$ 110.000;$ 110.000;;;;;;;;
1052;AD171XF;FORD;FIESTA 1.6L S PLUS;;NAFTA;2018;BORDO;23.000;Metz;-;$ 3.640.000;Vendido;Vendido;6/4/2023;29/6/2023;$ 2.937.700;$ 10.000;$ 47.300;;;$ 2.995.000;$ 57.300;$ 57.300;;;;;;;;
1053;AB800PA;HONDA;FIT EXL;FE;NAFTA;2018;AZUL;78.000;Kyoto;-;$ 6.900.000;Vendido;Vendido;8/5/2023;13/4/2024;$ 4.284.990;$ 10.000;$ 311.500;;;$ 4.606.490;$ 321.500;$ 321.500;;;;;;;;
1054;AD284EB;PEUGEOT;3008 ALLURE THP TIPRONIC;;NAFTA;2018;NARANJA + NEGRO;55.000;Metz;-;$ 11.100.000;Vendido;Vendido;9/5/2023;7/6/2023;$ 6.078.000;$ 10.000;$ 681.000;;;$ 6.769.000;$ 691.000;$ 691.000;;;;;;;;
1055;G502828;PEUGEOT;208 1.6 FELINE TIPTRONIC;;NAFTA;2023;GRIS ARTENSE;0KM;Metz;-;$ 8.400.000;Vendido;Vendido;10/5/2023;21/6/2023;$ 7.265.526;$ 10.000;;;;$ 7.275.526;$ 10.000;$ 10.000;;;;;;;;
1056;AE139BX;RENAULT;NUEVO SANDERO STEPWAY ZEN 1.6;;NAFTA;2020;ROJO FUEGO;46.000;Car France;-;$ 4.850.000;Vendido;Vendido;10/5/2023;16/9/2023;$ 3.442.174;$ 10.000;$ 81.000;;;$ 3.533.174;$ 91.000;$ 91.000;;;;;;;;
1057;AD606UI;CHEVROLET;ONIX 1.4 LS MT;;NAFTA;2019;BORDO;21.000;Car France;-;$ 3.700.000;Vendido;Vendido;10/5/2023;25/7/2023;$ 2.887.050;$ 10.000;$ 2.700;;;$ 2.899.750;$ 12.700;$ 12.700;;;;;;;;
1058;AF729CY;RENAULT;KANGOO II EXPRESS EMOTION 1.6 sCe;;NAFTA;2023;BLANCO GLACIAR;0;Car France;-;$ 4.750.300;Vendido;Vendido;27/12/2022;27/12/2022;$ 4.750.300;$ 10.000;;;;$ 4.760.300;$ 10.000;$ 10.000;;;;;;;;
1059;AD841VS;HONDA;CIVIC EXL AUT;Tomas;NAFTA;2019;GRIS;28.000;Car France;-;$ 8.500.000;Vendido;Vendido;19/5/2023;9/11/2023;$ 6.787.100;$ 10.000;$ 34.000;;;$ 6.831.100;$ 44.000;$ 44.000;;;;;;;;
1060;NEJ708;CITROEN;C3 AIRCROSS SX PACK HIGH;;NAFTA;2013;BLANCO;101.000;Cliente;-;$ 3.130.000;Vendido;Vendido;19/5/2023;17/8/2023;$ 2.500.000;;$ 79.500;;;$ 2.579.500;$ 79.500;$ 79.500;;;;;;;;
1061;AA417BM;CHEVROLET;SONIC 1.6 LTZ M/T 4 PTAS;;NAFTA;2016;GRIS;57.000;Cliente;-;$ 3.500.000;Vendido;Vendido;22/5/2023;22/9/2023;$ 2.650.000;;$ 160.644;;;$ 2.810.644;$ 160.644;$ 160.644;;;;;;;;
1062;AC468HX;FORD;KA S 1.5L;;NAFTA;2018;GRIS PLATA;34.000;Car France;-;$ 3.840.000;Vendido;Vendido;22/5/2023;25/7/2023;$ 2.800.945;$ 10.000;$ 37.000;;;$ 2.847.945;$ 47.000;$ 47.000;;;;;;;;
1063;OUO789;FORD;RANGER DC 4X2 XL SAFETY 2.2L;;DIESEL;2015;GRIS PLATA;186.000;Cliente;-;;Vendido;Vendido;19/5/2023;;$ 6.200.000;;;;;$ 6.200.000;;$ 0;;;;;;;;
1064;AG011SX;NISSAN;KICKS 1.6 EXCLUSIVE CVT;;NAFTA;2023;AZUL + NEGRO;0KM;Kyoto;-;$ 10.031.300;Vendido;Vendido;29/4/2023;30/5/2023;$ 9.204.562;$ 10.000;;;;$ 9.214.562;$ 10.000;$ 10.000;;;;;;;;
1065;AE613TM;VW;GOL TREND TRENDLINE 1,6;;NAFTA;2021;BLANCO;25.000;Metz;-;$ 4.919.000;Vendido;Vendido;22/5/2023;28/8/2023;$ 3.748.100;$ 10.000;$ 57.000;;;$ 3.815.100;$ 67.000;$ 67.000;;;;;;;;
1066;AG003XX;RENAULT;KANGOO II STEPWAY 1.6 sCe;;NAFTA;2023;ROJO FUEGO;0;Car France;-;$ 6.901.000;Vendido;Vendido;30/5/2023;14/6/2023;$ 6.135.384;$ 10.000;;;;$ 6.145.384;$ 10.000;$ 10.000;;;;;;;;
1067;AF120DF;NISSAN;VERSA 1.6 ADVANCE MT (LN);;NAFTA;2021;GRIS OSCURO;3.000;Kyoto;-;$ 6.550.000;Vendido;Vendido;1/6/2023;31/7/2023;$ 4.665.878;$ 10.000;;;;$ 4.675.878;$ 10.000;$ 10.000;;;;;;;;
1068;AE312JC;NISSAN;VERSA 1.6 ADVANCE MT;;NAFTA;2020;GRIS PLATA;28.000;Kyoto;-;$ 5.100.000;Vendido;Vendido;1/6/2023;13/7/2023;$ 3.808.880;$ 10.000;$ 19.000;;;$ 3.837.880;$ 29.000;$ 29.000;;;;;;;;
1069;AA349FO;RENAULT;NUEVO SANDERO STEPWAY PRIVILEGE 1.6;;NAFTA;2016;ROJO FUEGO;20.000;Car France;-;$ 3.950.000;Vendido;Vendido;3/6/2023;22/8/2023;$ 2.495.641;$ 10.000;$ 105.000;;;$ 2.610.641;$ 115.000;$ 115.000;;;;;;;;
1070;LKL233.;CHEVROLET;MONTANA LS AA;;GNC;2012;BLANCO;110.000;ASFE;-;$ 2.800.000;Vendido;Vendido;3/6/2023;;$ 2.800.000;;;;;$ 2.800.000;;$ 0;;;;;;;;
1071;B202489 ;NISSAN;KICKS 1.6 ADVANCE CVT;;NAFTA;2023;GRIS OSCURO;0;Kyoto;-;$ 7.649.900;Vendido;Vendido;31/5/2023;28/7/2023;$ 6.909.676;$ 10.000;;;;$ 6.919.676;$ 10.000;$ 10.000;;;;;;;;
1072;AG195BR;NISSAN;KICKS 1.6 ADVANCE CVT;;NAFTA;2023;BLANCO;0;Kyoto;-;$ 6.740.000;Vendido;Vendido;31/5/2023;5/8/2023;$ 6.093.700;$ 20.000;-$ 5.000;;;$ 6.108.700;$ 15.000;$ 15.000;;;;;;;;
1073;AD452HZ;TOYOTA;YARIS XLS PACK 1.5 CVT;;NAFTA;2019;GRIS PLATA;28.000;Metz;-;$ 5.900.000;Vendido;Vendido;1/6/2023;11/7/2023;$ 4.244.470;$ 10.000;$ 22.000;;;$ 4.276.470;$ 32.000;$ 32.000;;;;;;;;
1074;AE689NS;RENAULT;NUEVO SANDERO STEPWAY ZEN 1.6;;NAFTA;2021;GRIS ACERO;31.000;Car France;-;$ 5.450.000;Vendido;Vendido;3/6/2023;15/7/2023;$ 4.027.957;$ 10.000;;;;$ 4.037.957;$ 10.000;$ 10.000;;;;;;;;
1075;ODO483;PEUGEOT;208 1.6 FELINE PACK CUIR;;NAFTA;2014;AZUL;118.000;Cliente;-;$ 4.150.000;Vendido;Vendido;7/6/2023;17/8/2023;$ 3.189.900;;$ 70.000;;;$ 3.259.900;$ 70.000;$ 70.000;;;;;;;;
1076;OUQ951;RENAULT;CLIO MIO 1.2 CONFORT PACK SAT 3 PTAS;FE;NAFTA;2015;ROJO FUEGO;80.000;Cliente;-;$ 2.810.000;Vendido;Vendido;6/6/2023;10/11/2023;$ 2.300.000;;$ 217.000;;;$ 2.517.000;$ 217.000;$ 217.000;;;;;;;;
1077;NJR122;FORD;KA TOP PULSE 1.6L;;GNC;2013;GRIS PLATA;106.000;Cliente;-;$ 2.040.000;Vendido;Vendido;9/6/2023;3/8/2023;$ 1.900.000;;$ 8.000;;;$ 1.908.000;$ 8.000;$ 8.000;;;;;;;;
1078;AD164ID;NISSAN;KICKS 1.6 ADVANCE CVT;;NAFTA;2018;NEGRO;92.000;Cliente;-;$ 7.350.000;Vendido;Vendido;23/6/2023;27/9/2023;$ 6.251.500;;$ 144.338;;;$ 6.395.838;$ 144.338;$ 144.338;;;;;;;;
1079;AG060IE;PEUGEOT;208 FELINE 1.6L TIPTRONIC AM23.5;;NAFTA;2023;BLEU QUASAR;0KM;Metz;-;$ 8.101.000;Vendido;Vendido;26/6/2023;25/7/2023;$ 7.308.826;$ 10.000;;;;$ 7.318.826;$ 10.000;$ 10.000;;;;;;;;
1080;L579124;RENAULT;KANGOO II EXPRESS EMOTION 5A 1.6 SCE;;NAFTA;2023;;0;Car France;-;$ 8.020.100;Vendido;Vendido;25/4/2023;30/6/2023;$ 6.540.175;$ 10.000;;;;$ 6.550.175;$ 10.000;$ 10.000;;;;;;;;
1081;L579999;RENAULT;KANGOO II EXPRESS CONFORT 1.5 dCi;;DIESEL;2023;;0;Car France;-;$ 7.400.000;Vendido;Vendido;25/4/2023;30/6/2023;$ 6.038.708;$ 10.000;;;;$ 6.048.708;$ 10.000;$ 10.000;;;;;;;;
1082;AB757LG;CITROEN;C4 LOUNGE 1.6 THP FEEL AT6;;NAFTA;2017;BLANCO;70.000;Cliente;-;$ 4.950.000;Vendido;Vendido;16/6/2023;20/7/2023;$ 3.750.000;;$ 102.500;;;$ 3.852.500;$ 102.500;$ 102.500;;;;;;;;
1083;IFH712;FORD;FOCUS ONE AMBIENTE 5P 1.6L N;;NAFTA;2009;BLANCO;125.000;Cliente;-;$ 1.960.000;Vendido;Vendido;29/6/2023;12/9/2023;$ 1.510.000;;$ 42.000;;;$ 1.552.000;$ 42.000;$ 42.000;;;;;;;;
1084;AD047MM;VW;GOLF COMFORTLINE 1.4 TSI DQ;;NAFTA;2018;GRIS;45.000;Car France;-;$ 9.200.000;Vendido;Vendido;30/6/2023;30/10/2023;$ 6.787.100;$ 10.000;$ 320.000;$ 38.950;;$ 7.156.050;$ 368.950;$ 368.950;;;;;;;;
1085;AC905IT;RENAULT;DUSTER OROCH OUTSIDER 1.6;;NAFTA;2018;ROJO FUEGO;47.000;Car France;-;$ 5.900.000;Vendido;Vendido;1/7/2023;1/8/2023;$ 4.355.308;$ 10.000;$ 55.000;;;$ 4.420.308;$ 65.000;$ 65.000;;;;;;;;
1086;AE252YX;RENAULT;KANGOO II EXPRES CONFORT 5A 1.5 DCI;;DIESEL;2020;BLANCO GLACIAR;30.000;Car France;-;$ 5.800.000;Vendido;Vendido;1/7/2023;;$ 3.690.415;$ 10.000;;;;$ 3.700.415;;$ 10.000;;;;;;;;
1087;ONS593;VW;GOL TREND TRENDLINE 1.6 3 PTAS;;NAFTA;2015;GRIS PLATA;135.000;Cliente;-;$ 3.200.000;Vendido;Vendido;5/7/2023;18/7/2023;$ 2.660.000;;;;;$ 2.660.000;$ 0;$ 0;;;;;;;;
1088;OHB407;TOYOTA;ETIOS XLS 1.5 M/T 5 PTAS;;NAFTA;2014;AZUL;74.000;Cliente;-;$ 3.950.000;Vendido;Vendido;11/7/2023;29/9/2023;$ 2.910.000;;$ 212.000;;;$ 3.122.000;$ 212.000;$ 212.000;;;;;;;;
1089;AF786IJ;PEUGEOT;208 ALLURE PACK 1.6L TIPTRONIC AM23.5;;NAFTA;2023;NOIR PERLA;0;Metz;-;$ 8.101.000;Vendido;Vendido;17/7/2023;17/7/2023;$ 7.308.826;$ 20.000;;$ 31.604;;$ 7.360.430;$ 51.604;$ 51.604;;;;;;;;
1090;NCQ679;RENAULT;SANDERO STEPWAY PRIVILEGE 1.6;;GNC;2013;GRIS PLATA;143.000;Cliente;-;$ 3.500.000;Vendido;Vendido;15/7/2023;28/10/2023;$ 2.350.000;;$ 13.000;;;$ 2.363.000;$ 13.000;$ 13.000;;;;;;;;
1091;KYB510;VW;GOL TREND PACK I 1.6;;NAFTA;2012;GRIS OSCURO;130.000;Cliente;-;$ 2.800.000;Vendido;Vendido;15/7/2023;18/10/2023;$ 1.990.000;;$ 1.104.047;;;$ 3.094.047;$ 1.104.047;$ 1.104.047;;;;;;;;
1092;AG175CT;PEUGEOT;208 STYLE AT23.5;;NAFTA;2023;GRIS ARTENSE;0;Metz;-;$ 8.101.000;Vendido;Vendido;20/7/2023;20/7/2023;$ 6.842.248;$ 20.000;;;;$ 6.862.248;$ 20.000;$ 20.000;;;;;;;;
1093;AE558VU;RENAULT;SANDERO PH2 STEPWAY INTENS 1.6;;NAFTA;2021;BEIGE;11.000;Car France;-;$ 6.100.000;Vendido;Vendido;21/7/2023;13/9/2023;$ 4.274.860;$ 20.000;;;;$ 4.294.860;$ 20.000;$ 20.000;;;;;;;;
1094;AE241GR;RENAULT;SANDERO PH2 STEPWAY INTENS 1.6;;NAFTA;2020;ROJO FUEGO;58.000;Car France;-;$ 5.900.000;Vendido;Vendido;21/7/2023;27/10/2023;$ 3.545.500;$ 20.000;$ 67.000;$ 21.999;$ 36.185;$ 3.690.684;$ 145.184;$ 145.184;;;;;;;;
1095;ODK986;RENAULT;KANGOO PH3 SPORTWAY 1.6 2P;Hernan;NAFTA;2015;GRIS PLATA;58.000;Car France;-;$ 4.300.000;Vendido;Vendido;21/7/2023;7/12/2023;$ 2.836.400;$ 50.000;$ 489.500;;;$ 3.375.900;$ 539.500;$ 539.500;;;;;;;;
1096;AB695BR;RENAULT;SANDERO EXPRESSION PACK;;NAFTA;2017;BLANCO GLACIAR;57.000;Car France;-;$ 4.450.000;Vendido;Vendido;21/7/2023;17/10/2023;$ 3.150.430;$ 20.000;$ 33.000;;;$ 3.203.430;$ 53.000;$ 53.000;;;;;;;;
1097;KWE782;VW;VOYAGE CONFORT 1.6;Tomas;NAFTA;2012;BLANCO;112.000;Cliente;-;$ 3.090.000;Vendido;Vendido;20/7/2023;21/2/2024;$ 2.200.000;;$ 49.000;;;$ 2.249.000;$ 49.000;$ 49.000;;;;;;;;
1098;AG124ZI;NISSAN;FRONTIER PLATINUM 4X4 AT 2.3 D CD;;DIESEL;2023;GRIS PLATA;0;Kyoto;-;$ 19.585.500;Vendido;Vendido;20/7/2023;20/7/2023;$ 17.300.472;$ 20.000;-$ 7.019;;;$ 17.313.453;$ 12.981;$ 12.981;;;;;;;;
1099;AE767QZ;VW;GOL TREND TRENDLINE 1.6;;NAFTA;2021;GRIS;3.000;Car France;-;$ 5.400.000;Vendido;Vendido;24/7/2023;25/9/2023;$ 4.421.745;$ 53.250;$ 35.000;;;$ 4.509.995;$ 88.250;$ 88.250;;;;;;;;
1100;AE037YI;RENAULT;NUEVO SANDERO PRIVILEGE;;NAFTA;2019;BLANCO GLACIAR;23.000;Car France;-;$ 4.950.000;Vendido;Vendido;24/7/2023;5/10/2023;$ 3.743.035;$ 50.000;;;;$ 3.793.035;$ 50.000;$ 50.000;;;;;;;;
1101;AD510ME;RENAULT;CAPTUR INTENS 2.0;;NAFTA;2019;BEIGE + NEGRO;27.000;Kyoto;-;$ 7.000.000;Vendido;Vendido;24/7/2023;29/9/2023;$ 4.607.124;$ 20.000;$ 60.000;;;$ 4.687.124;$ 80.000;$ 80.000;;;;;;;;
1102;AE672RQ;NISSAN;FRONTIER X-GEAR 2.3 D 4X4 AT CD;;DIESEL;2021;BLANCO;52.000;Kyoto;-;$ 13.600.000;Vendido;Vendido;24/7/2023;14/9/2023;$ 9.406.718;$ 53.250;;;;$ 9.459.968;$ 53.250;$ 53.250;;;;;;;;
1103;AD905HR;FORD;KA SE + 1.5L;;NAFTA;2019;GRIS PLATA;14.000;Kyoto;-;$ 4.250.000;Vendido;Vendido;24/7/2023;10/8/2023;$ 3.271.990;$ 20.000;;;;$ 3.291.990;$ 20.000;$ 20.000;;;;;;;;
1104;AE945AE;FORD;TERRITORY 1.5L GTDI 4X2 AT;;DIESEL;2021;BLANCO;35.000;Kyoto;-;$ 13.000.000;Vendido;Vendido;24/7/2023;22/9/2023;$ 9.452.506;$ 20.000;$ 50.000;;;$ 9.522.506;$ 70.000;$ 70.000;;;;;;;;
1105;AB980VL;FORD;FIESTA 1.6 KD SE;Agustina;NAFTA;2017;BORDO;60.000;Kyoto;-;$ 4.450.000;Vendido;Vendido;24/7/2023;6/12/2023;$ 2.056.010;$ 50.000;$ 501.500;;;$ 2.607.510;$ 551.500;$ 551.500;;;;;;;;
1106;AD346TI;PEUGEOT;208 1.6 ALLURE;Tomas;NAFTA;2018;GRIS;19.000;Metz;-;$ 4.800.000;Vendido;Vendido;24/7/2023;15/11/2023;$ 3.606.280;$ 50.000;$ 90.000;;;$ 3.746.280;$ 140.000;$ 140.000;;;;;;;;
1107;AD052CY;PEUGEOT;208 1.6 ALLURE TIPTRONIC;Robinson;NAFTA;2018;GRIS;22.000;Metz;-;$ 4.850.000;Vendido;Vendido;24/7/2023;30/1/2024;$ 3.504.980;$ 20.000;$ 200.000;$ 15.420;;$ 3.740.400;$ 235.420;$ 235.420;;;;;;;;
1108;AE305BK;PEUGEOT;208 1.6 ACTIVE;Agustina;NAFTA;2020;GRIS;29.000;Metz;-;$ 4.950.000;Vendido;Vendido;3/8/2023;15/11/2023;$ 3.393.550;$ 20.000;$ 152.000;;;$ 3.565.550;$ 172.000;$ 172.000;;;;;;;;
1109;AA046KV;PEUGEOT;PARTNER CONFORT 1.4;Cholo;NAFTA;2016;BLANCO;45.000;Metz;-;$ 4.000.000;Vendido;Vendido;3/8/2023;28/12/2023;$ 1.722.100;$ 20.000;$ 262.000;;;$ 2.004.100;$ 282.000;$ 282.000;;;;;;;;
1110;MJG516;RENAULT;DUSTER LUXE 2.0 4X4;;NAFTA;2013;VERDE;48.000;Cliente;-;$ 4.850.000;Vendido;Vendido;22/7/2023;30/8/2023;$ 3.520.000;;$ 120.000;;;$ 3.640.000;$ 120.000;$ 120.000;;;;;;;;
1111;A155FAP;HONDA;XR 150 L;;NAFTA;2022;BLANCA;1.200;Cliente;-;$ 1.000.000;Vendido;Vendido;3/7/2023;24/7/2023;$ 750.000;;;;;$ 750.000;$ 0;$ 0;;;;;;;;
1112;ORM522;VW;GOL TREND PACK III 1.6;;NAFTA;2015;ROJO;145.000;Cliente;-;$ 3.700.000;Vendido;Vendido;25/7/2023;7/12/2023;$ 2.410.000;;;;;$ 2.410.000;$ 0;$ 0;;;;;;;;
1113;LGR975;FIAT;500 1.4 8V CULT;Agustina;NAFTA;2012;MARRON;87.000;Cliente;-;$ 3.700.000;Vendido;Vendido;25/7/2023;22/6/2024;$ 2.900.000;;$ 477.166;$ 35.437;;$ 3.412.603;;$ 512.603;;;;;;;;
1114;JFD971.;RENAULT;CLIO 5 PTAS PACK;FE;NAFTA;2010;GRIS ETOILE;99.000;Cliente;-;$ 2.340.000;Vendido;Vendido;25/7/2023;19/2/2024;$ 1.500.000;;$ 132.300;;;$ 1.632.300;$ 132.300;$ 132.300;;;;;;;;
1115;NTG541;FIAT;QUBO 1.4 8V ACTIVE;;NAFTA;2014;BLANCO;250.000;Cliente;-;$ 3.550.000;Vendido;Vendido;5/10/2023;5/10/2023;$ 3.000.000;;$ 11.000;;$ 43.376;$ 3.054.376;$ 54.376;$ 54.376;;;;;;;;
1116;AB108ER;FORD;FOCUS 1.6 S 5 P;;NAFTA;2017;BORDO;60.000;Cliente;-;$ 6.700.000;Vendido;Vendido;31/7/2023;25/8/2023;$ 4.740.000;;;;;$ 4.740.000;$ 0;$ 0;;;;;;;;
1117;AB905RL;FORD;ECOSPORT SE 1.5;;NAFTA;2017;NEGRO;19.000;Cliente;-;$ 5.900.000;Vendido;Vendido;28/7/2023;26/8/2023;$ 4.800.000;;-$ 5.000;;;$ 4.795.000;-$ 5.000;-$ 5.000;;;;;;;;
1118;OCO470;VW;SURAN TRENDLINE 1.6;;NAFTA;2014;GRIS;80.000;Cliente;-;$ 3.900.000;Vendido;Vendido;1/8/2023;11/9/2023;$ 2.900.000;$ 30.000;;;;$ 2.930.000;$ 30.000;$ 30.000;;;;;;;;
1119;G513543;PEUGEOT;208 1.6 FELINE TIPTRONIC;;NAFTA;2023;BLEU QUASAR;0KM;Metz;-;$ 8.101.000;Vendido;Vendido;31/8/2023;29/9/2023;$ 7.308.826;$ 20.000;;;;$ 7.328.826;$ 20.000;$ 20.000;;;;;;;;
1120;AC238SG;FIAT;ARGO DRIVE 1.3;Tomas;NAFTA;2018;BLANCO;28.000;Car France;-;$ 5.050.000;Vendido;Vendido;3/8/2023;15/11/2023;$ 3.588.046;$ 53.250;;;;$ 3.641.296;$ 53.250;$ 53.250;;;;;;;;
1121;AG251PP;RENAULT;NUEVO DUSTER ICONIC 1.3T 4X4 MT;;NAFTA;2023;GRIS ETOILE;0KM;Car France;-;$ 8.291.300;Vendido;Vendido;9/8/2023;7/9/2023;$ 7.352.792;$ 50.000;$ 1.500;;;$ 7.404.292;$ 51.500;$ 51.500;;;;;;;;
1122;AG195CF;RENAULT;SANDERO PH2 LIFE 1.6;;NAFTA;2023;BLANCO GLACIAR;0KM;Car France;-;$ 6.562.400;Vendido;Vendido;8/8/2023;8/8/2023;$ 5.829.460;$ 50.000;;;;$ 5.879.460;$ 50.000;$ 50.000;;;;;;;;
1123;AC870XX;CITROEN;C4 CACTUS PURETECH 110 S&S AT6 SHINE;Cholo;NAFTA;2018;BLANCO;42.000;Cliente;-;$ 7.300.000;Vendido;Vendido;5/8/2023;4/11/2023;$ 5.300.000;;$ 120.000;;;$ 5.420.000;$ 120.000;$ 120.000;;;;;;;;
1124;AF087SJ;CHEVROLET;CRUZE 5P 1.4T LTZ AT;;NAFTA;2021;NEGRO;18.000;Kyoto;-;$ 9.300.000;Vendido;Vendido;14/8/2023;6/10/2023;$ 6.756.710;$ 50.000;$ 80.000;;;$ 6.886.710;$ 130.000;$ 130.000;;;;;;;;
1125;AF012CI;CITROEN;C4 CACTUS THP 165 EAT6 SHINE AM21.5;Tomas;NAFTA;2021;GRIS OSCURO;14.000;Kyoto;-;$ 8.800.000;Vendido;Vendido;14/8/2023;17/1/2024;$ 6.390.004;$ 47.333;;$ 286.246;;$ 6.723.583;$ 333.579;$ 333.579;;;;;;;;
1126;AC524RV;TOYOTA;SW4 4X4 SRX 2.8 TDI 6 A/T 7A;Tomas;DIESEL;2018;MARRON;88.000;Kyoto;-;$ 19.000.000;Vendido;Vendido;14/8/2023;7/5/2024;$ 13.776.800;$ 50.000;$ 182.000;;;$ 14.008.800;$ 232.000;$ 232.000;;;;;;;;
1127;AA825DZ;TOYOTA;YARIS 1.5 5 PTAS CVT;Tomas;NAFTA;2017;BLANCO;48.000;Kyoto;-;$ 5.800.000;Vendido;Vendido;14/8/2023;22/11/2023;$ 3.515.138;$ 50.000;$ 347.671;;;$ 3.912.809;$ 397.671;$ 397.671;;;;;;;;
1128;AF015ZK;JEEP;RENEGADE SPORT 1.8 AT6;Tomas;NAFTA;2021;GRIS OSCURO;28.000;Car France;-;$ 9.700.000;Vendido;Vendido;18/8/2023;9/4/2024;$ 7.344.250;$ 53.250;$ 51.000;;;$ 7.448.500;$ 104.250;$ 104.250;;;;;;;;
1129;AG234PZ;NISSAN;KICKS 1.6 ADVANCE CVT;;NAFTA;2023;BLANCO;0KM;Kyoto;-;$ 8.100.000;Vendido;Vendido;22/8/2023;19/9/2023;$ 7.313.350;$ 52.500;;;;$ 7.365.850;$ 52.500;$ 52.500;;;;;;;;
1130;AC116TR;FIAT;PALIO 1.4 ATTRACTIVE;;NAFTA;2017;GRIS;9.200;Car France;-;$ 3.250.000;Vendido;Vendido;22/8/2023;3/10/2023;$ 2.699.645;$ 53.250;$ 170.000;;;$ 2.922.895;$ 223.250;$ 223.250;;;;;;;;
1131;AE063PC;RENAULT;DUSTER OROCH DYNAMIQUE 2.0;Tomas;NAFTA;2020;GRIS ACERO;60.500;Car France;-;$ 6.800.000;Vendido;Vendido;22/8/2023;4/7/2024;$ 5.095.390;$ 53.250;$ 204.338;;$ 40.000;$ 5.352.978;29758800,00 %;$ 297.588;;;;;;;;
1132;AC938QH;RENAULT;CAPTUR INTENS 1.6 CVT;;NAFTA;2018;ROJO FUEGO + NEGRO;20.500;Metz;-;$ 6.900.000;Vendido;Vendido;23/8/2023;19/10/2023;$ 5.591.760;$ 53.250;$ 180.000;;;$ 5.825.010;$ 233.250;$ 233.250;;;;;;;;
1133;AG223SJ;PEUGEOT;208 FELINE AT AM24;;NAFTA;2023;NEGRO;0;Metz;-;$ 8.101.000;Vendido;Vendido;25/8/2023;25/8/2023;$ 7.308.826;$ 47.333;$ 40.000;;;$ 7.396.159;$ 87.333;$ 87.333;;;;;;;;
1134;AG169EZ;PEUGEOT;208 FELINE AT AM24;;NAFTA;2023;BLANCO NACAR;0;Metz;-;$ 8.101.000;Vendido;Vendido;28/8/2023;28/8/2023;$ 7.308.826;$ 47.333;;;;$ 7.356.159;$ 47.333;$ 47.333;;;;;;;;
1135;OZR401;FORD;FOCUS 4P 1.6L N MT S;Agustina;GNC;2015;BLANCO;80.000;Cliente;-;$ 5.100.000;Vendido;Vendido;30/8/2023;8/4/2024;$ 4.200.000;;$ 90.200;;;$ 4.290.200;$ 90.200;$ 90.200;;;;;;;;
1136;NGH618;VW;SURAN CONFORTLINE 1.6;Robinson;NAFTA;2013;BLANCO;110.000;Cliente;-;$ 3.498.000;Vendido;Vendido;28/8/2023;15/1/2024;$ 3.400.000;;$ 50.200;;;$ 3.450.200;$ 50.200;$ 50.200;;;;;;;;
1137;AG158PA;RENAULT;KANGOO II STEPWAY 1.6 SCe;;NAFTA;2023;GRIS QUARTZ;0KM;Car France;-;$ 8.291.300;Vendido;Vendido;31/8/2023;30/9/2023;$ 7.352.792;$ 47.333;;;;$ 7.400.125;$ 47.333;$ 47.333;;;;;;;;
1138;AG236RP;RENAULT;NUEVO SANDERO STEPWAY INTENS 1.6;;NAFTA;2023;BLANCO GLACIAR;0KM;Car France;-;$ 8.291.300;Vendido;Vendido;31/8/2023;20/10/2023;$ 7.352.792;$ 47.333;;;;$ 7.400.125;$ 47.333;$ 47.333;;;;;;;;
1139;AC752PV;RENAULT;KWID ZEN 1.0;;NAFTA;2018;BLANCO GLACIAR;10.100;Car France;-;$ 4.800.000;Vendido;Vendido;5/9/2023;30/10/2023;$ 3.120.040;$ 47.333;$ 15.200;;;$ 3.182.573;$ 62.533;$ 62.533;;;;;;;;
1140;AE128YH;FIAT;TORO FREEDOM 1.8 16V 4X2 AT6;Tomas;NAFTA;2020;BLANCO;28.000;Kyoto;-;$ 11.500.000;Vendido;Vendido;5/9/2023;26/12/2023;$ 6.787.100;$ 47.333;$ 385.000;;;$ 7.219.433;$ 432.333;$ 432.333;;;;;;;;
1141;AF831PL;PEUGEOT;208 ALLURE PACK 1.6L AM23.5;;NAFTA;2023;BLANCO PERLA;0;Metz;-;$ 8.101.000;Vendido;Vendido;8/9/2023;8/9/2023;$ 7.308.826;;;;;$ 7.308.826;$ 0;$ 0;;;;;;;;
1142;AD701TD;PEUGEOT;208 1.6 FELINE;Agustina;NAFTA;2019;GRIS;25.000;Metz;-;$ 7.500.000;Vendido;Vendido;6/9/2023;6/12/2023;$ 4.492.655;;$ 210.000;;;$ 4.702.655;$ 210.000;$ 210.000;;;;;;;;
1143;AE060BZ;CHEVROLET;SPIN 1.8 LT 5 AS;Agustina;NAFTA;2019;GRIS;36.000;Cliente;-;$ 8.000.000;Vendido;Vendido;7/9/2023;20/1/2024;$ 6.150.000;;$ 185.992;;;$ 6.335.992;$ 185.992;$ 185.992;;;;;;;;
1144;AC475GM;RENAULT;DUSTER OROCH DYNAMIQUE 1.6;Agustina;NAFTA;2018;GRIS;45.000;Car France;-;$ 7.800.000;Vendido;Vendido;11/9/2023;27/12/2023;$ 4.761.100;$ 30.000;$ 47.000;$ 39.608;;$ 4.877.708;$ 116.608;$ 116.608;;;;;;;;
1145;HOI774;RENAULT;CLIO 5 PTAS PACK PLUS;Cholo;NAFTA;2008;NEGRO NACRE;180.000;Cliente;-;$ 2.780.000;Vendido;Vendido;4/9/2023;4/11/2023;$ 2.100.000;;;;;$ 2.100.000;$ 0;$ 0;;;;;;;;
1146;AE727NO;PEUGEOT;2008 SPORT 1.6 THP TIPTRONIC 165 AM20;Cholo;NAFTA;2021;GRIS OSCURO;50.000;Metz;-;$ 10.600.000;Vendido;Vendido;5/9/2023;1/6/2024;$ 6.888.400;$ 47.333;$ 107.000;;;$ 7.042.733;$ 154.333;$ 154.333;;;;;;;;
1147;AB631PC;FORD;FIESTA 1.6L TITANIUM;Robinson;NAFTA;2017;AZUL;98.000;Cliente;-;$ 6.010.000;Vendido;Vendido;24/1/2024;24/1/2024;$ 8.154.200;;$ 48.500;$ 78.800;;$ 8.281.500;$ 127.300;$ 127.300;;;;;;;;
1148;AE038JZ;CITROEN;C3 AIRCROSS VTI 115 FEEL AM19;;NAFTA;2019;GRIS;35.000;Cliente;-;$ 7.300.000;Vendido;Vendido;11/9/2023;6/10/2023;$ 6.100.000;;$ 64.000;;;$ 6.164.000;$ 64.000;$ 64.000;;;;;;;;
1149;MMR675;FORD;FIESTA 1.6 KD TITANIUM;Cholo;NAFTA;2013;BLANCO;130.000;Cliente;-;$ 4.750.000;Vendido;Vendido;13/9/2023;17/10/2024;$ 3.600.000;$ 300.000;;$ 76.667;;$ 3.976.667;;$ 376.667;;;;;;;;
1150;A198ZCV;HONDA;XR250 TORNADO;;NAFTA;2023;BLANCO;0;Scheller;-;$ 1.048.000;Vendido;Vendido;1/6/2022;15/9/2023;$ 1.048.000;$ 36.000;;;;$ 1.084.000;$ 36.000;$ 36.000;;;;;;;;
1151;XTRAIL;NISSAN;X TRAIL 2.5 EXCLUSIVE CVT;;NAFTA;2023;GRIS PLATA;0;Kyoto;-;$ 27.600.000;Vendido;Vendido;18/9/2023;18/9/2023;$ 24.423.831;$ 68.750;;;;$ 24.492.581;$ 68.750;$ 68.750;;;;;;;;
1152;AG245OI;NISSAN;KICKS 1.6 ADVANCE CVT;;NAFTA;2023;GRIS PLATA;0KM;Kyoto;-;$ 10.100.000;Vendido;Vendido;20/9/2023;20/9/2023;$ 9.134.456;$ 68.750;;;;$ 9.203.206;$ 68.750;$ 68.750;;;;;;;;
1153;AC993HH;CHEVROLET;CRUZE 5P 1.4T LT MT;Robinson;NAFTA;2018;BLANCO;35.000;Metz;-;$ 9.250.000;Vendido;Vendido;27/9/2023;23/1/2024;$ 5.672.800;$ 30.000;$ 272.500;;;$ 5.975.300;$ 302.500;$ 302.500;;;;;;;;
1154;AE619YC;NISSAN;KICKS 1.6 ADVANCE CVT;Robinson;NAFTA;2021;GRIS CUARZO;52.000;Kyoto;-;$ 13.500.000;Vendido;Vendido;17/10/2023;24/4/2024;$ 7.312.847;$ 59.778;$ 364.504;;;$ 7.737.128;$ 424.281;$ 424.281;;;;;;;;
1155;AE312SA;RENAULT;DUSTER PH2 DYNAMIQUE 1.6;Cholo;NAFTA;2020;ROJO;54.000;Car France;-;$ 10.000.000;Vendido;Vendido;17/10/2023;5/4/2024;$ 4.545.260;$ 68.750;$ 748.500;;;$ 5.362.510;$ 817.250;$ 817.250;;;;;;;;
1156;ONN202;TOYOTA;ETIOS CROSS 1.5 M/T 5 PTAS;Tomas;NAFTA;2015;ROJO;23.000;Car France;-;$ 6.210.000;Vendido;Vendido;3/10/2023;9/2/2024;$ 3.312.004;$ 30.000;$ 200.000;;;$ 3.542.004;$ 230.000;$ 230.000;;;;;;;;
1157;AA808RD;TOYOTA;ETIOS XLS 1.5 6M/T 5 PTAS;Robinson;NAFTA;2016;BLANCO;110.000;Cliente;-;$ 5.850.000;Vendido;Vendido;25/9/2023;19/4/2024;$ 4.600.000;;$ 358.678;$ 25.428;;$ 4.984.105;$ 384.105;$ 384.105;;;;;;;;
1158;MUI061;VW;FOX TRENDLINE 1.6;Gogenola;NAFTA;2013;BLANCO;150.000;Cliente;-;$ 4.520.000;Vendido;Vendido;25/9/2023;17/11/2023;$ 3.390.000;;;;;$ 3.390.000;$ 0;$ 0;;;;;;;;
1159;L783721;NISSAN;FRONTIER X GEAR 4X4 AT;;DIESEL;2023;BLANCO;0;Kyoto;-;$ 19.482.500;Vendido;Vendido;29/9/2023;29/9/2023;$ 17.210.043;$ 68.750;;;;$ 17.278.793;$ 68.750;$ 68.750;;;;;;;;
1160;AB608CS;CITROEN;C4 CACTUS PURETECH 110 S&S AT6 SHINE;Agustina;NAFTA;2017;BLANCO;29.000;Cliente;-;$ 9.300.000;Vendido;Vendido;29/9/2023;2/12/2023;$ 7.800.000;;$ 120.000;$ 6.065;;$ 7.926.065;$ 126.065;$ 126.065;;;;;;;;
1161;AB525DN;PEUGEOT;208 1.6 ALLURE TIPTRONIC NAV;;NAFTA;2017;GRIS;45.000;Cliente;-;$ 6.250.000;Vendido;Vendido;20/9/2023;2/10/2023;$ 6.250.000;;;;;$ 6.250.000;$ 0;$ 0;;;;;;;;
1162;G541018;PEUGEOT;208 FELINE AT AM24;;NAFTA;2023;GRIS ARTENSE;0KM;Metz;-;$ 10.097.000;Vendido;Vendido;30/9/2023;;$ 9.098.791;;;;;$ 9.098.791;;$ 0;;;;;;;;
1163;AB143UM;TOYOTA;COROLLA XLI 1.8 CVT;Robinson;NAFTA;2017;BLANCO;132.000;Cliente;-;$ 8.660.000;Vendido;Vendido;14/9/2023;9/8/2024;$ 5.950.000;;$ 222.251;$ 114.861;;$ 6.287.112;;$ 337.112;;;;;;;;
1164;AC048NW;TOYOTA;YARIS 1.5 5 PTAS CVT;Robinson;NAFTA;2017;GRIS OSCURO;;Kyoto;-;$ 8.750.000;Vendido;Vendido;3/10/2023;26/10/2024;$ 4.659.800;$ 30.000;$ 971.265;;$ 572.145;$ 5.661.065;;$ 1.573.410;;;;;;;;
1165;KPT272;VW;SURAN TRENDLINE 1.6;Agustina;NAFTA;2011;VERDE;157.000;Cliente;-;$ 3.707.000;Vendido;Vendido;29/9/2023;28/6/2024;$ 2.500.000;;$ 776.000;$ 46.403;;$ 3.322.403;$ 822.403;$ 822.403;;;;;;;;
1166;AB343SQ;FORD;ECOSPORT 1.6 TITANIUM;Gogenola;GNC;2017;GRIS PLATA;108.000;Cliente;-;$ 7.200.000;Vendido;Vendido;30/9/2023;15/11/2023;$ 5.950.000;;$ 50.000;;;$ 6.000.000;$ 50.000;$ 50.000;;;;;;;;
1167;AA451JY;VW;UP HIGH 1.0 MPI I-MOTION 5PTAS;Agustina;NAFTA;2016;GRIS PLATA;110.000;Cliente;-;$ 5.560.000;Vendido;Vendido;29/9/2023;11/11/2023;$ 4.500.000;;$ 45.000;;;$ 4.545.000;$ 45.000;$ 45.000;;;;;;;;
1168;OPF028;RENAULT;NUEVA MASTER L1H1 AA 2.3;Tomas;DIESEL;2015;BLANCO GLACIAR;150.000;Car France;-;$ 13.100.000;Vendido;Vendido;3/10/2023;8/9/2024;$ 7.617.760;$ 60.000;$ 32.242;;$ 218.984;$ 7.710.002;;$ 311.226;;;;;;;;
1169;AB754OQ;RENAULT;NUEVO SANDERO STEPWAY PRIVILEGE 1.6;;NAFTA;2017;ROJO FUEGO;29.000;Car France;-;$ 6.350.000;Vendido;Vendido;3/10/2023;17/10/2023;$ 3.950.700;$ 30.000;$ 75.000;;;$ 4.055.700;$ 105.000;$ 105.000;;;;;;;;
1170;AG365KD;NISSAN;KICKS 1.6 ADVANCE CVT;Agustina;NAFTA;2023;GRIS CUARZO;0KM;Kyoto;-;$ 10.100.000;Vendido;Vendido;5/10/2023;17/11/2023;$ 9.134.456;;;;;$ 9.134.456;$ 0;$ 0;;;;;;;;
1171;AG617TX;RENAULT;KANGOO II STEPWAY 1.6 SCe;Tomas;NAFTA;2023;GRIS QUARTZ;0KM;Car France;-;$ 10.330.000;Vendido;Vendido;20/10/2023;22/5/2024;$ 9.146.488;;;;;$ 9.146.488;$ 0;$ 0;;;;;;;;
1172;AG253OA;NISSAN;FRONTIER S 2.3 D 4X2 MT CD;Cholo;DIESEL;2023;BLANCO;0KM PAT;Kyoto;-;$ 13.790.200;Vendido;Vendido;20/10/2023;18/7/2024;$ 12.154.108;$ 59.778;;;;$ 12.213.886;;$ 59.778;;;;;;;;
1173;AG467LX;TOYOTA;YARIS 1.5 5 PTAS XLS CVT;Robinson;NAFTA;2024;GRIS AZULADO;0KM;Ginza;-;$ 8.956.955;Vendido;Vendido;30/9/2023;22/4/2024;$ 9.206.955;;$ 441.425;$ 583.067;;$ 10.231.447;$ 1.024.492;$ 1.024.492;;;;;;;;
1174;AG356RL;PEUGEOT;208 FELINE AT AM24;;NAFTA;2023;BLEU QUASAR;0;Metz;-;$ 10.097.000;Vendido;Vendido;17/10/2023;17/10/2023;$ 9.098.791;$ 59.778;;;;$ 9.158.569;$ 59.778;$ 59.778;;;;;;;;
1175;AA875RS;RENAULT;CAPTUR INTENS 2.0;Tomas;NAFTA;2017;ROJO FUEGO + NEGRO;117.000;Cliente;-;$ 9.500.000;Vendido;Vendido;17/10/2023;7/8/2024;$ 8.900.000;;$ 241.910;;;$ 9.141.910;$ 241.910;$ 241.910;;;;;;;;
1176;AD789AB;RENAULT;KANGOO II EXPRESS EMOTION 5A 1.6 SCE;Robinson;NAFTA;2019;GRIS;23.000;Car France;-;$ 8.900.000;Vendido;Vendido;17/10/2023;17/1/2024;$ 6.381.900;$ 68.750;$ 166.000;;;$ 6.616.650;$ 234.750;$ 234.750;;;;;;;;
1177;AD807VU;RENAULT;KANGOO II EXPRESS CONFORT 1.5 dCi;Tomas;DIESEL;2019;BLANCO GLACIAR;26.000;Car France;-;$ 8.000.000;Vendido;Vendido;17/10/2023;22/1/2024;$ 5.814.620;$ 68.750;$ 120.000;;;$ 6.003.370;$ 188.750;$ 188.750;;;;;;;;
1178;AC151WF;TOYOTA;ETIOS XS 1.5 6M/T 5 PTAS;Tomas;NAFTA;2017;BORDO;34.000;Car France;-;$ 6.480.000;Vendido;Vendido;17/10/2023;8/2/2024;$ 4.680.060;$ 68.750;$ 120.000;$ 63.798;;$ 4.932.608;$ 252.548;$ 252.548;;;;;;;;
1179;AD814RH;VW;POLO HIGHLINE 1.6 MSI 110CV AT;Agustina;NAFTA;2019;BEIGE;25.000;Kyoto;-;$ 9.000.000;Vendido;Vendido;17/10/2023;12/3/2024;$ 6.855.984;$ 67.125;$ 184.000;$ 237.717;;$ 7.344.826;$ 488.842;$ 488.842;;;;;;;;
1180;AD789BC;FORD;RANGER DC 4X2 XL 2.2L D;Robinson;DIESEL;2019;AZUL;40.000;Kyoto;-;$ 12.000.000;Vendido;Vendido;17/10/2023;15/3/2024;$ 8.504.135;$ 67.125;$ 345.000;;;$ 8.916.260;$ 412.125;$ 412.125;;;;;;;;
1181;AE373CJ;CHEVROLET;TRACKER 1.2T AT PREMIER;Tomas;NAFTA;2020;GRIS ACERO;50.000;Car France;-;$ 15.000.000;Vendido;Vendido;20/10/2023;17/1/2024;$ 11.076.688;$ 67.125;;$ 32.325;;$ 11.176.138;$ 99.450;$ 99.450;;;;;;;;
1182;AE342KG;VW;POLO TRENDLINE 1.6 MSI 110CV;Robinson;NAFTA;2020;GRIS;21.000;Car France;-;$ 8.600.000;Vendido;Vendido;20/10/2023;15/3/2024;$ 6.520.681;$ 59.778;$ 60.000;$ 127.997;;$ 6.768.456;$ 247.775;$ 247.775;;;;;;;;
1183;AF921XM;TOYOTA;ETIOS XLS PACK 1.5 6M/T 5 PTAS;Tomas;NAFTA;2023;BLANCO;4.000;Kyoto;-;$ 9.100.000;Vendido;Vendido;20/10/2023;30/4/2024;$ 6.483.200;$ 59.778;$ 60.000;;;$ 6.602.978;$ 119.778;$ 119.778;;;;;;;;
1184;AC544QA;FORD;KA S 1.5L;Tomas;NAFTA;2018;GRIS PLATA;48.000;Metz;-;$ 5.070.000;Vendido;Vendido;20/10/2023;14/2/2024;$ 3.946.648;$ 30.000;$ 120.000;;;$ 4.096.648;$ 150.000;$ 150.000;;;;;;;;
1185;AE768CJ;RENAULT;NUEVO SANDERO LIFE 1.6;Robinson;NAFTA;2021;BLANCO GLACIAR;9.000;Metz;-;$ 7.150.000;Vendido;Vendido;20/10/2023;22/11/2023;$ 5.520.850;$ 30.000;;;;$ 5.550.850;$ 30.000;$ 30.000;;;;;;;;
1186;AG650ET;TOYOTA;COROLLA CROSS XEI 2.0 CVT;FE;NAFTA;2024;BORDO;0KM;Ginza;-;$ 18.269.000;Vendido;Vendido;17/10/2023;23/9/2024;$ 18.269.000;;;$ 589.461;$ 892.203;$ 19.750.664;;$ 1.481.664;;;;;;;;
1187;AG325YI;RENAULT;NUEVO SANDERO STEPWAY INTENS 1.6;;NAFTA;2023;GRIS CUARZO;0;Car France;-;$ 10.330.000;Vendido;Vendido;20/10/2023;20/10/2023;$ 9.111.569;$ 67.125;;;;$ 9.178.694;$ 67.125;$ 67.125;;;;;;;;
1188;AE546JO;FIAT;CRONOS DRIVE 1.3 MT GSE PACK CONECTIVIDAD;Tomas;NAFTA;2020;ROJO;43.000;Cliente;-;$ 6.750.000;Vendido;Vendido;27/10/2023;2/12/2023;$ 6.500.000;;;;;$ 6.500.000;$ 0;$ 0;;;;;;;;
1189;LPE497;MINI;COOPER COUNTRYMAN ONE;Robinson;NAFTA;2012;AZUL;67.000;Cliente;-;$ 11.000.000;Vendido;Vendido;22/9/2023;15/7/2025;$ 7.800.000;;$ 772.194;;$ 360.000;$ 8.572.194;;$ 1.132.194;;;;;;;;
1190;AF434WO;FORD;BRONCO SPORT BIG BEND 1.5L;Tomas;NAFTA;2022;BLANCO;23.000;Kyoto;-;$ 29.500.000;Vendido;Vendido;7/11/2023;15/8/2024;$ 20.050.864;$ 59.778;;;;$ 20.110.642;;$ 59.778;;;;;;;;
1191;AF510ED;TOYOTA;COROLLA 2.0 XLI MT;Robinson;NAFTA;2022;CELESTE;7.718;Kyoto;-;$ 17.000.000;Vendido;Vendido;7/11/2023;1/3/2024;$ 11.377.282;$ 59.778;;$ 292.770;;$ 11.729.830;$ 352.548;$ 352.548;;;;;;;;
1192;M664898;RENAULT;DUSTER ICONIC 1.3T 4X4 MT;Tomas;NAFTA;2023;GRIS ETOILE;0KM;Car France;-;$ 10.330.000;Vendido;Vendido;7/11/2023;21/2/2024;$ 9.146.488;$ 59.778;;;;$ 9.206.266;$ 59.778;$ 59.778;;;;;;;;
1193;KSM896;FORD;KA FLY PLUS 1.0L;Tomas;NAFTA;2011;ROJO;115.000;Cliente;-;$ 3.185.000;Vendido;Vendido;28/10/2023;26/12/2023;$ 2.485.000;$ 170.500;;;;$ 2.655.500;$ 170.500;$ 170.500;;;;;;;;
1194;AG577PF;NISSAN;KICKS 1.6 ADVANCE CVT;Agustina;NAFTA;2024;GRIS PLATA;0;Kyoto;-;$ 10.100.000;Vendido;Vendido;20/10/2023;25/4/2024;$ 9.134.457;$ 30.000;;;;$ 9.164.457;$ 30.000;$ 30.000;;;;;;;;
1195;AF565TJ;VW;NIVUS 170 TSI MT;HC;NAFTA;2022;GRIS OSCURO;18.000;Kyoto;-;$ 14.800.000;Vendido;Vendido;13/11/2023;11/3/2024;$ 10.869.490;$ 30.000;;$ 150.993;;$ 11.050.483;$ 180.993;$ 180.993;;;;;;;;
1196;L802777;NISSAN;VERSA 1.6 EXCLUSIVE CVT;Cholo;NAFTA;2024;GRIS PLATA;0;Kyoto;-;$ 8.100.000;Vendido;Vendido;10/8/2023;1/6/2024;$ 8.100.000;$ 30.000;$ 393.080;;$ 20.000;$ 8.543.080;$ 443.080;$ 443.080;;;;;;;;
1197;AG885OL;NISSAN;VERSA 1.6 EXCLUSIVE CVT;Tomas;NAFTA;2024;GRIS PLATA;0;Kyoto;-;$ 8.100.000;Vendido;Vendido;10/8/2023;16/9/2024;$ 8.100.000;$ 30.000;;$ 1.888.544;;$ 10.018.544;;$ 1.918.544;;;;;;;;
1198;AE719YX;CITROEN;C4 CACTUS VTI 115 EAT6 RIP CURL;Agustina;NAFTA;2021;BLANCO + CELESTE;28.000;Cliente;-;$ 13.300.000;Vendido;Vendido;17/11/2023;18/4/2024;$ 11.300.000;$ 120.000;$ 315.000;;;$ 11.735.000;$ 435.000;$ 435.000;;;;;;;;
1199;AD922YD;VW;POLO COMFORTLINE 1.6 MSI 110CV AT;Tomas;NAFTA;2019;BLANCO;49.000;Cliente;-;$ 10.500.000;Vendido;Vendido;9/11/2023;18/1/2024;$ 9.400.000;;$ 204.000;;;$ 9.604.000;$ 204.000;$ 204.000;;;;;;;;
1200;AD313EU;FIAT;TORO FREEDOM 1.8 16V 4X2 AT6;Robinson;NAFTA;2018;BLANCO;6.800;Car France;-;$ 13.500.000;Vendido;Vendido;4/12/2023;26/2/2024;$ 8.711.800;$ 30.000;$ 29.000;;;$ 8.770.800;$ 59.000;$ 59.000;;;;;;;;
1201;AC677XY;RENAULT;NUEVO SANDERO EXPRESSION PACK;;NAFTA;2018;GRIS OSCURO;29.000;Car France;-;$ 6.800.000;Vendido;Vendido;4/12/2023;20/5/2024;$ 4.791.490;$ 30.000;$ 369.339;$ 35.722;;$ 5.226.550;$ 435.060;$ 435.060;;;;;;;;
1202;AD974EW;RENAULT;SANDERO STEPWAY PRIVILEGE;Robinson;NAFTA;2019;BLANCO GLACIAR;44.000;Car France;-;$ 7.900.000;Vendido;Vendido;4/12/2023;10/4/2024;$ 5.306.950;$ 30.000;$ 224.630;$ 31.132;;$ 5.592.712;$ 285.762;$ 285.762;;;;;;;;
1203;AE787HK;VW;GOL TREND TRENDLINE 1.6 GAS 101CV MQ;Tomas;NAFTA;2021;GRIS PLATA;35.000;Car France;-;$ 8.620.000;Vendido;Vendido;4/12/2023;19/4/2024;$ 5.672.800;$ 30.000;$ 173.000;$ 46.472;;$ 5.922.272;$ 249.472;$ 249.472;;;;;;;;
1204;AD025QN;RENAULT;KWID ICONIC 1.0;Agustina;NAFTA;2018;BLANCO GLACIAR;33.000;Metz;-;$ 6.300.000;Vendido;Vendido;22/11/2023;11/3/2024;$ 4.348.809;$ 30.000;$ 138.092;;;$ 4.516.901;$ 168.092;$ 168.092;;;;;;;;
1205;AE324WH;RENAULT;KWID ICONIC 1.0;Agustina;NAFTA;2020;BEIGE;14.000;Metz;-;$ 6.500.000;Vendido;Vendido;22/11/2023;16/1/2024;$ 4.659.800;$ 30.000;$ 40.000;;;$ 4.729.800;$ 70.000;$ 70.000;;;;;;;;
1206;NFE368;CITROEN;C3 1.6 VTI 115 EXCLUSIVE;Tomas;NAFTA;2013;BLANCO;144.000;Cliente;-;$ 6.300.000;Vendido;Vendido;22/11/2023;9/2/2024;$ 4.500.000;;$ 115.000;$ 11.636;$ 19.770;$ 4.646.406;$ 146.406;$ 146.406;;;;;;;;
1207;AG400RI;PEUGEOT;208 FELINE AT AM24;FE;NAFTA;2023;GRIS ARTENSE;0;Metz;-;$ 10.097.000;Vendido;Vendido;20/10/2023;28/11/2023;$ 9.098.791;;;;;$ 9.098.791;$ 0;$ 0;;;;;;;;
1208;AC489JR;NISSAN;MARCH ADVANCE MEDIA-TECH AT PURE DRIVE F2;Agustina;NAFTA;2017;AZUL;;Cliente;-;$ 8.200.000;Vendido;Vendido;30/10/2023;26/3/2024;$ 9.098.791;;$ 624.190;;;$ 9.722.981;$ 624.190;$ 624.190;;;;;;;;
1209;AA583NO;PEUGEOT;2008 1.6 ACTIVE;Robinson;NAFTA;2016;BLANCO;17.000;Metz;-;$ 8.250.000;Vendido;Vendido;4/12/2023;9/5/2024;$ 5.182.508;$ 30.000;$ 127.000;;;$ 5.339.508;$ 157.000;$ 157.000;;;;;;;;
1210;686IZQ;KAWASAKI;KLR 650;FE;NAFTA;2013;VERDE;52.000;Cliente;-;$ 1.655.000;Vendido;Vendido;29/11/2021;13/4/2024;$ 1.405.000;;$ 219.517;;;$ 1.624.517;;$ 219.517;;;;;;;;
1211;AC076FZ;FIAT;MOBI 1.0 8V EASY;Tomas;NAFTA;2017;GRIS PLATA;75.000;Cliente;-;$ 6.250.000;Vendido;Vendido;2/12/2023;14/2/2024;$ 5.350.000;;$ 270.000;;;$ 5.620.000;$ 270.000;$ 270.000;;;;;;;;
1212;JMS685;PEUGEOT;307 XS 1.6 5P 110CV;Tomas;NAFTA;2011;NEGRO;77.000;Cliente;-;$ 4.500.000;Vendido;Vendido;2/12/2023;26/12/2023;$ 3.700.000;;$ 33.000;;;$ 3.733.000;$ 33.000;$ 33.000;;;;;;;;
1213;NHQ078;PEUGEOT;207 XR 1.4 3P;Tomas;NAFTA;2013;GRIS OSCURO;80.000;Cliente;-;$ 5.010.000;Vendido;Vendido;6/12/2023;19/2/2024;$ 4.000.000;;$ 76.500;;;$ 4.076.500;$ 76.500;$ 76.500;;;;;;;;
1214;AG542XU;PEUGEOT;208 1.6 FELINE TIPTRONIC;Robinson;NAFTA;2024;BLANCO PERLA;0;Metz;-;$ 15.000.000;Vendido;Vendido;27/11/2023;30/4/2024;$ 9.098.791;$ 30.000;;;;$ 9.128.791;$ 30.000;$ 30.000;;;;;;;;
1215;AA333WZ;CHEVROLET;TRACKER FWD LTZ MT;Cholo;NAFTA;2016;AZUL;140.000;Cliente;-;$ 9.400.000;Vendido;Vendido;11/12/2023;21/2/2024;$ 7.390.000;;$ 240.000;;;$ 7.630.000;$ 240.000;$ 240.000;;;;;;;;
1216;AE891TD;NISSAN;FRONTIER CD X-GEAR 2.3 D 4X2 AT;Tomas;DIESEL;2021;ROJO;46.000;Kyoto;-;$ 21.000.000;Vendido;Vendido;14/12/2023;10/5/2024;$ 14.390.678;$ 91.667;$ 145.000;$ 327.483;;$ 14.954.827;$ 564.149;$ 564.149;;;;;;;;
1217;AD735EH;PEUGEOT;408 ALLURE PACK 1.6;Tomas;NAFTA;2019;GRIS PLATA;18.000;Kyoto;-;$ 10.300.000;Vendido;Vendido;14/12/2023;6/4/2024;$ 7.192.300;$ 91.667;$ 200.000;$ 54.055;;$ 7.538.022;$ 345.722;$ 345.722;;;;;;;;
1218;AD910JU;RENAULT;LOGAN 1.6 AUTENTIQUE;Agustina;NAFTA;2019;GRIS;31.000;Car France;-;$ 6.350.000;Vendido;Vendido;14/12/2023;12/7/2024;$ 4.140.324;$ 91.667;$ 251.761;;$ 18.560;$ 4.502.312;;$ 361.988;;;;;;;;
1219;AF857OR;TOYOTA;YARIS XLS 1.5 6M/T 4 PTAS;Agustina;NAFTA;2023;ROJO;3.000;Car France;-;$ 16.700.000;Vendido;Vendido;18/12/2023;1/3/2024;$ 12.054.700;$ 91.667;$ 138.450;;;$ 12.284.817;$ 230.117;$ 230.117;;;;;;;;
1220;AD877BP;NISSAN;X-TRAIL EXCLUSIVE CVT;Roman;NAFTA;2019;GRIS;88.000;Kyoto;-;$ 27.500.000;Vendido;Vendido;18/12/2023;30/9/2024;$ 16.917.100;$ 91.667;$ 315.000;$ 37.220;;$ 17.360.986;;$ 443.886;;;;;;;;
1221;AB991WG;TOYOTA;ETIOS XLS 1.5 6M/T 5 PTAS;Robinson;NAFTA;2017;MARRON;90.000;Metz;-;$ 8.550.000;Vendido;Vendido;18/12/2023;25/3/2024;$ 6.138.780;$ 91.667;$ 287.500;;;$ 6.517.947;$ 379.167;$ 379.167;;;;;;;;
1222;AA532XH;FIAT;PALIO 1.4 8V ATTRACTIVE;Robinson;NAFTA;2016;VERDE;61.000;Cliente;-;$ 7.951.000;Vendido;Vendido;18/1/2024;9/2/2024;$ 6.600.000;;;;;$ 6.600.000;$ 0;$ 0;;;;;;;;
1223;AF422AZ;CITROEN;BERLINGO FURGON 1.6 HDI 92 BUSINESS AM22;Tomas;DIESEL;2022;BLANCO;17.000;Car France;-;$ 12.550.000;Vendido;Vendido;17/1/2024;12/4/2024;$ 8.104.000;$ 120.000;;$ 130.734;;$ 8.354.734;$ 250.734;$ 250.734;;;;;;;;
1224;AE889VC;NISSAN;VERSA 1.6 ADVANCE MT;Tomas;NAFTA;2021;GRIS ACERO;30.000;Car France;-;$ 15.000.000;Vendido;Vendido;17/1/2024;22/4/2024;$ 9.117.000;$ 120.000;$ 105.000;;;$ 9.342.000;$ 225.000;$ 225.000;;;;;;;;
1225;AC381CE;RENAULT;DUSTER PH2 DYNAMIQUE 1.6;Tomas;NAFTA;2018;GRIS ETOILE;24.000;Car France;-;$ 13.500.000;Vendido;Vendido;17/1/2024;30/7/2024;$ 8.225.560;$ 120.000;$ 325.000;;;$ 8.225.560;;$ 445.000;;;;;;;;
1226;P005057;HONDA;WAVE 110 S;FE;NAFTA;2024;NEGRO;0;Scheller;-;$ 1.600.000;Vendido;Vendido;5/1/2024;5/1/2024;$ 1.441.028;$ 25.000;;$ 25.141;;$ 1.491.169;$ 50.141;$ 50.141;;;;;;;;
1227;P002384;HONDA;WAVE 110 S;FE;NAFTA;2024;NEGRO;0;Scheller;-;$ 1.600.000;Vendido;Vendido;5/1/2024;5/1/2024;$ 1.441.028;$ 25.000;;;;$ 1.466.028;$ 25.000;$ 25.000;;;;;;;;
1228;P010626;HONDA;WAVE 110 S;FE;NAFTA;2024;BLANCO;0;Scheller;-;$ 1.600.000;Vendido;Vendido;5/1/2024;5/1/2024;$ 1.441.028;$ 25.000;;;;$ 1.466.028;$ 25.000;$ 25.000;;;;;;;;
1229;P010637;HONDA;WAVE 110 S;FE;NAFTA;2024;BLANCO;0;Scheller;-;$ 1.600.000;Vendido;Vendido;5/1/2024;5/1/2024;$ 1.441.028;$ 25.000;;;;$ 1.466.028;$ 25.000;$ 25.000;;;;;;;;
1230;P011248;HONDA;WAVE 110 S;FE;NAFTA;2024;ROJO;0;Scheller;-;$ 1.600.000;Vendido;Vendido;5/1/2024;5/1/2024;$ 1.441.028;$ 25.000;;;;$ 1.466.028;$ 25.000;$ 25.000;;;;;;;;
1231;A209EVK;HONDA;WAVE 110 S;;NAFTA;2024;NEGRO;0;Scheller;-;$ 1.600.000;Vendido;Vendido;5/1/2024;17/5/2024;$ 1.441.028;$ 25.000;$ 129.046;;;$ 1.595.074;$ 154.046;$ 154.046;;;;;;;;
1232;A209VSY;HONDA;WAVE 110 S;Agustina;NAFTA;2024;ROJO;0;Scheller;-;$ 1.600.000;Vendido;Vendido;5/1/2024;13/7/2024;$ 1.441.028;$ 25.000;;$ 64.293;;$ 1.530.321;;$ 89.293;;;;;;;;
1233;MRR700;CHEVROLET;ONIX 1.4 LTZ;Agustina;NAFTA;2013;BLANCO;110.000;Cliente;-;$ 8.600.000;Vendido;Vendido;23/1/2024;5/4/2024;$ 6.700.000;;$ 150.000;$ 10.309;;$ 6.860.309;$ 160.309;$ 160.309;;;;;;;;
1234;AB305ZP;CHEVROLET;CRUZE 4P 1.4 TURBO LTZ MT;Tomas;NAFTA;2017;BLANCO;85.000;Car France;-;$ 17.600.000;Vendido;Vendido;19/3/2024;8/5/2024;$ 11.794.652;$ 120.000;$ 283.200;;$ 361.350;$ 12.559.202;$ 764.550;$ 764.550;;;;;;;;
1235;AE910GZ;CITROEN;C4 CACTUS VTI 115 FEEL PACK AM215;Tomas;NAFTA;2021;GRIS;13.749;Car France;-;$ 18.000.000;Vendido;Vendido;19/3/2024;26/4/2024;$ 13.574.200;;;;;$ 13.574.200;$ 0;$ 0;;;;;;;;
1236;AD263LJ;FORD;ECOSPORT SE 1.5L MT N;Robinson;NAFTA;2018;GRIS;33.398;Car France;-;$ 14.500.000;Vendido;Vendido;19/3/2024;19/6/2024;$ 10.231.300;$ 120.000;$ 325.000;$ 75.447;;$ 10.751.747;$ 520.447;$ 520.447;;;;;;;;
1237;AC208SS;KIA;SORENTO EX 2.2 A/T 4X4 CRDI;HC;DIESEL;2018;GRIS ETOILE;59.000;Car France;-;$ 39.000.000;Vendido;Vendido;5/2/2024;15/8/2024;$ 16.273.845;;$ 177.200;;;$ 16.273.845;;$ 177.200;;;;;;;;
1238;AD717GA;RENAULT;CAPTUR 1.6 INTENS CVT;Agustina;NAFTA;2019;GRIS ETOILE;51.000;Car France;-;$ 19.300.000;Vendido;Vendido;25/3/2024;14/6/2024;$ 14.182.000;$ 120.000;$ 403.500;$ 34.127;$ 550.000;$ 15.289.627;$ 1.107.627;$ 1.107.627;;;;;;;;
1239;AD800KI;RENAULT;DUSTER OROCH DYNAMIQUE 2.0;Agustina;NAFTA;2019;VERDE ESMERALDA;84.000;Car France;-;$ 17.300.000;Vendido;Vendido;6/3/2024;26/7/2024;$ 9.928.383;$ 120.000;$ 150.000;$ 1.560;$ 50.000;$ 9.979.943;;$ 321.560;;;;;;;;
1240;AF637TH;RENAULT;LOGAN PH2 ZEN 1.6;Robinson;NAFTA;2022;GRIS;8.554;Car France;-;$ 13.400.000;Vendido;Vendido;25/3/2024;19/6/2024;$ 10.300.184;$ 120.000;$ 150.000;;;$ 10.570.184;$ 270.000;$ 270.000;;;;;;;;
1241;AD980BU;RENAULT;SANDERO STEPWAY PRIVILEGE;Tomas;NAFTA;2019;NARANJA;11.057;Car France;-;$ 11.500.000;Vendido;Vendido;5/3/2024;22/4/2024;$ 8.266.080;$ 120.000;;$ 23.185;;$ 8.409.265;$ 143.185;$ 143.185;;;;;;;;
1242;AC869UH;TOYOTA;INNOVA SRV 2.7;Robinson;NAFTA;2018;BLANCA;27.844;Car France;-;$ 27.800.000;Vendido;Vendido;26/2/2024;28/6/2024;$ 14.616.214;$ 120.000;;$ 15.100;;$ 14.631.314;-47,37 %;$ 135.100;;;;;;;;
1243;AF219PM;VW;TAOS COMFORTLINE 250 TSI AT;Robinson;NAFTA;2022;AZUL;38.666;Kyoto;-;$ 24.500.000;Vendido;Vendido;26/2/2024;15/4/2024;$ 17.980.750;$ 120.000;$ 808.250;;;$ 18.909.000;$ 928.250;$ 928.250;;;;;;;;
1244;OAK377;VW;SAVEIRO PACK HIGH 1.6;Robinson;NAFTA;2014;GRIS PLATA;130.000;Cliente;-;$ 10.700.000;Vendido;Vendido;8/2/2024;2/8/2024;$ 7.600.000;;$ 270.444;;;$ 7.870.444;-26,44 %;$ 270.444;;;;;;;;
1245;AA214GJ;RENAULT;CLIO MIO 1.2 EXPRESSION 3 PTAS;Robinson;NAFTA;2016;ROJO FUEGO;80.000;Cliente;-;$ 6.460.000;Vendido;Vendido;14/2/2024;6/6/2024;$ 5.500.000;;$ 156.300;;$ 359.500;$ 5.656.300;$ 515.800;$ 515.800;;;;;;;;
1246;JJC928;VW;FOX HIGHLINE 1.6 5 PTAS;Tomas;NAFTA;2010;VERDE;98.000;Cliente;-;$ 6.783.000;Vendido;Vendido;26/2/2024;27/4/2024;$ 5.100.000;;$ 97.800;;;$ 5.197.800;$ 97.800;$ 97.800;;;;;;;;
1247;AA394WW;TOYOTA;ETIOS CROSS 1.5 6M/T;Tomas;NAFTA;2016;BORDO;148.000;Cliente;-;$ 11.100.000;Vendido;Vendido;1/3/2024;17/7/2024;$ 8.000.000;;$ 4.500;;$ 500.000;$ 8.004.500;-27,89 %;$ 504.500;;;;;;;;
1248;AB646IS;CITROEN;C4 LOUNGE 1.6 THP FEEL PACK AM18;Agustina;NAFTA;2018;GRIS OSCURO;80.000;Cliente;-;$ 13.100.000;Vendido;Vendido;2/3/2024;30/5/2024;$ 10.500.000;;$ 175.000;;;$ 10.675.000;$ 175.000;$ 175.000;;;;;;;;
1249;PMZ694;PEUGEOT;308 1.6 ALLURE NAV;Agustina;NAFTA;2016;GRIS OSCURO;90.000;Cliente;-;$ 12.100.000;Vendido;Vendido;11/3/2024;9/10/2024;$ 10.500.000;;$ 600.000;$ 77.952;$ 152.625;$ 10.730.577;-11,32 %;$ 830.577;;;;;;;;
1250;AD743PK;NISSAN;VERSA 1.6 ADVANCE MT;Tomas;NAFTA;2019;ROJO;35.000;Cliente;-;$ 13.750.000;Vendido;Vendido;12/3/2024;5/4/2024;$ 10.500.000;;;;;$ 10.500.000;$ 0;$ 0;;;;;;;;
1251;MOU102;RENAULT;DUSTER LUXE 2.0 4X4 NAV;Agustina;NAFTA;2013;BLANCO GLACIAR;97.000;Cliente;-;$ 12.000.000;Vendido;Vendido;6/3/2024;27/5/2024;$ 4.201.000;;$ 1.040.821;;$ 56.000;$ 5.297.821;$ 1.096.821;$ 1.096.821;;;;;;;;
1252;AA778WE;PEUGEOT;308 1.6 ALLURE NAV;Agustina;NAFTA;2016;BLANCO;77.000;Cliente;-;$ 12.100.000;Vendido;Vendido;11/3/2024;22/4/2024;$ 9.500.000;;$ 158.804;;;$ 9.658.804;$ 158.804;$ 158.804;;;;;;;;
1253;NSP636;NISSAN;VERSA 1.6 ADVANCE MT;Agustina;NAFTA;2014;GRIS;130.000;Cliente;-;$ 9.250.000;Vendido;Vendido;5/4/2024;7/4/2025;$ 7.000.000;;$ 176.200;;$ 230.000;$ 7.176.200;-22,42 %;$ 406.200;;;;;;;;
1254;NPN721;FORD;ECOSPORT TITANIUM 2.0L AT POWER;Tomas;NAFTA;2014;ROJO;84.000;Cliente;-;$ 13.100.000;Vendido;Vendido;6/4/2024;3/10/2024;$ 10.800.000;;$ 80.500;$ 103.916;;$ 10.984.416;-16,15 %;$ 184.416;;;;;;;;
1255;AE376ED;TOYOTA;ETIOS XLS 1.5 6M/T;Agustina;NAFTA;2020;GRIS;8.300;Metz;-;$ 13.200.000;Vendido;Vendido;4/4/2024;23/5/2024;$ 11.345.600;$ 70.000;$ 100.000;$ 24.790;;$ 11.540.390;$ 194.790;$ 194.790;;;;;;;;
1256;AG146XL;PEUGEOT;PARTNER CONFORT HDI 92 AM22.5;Robinson;DIESEL;2023;GRIS CLARO;1.200;Car France;-;$ 16.100.000;Vendido;Vendido;9/4/2024;24/6/2024;$ 12.561.200;$ 70.000;;$ 18.861;;$ 12.650.061;$ 88.861;$ 88.861;;;;;;;;
1257;AE579NJ;FORD;ECOSPORT SE 1.5L N;Agustina;GNC;2021;AZUL;68.000;Cliente;-;$ 16.800.000;Vendido;Vendido;9/4/2024;24/5/2024;$ 14.100.000;;;;;$ 14.100.000;$ 0;$ 0;;;;;;;;
1258;AE323FT;CHEVROLET;CRUZE 1.4 PREMIER II AT 4 PTAS;Agustina;NAFTA;2020;BEIGE;90.000;Cliente;-;$ 20.700.000;Vendido;Vendido;15/4/2024;18/6/2024;$ 16.500.000;;$ 354.000;;;$ 16.854.000;$ 354.000;$ 354.000;;;;;;;;
1259;AC528ZO;CHEVROLET;SPIN 1.8 N 7P LTZ A/T;Agustina;NAFTA;2018;GRIS OSCURO;90.000;Cliente;-;$ 14.000.000;Vendido;Vendido;18/4/2024;4/6/2024;$ 11.700.000;;;$ 65.733;;$ 11.765.733;-15,96 %;$ 65.733;;;;;;;;
1260;AC148OV;VW;GOL TREND 1.6 MSI;Tomas;GNC;2017;ROJO;72.000;Cliente;-;$ 9.550.000;Vendido;Vendido;19/4/2024;1/11/2024;$ 8.800.000;;$ 19.600;;$ 25.000;$ 8.825.000;-7,59 %;$ 44.600;;;;;;;;
1261;AD521AK;HONDA;HR-V EXL CVT;Tomas;NAFTA;2019;NAFTA;15.000;Kyoto;-;$ 24.000.000;Vendido;Vendido;22/4/2024;25/6/2024;$ 18.234.000;$ 70.000;$ 854.398;;;$ 19.158.398;$ 924.398;$ 924.398;;;;;;;;
1262;AA920UM;PEUGEOT;208 1.6 ALLURE;Tomas;NAFTA;2017;BLANCO;66.000;Cliente;-;$ 11.000.000;Vendido;Vendido;22/4/2024;9/5/2024;$ 9.200.000;;$ 50.000;;;$ 9.250.000;$ 50.000;$ 50.000;;;;;;;;
1263;AF403QZ;FIAT;CRONOS PRECISION 1.8 MT;Agustina;NAFTA;2022;GRIS CLARO;10.000;Car France;-;$ 16.000.000;Vendido;Vendido;22/4/2024;28/6/2024;$ 11.796.385;$ 70.000;;$ 16.100;;$ 11.882.485;$ 86.100;$ 86.100;;;;;;;;
1264;AD455NF;FIAT;STRADA WORKING 1.4 8V;Robinson;NAFTA;2019;BLANCO;57.000;Car France;-;$ 11.900.000;Vendido;Vendido;22/4/2024;21/11/2024;$ 9.671.779;$ 120.000;$ 35.570;;$ 136.882;$ 9.844.231;-17,28 %;$ 292.452;;;;;;;;
1265;KCY138.;FIAT;PUNTO ESSENCE 1.6 16V;Agustina;NAFTA;2011;GRIS OSCURO;105.000;Cliente;-;$ 7.100.000;Vendido;Vendido;22/4/2024;29/5/2024;$ 6.000.000;;$ 205.800;;;$ 6.205.800;$ 205.800;$ 205.800;;;;;;;;
1266;AC754EB;RENAULT;KWID ICONIC 1.0;Tomas;NAFTA;2018;ROJO FUEGO;88.000;Cliente;-;$ 8.700.000;Vendido;Vendido;22/4/2024;10/4/2025;$ 7.200.000;;$ 245.000;$ 199.863;;$ 7.399.863;-14,94 %;$ 444.863;;;;;;;;
1267;AB003AQ;FORD;FIESTA 1.6L S;Robinson;NAFTA;2017;AZUL;47.000;Cliente;-;$ 9.800.000;Vendido;Vendido;24/4/2024;22/5/2024;$ 7.800.000;;;;;$ 7.800.000;$ 0;$ 0;;;;;;;;
1268;NTI096;FORD;ECOSPORT SE 1.6L MT;;NAFTA;2014;BLANCO;93.000;Cliente;-;$ 10.600.000;Vendido;Vendido;25/4/2024;18/5/2024;$ 8.800.000;;;;;$ 8.800.000;$ 0;$ 0;;;;;;;;
1269;AD707JF;VW;SAVEIRO C/DOB CROSS 1.6;Tomas;NAFTA;2018;BLANCO;75.000;Cliente;-;$ 17.000.000;Vendido;Vendido;26/4/2024;19/6/2024;$ 14.100.000;;$ 150.835;;$ 27.600;$ 14.278.435;-16,01 %;$ 178.435;;;;;;;;
1270;AD442GD;FORD;ECOSPORT TITANIUN 1.5;HC;NAFTA;2019;BLANCO;86.000;Car France;-;$ 15.300.000;Vendido;Vendido;30/4/2024;19/8/2024;$ 12.535.875;$ 120.000;$ 100.000;;;$ 12.755.875;-16,63 %;$ 220.000;;;;;;;;
1271;AE561CM;RENAULT;STEPWAY ZEN1.6;Tomas;NAFTA;2021;ROJO FUEGO;26.000;Car France;-;$ 15.400.000;Vendido;Vendido;30/4/2024;4/6/2024;$ 12.839.775;;$ 21.100;$ 29.005;;$ 12.889.880;-16,30 %;$ 50.105;;;;;;;;
1272;AE826IP;CHEVROLET;CRUZE 4P 1.4 T LTZ AT;Agustina;NAFTA;2021;BLANCO;17.000;Kyoto;-;$ 21.000.000;Vendido;Vendido;30/4/2024;5/6/2024;$ 16.776.850;$ 120.000;;;;$ 16.896.850;-19,54 %;$ 120.000;;;;;;;;
1273;AD863MG;NISSAN;FRONTIER CD XE 2.3 D 4X4 MT;Tomas;DIESEL;2019;ROJO;119.000;Kyoto;-;$ 22.700.000;Vendido;Vendido;30/4/2024;23/4/2025;$ 15.706.565;$ 120.000;$ 1.338.239;;$ 1.290.000;$ 17.044.804;-24,91 %;$ 2.748.239;;;;;;;;
1274;AG604HO;RENAULT;KANGOO II EXPRESS EMOTION 1.6 sCe;FE;NAFTA;2024;BLANCO GLACIAR;0;Car France;-;$ 24.243.068;Vendido;Vendido;3/5/2024;3/5/2024;$ 21.049.200;$ 120.000;;;;$ 21.169.200;$ 120.000;$ 120.000;;;;;;;;
1275;AE252YX.;RENAULT;KANGOO II EXPRESS CONFORT 5A 1.5 DCI;Robinson;DIESEL;2020;BLANCO GLACIAR;34.200;ASFE;-;$ 16.500.000;Vendido;Vendido;1/5/2024;8/5/2024;$ 16.500.000;$ 65.000;;;;$ 16.565.000;$ 65.000;$ 65.000;;;;;;;;
1276;A028FKZ;DUCATI;SCRAMBLER 800 ICON;;NAFTA;2017;AMARILLA;8.500;HC;-;$ 12.190.000;Vendido;Vendido;1/5/2024;11/5/2024;$ 12.043.324;;$ 146.676;;;$ 12.190.000;$ 146.676;$ 146.676;;;;;;;;
1277;AF611EE;CITROEN;C4 CACTUS VTI 115 FEEL AM22;Agustina;NAFTA;2022;NEGRO;92.000;Car France;-;$ 17.800.000;Vendido;Vendido;13/5/2024;5/10/2024;$ 13.812.255;$ 120.000;$ 687.300;;;$ 14.499.555;-18,54 %;$ 807.300;;;;;;;;
1278;AE628YI;RENAULT;KANGOO II EXPRESS CONFORT 5A 1.5 DCI;Tomas;DIESEL;2021;GRIS ETOILE;105.000;Cliente;-;$ 17.400.000;Vendido;Vendido;22/4/2024;20/9/2024;$ 12.500.000;;$ 92.500;$ 108.785;;$ 12.696.785;-27,03 %;$ 201.285;;;;;;;;
1279;AC528UG;CHEVROLET;CRUZE 5P 1.4 TURBO LTZ AT;Robinson;NAFTA;2018;BLANCO;120.000;Cliente;-;$ 18.300.000;Vendido;Vendido;10/5/2024;14/8/2024;$ 13.200.000;;$ 200.000;;$ 189.400;$ 13.589.400;-25,74 %;$ 389.400;;;;;;;;
1280;PBT694;CHEVROLET;ONIX 1.4 LT;Tomas;NAFTA;2015;AZUL;110.000;Cliente;-;$ 8.600.000;Vendido;Vendido;9/5/2024;11/7/2024;$ 6.600.000;;;;;$ 6.600.000;$ 0;$ 0;;;;;;;;
1281;AC732WC;VW;POLO TRENDLINE 1.6 MSI 110 CV;FE;NAFTA;2018;BLANCO;77.000;Cliente;-;$ 13.800.000;Vendido;Vendido;8/5/2024;22/11/2024;$ 11.500.000;;$ 230.600;$ 140.597;;$ 11.640.597;-15,65 %;$ 371.197;;;;;;;;
1282;AF390BR;NISSAN;VERSA 1.6 ADVANCE CVT;Robinson;NAFTA;2022;GRIS PLATA;43.700;Kyoto;-;$ 21.000.000;Vendido;Vendido;13/5/2024;2/12/2024;$ 15.085.596;$ 70.000;;;;$ 15.085.596;-28,16 %;$ 70.000;;;;;;;;
1283;AF098OK;NISSAN;KICKS 1.6 ADVANCE CVT;Tomas;NAFTA;2021;GRIS PLATA;19.300;Kyoto;-;$ 22.600.000;Vendido;Vendido;13/5/2024;5/6/2024;$ 19.247.000;;;;;$ 19.247.000;$ 0;$ 0;;;;;;;;
1284;AD717GO;PEUGEOT;208 FELINE 1.6;Agustina;NAFTA;2019;ROUGE NOIR;46.379;Metz;-;$ 12.900.000;Vendido;Vendido;13/5/2024;26/9/2024;$ 10.616.240;$ 70.000;$ 30.000;;;$ 10.646.240;-17,47 %;$ 100.000;;;;;;;;
1285;AE634VW;PEUGEOT;208 ALLURE 1.6;Robinson;NAFTA;2021;AZUL;47.344;Metz;-;$ 15.300.000;Vendido;Vendido;13/5/2024;26/6/2024;$ 12.966.400;$ 120.000;$ 210.000;$ 30.241;;$ 13.326.641;$ 360.241;$ 360.241;;;;;;;;
1286;AD940JS;RENAULT;KWID ZEN 1.0;Agustina;NAFTA;2019;GRIS;61.000;Car France;-;$ 10.000.000;Vendido;Vendido;13/5/2024;13/9/2024;$ 7.212.560;$ 70.000;$ 1.257.319;;;$ 8.469.879;-15,30 %;$ 1.327.319;;;;;;;;
1287;AD044BV;CHEVROLET;SPIN 1.8 N 7P LTZ MT;Cholo;NAFTA;2018;GRIS PLATA;123.000;Cliente;-;$ 14.500.000;Vendido;Vendido;24/5/2024;1/6/2024;$ 10.300.000;;;;;$ 10.300.000;$ 0;$ 0;;;;;;;;
1288;AE936OJ;NISSAN;KICKS 1.6 EXCLUSIVE CVT;HC;NAFTA;2021;BLANCO;51.000;Kyoto;-;$ 24.750.000;Vendido;Vendido;21/5/2024;10/9/2024;$ 19.753.500;$ 70.000;$ 610.950;$ 13.100;;$ 20.371.600;-17,69 %;$ 694.050;;;;;;;;
1289;AF085UW;NISSAN;VERSA 1.6 ADVANCE MT;HC;NAFTA;2021;GRIS OSCURO;36.000;Kyoto;-;$ 18.500.000;Vendido;Vendido;21/5/2024;23/9/2024;$ 14.587.200;$ 70.000;$ 130.000;;;$ 14.717.200;-20,45 %;$ 200.000;;;;;;;;
1290;HVY016;PEUGEOT;307 XT 1.6 5P 110CV;Cholo;NAFTA;2009;GRIS PLATA;155.000;Cliente;-;$ 6.060.000;Vendido;Vendido;27/5/2024;23/8/2024;$ 4.500.000;;$ 480.000;;;$ 4.980.000;-17,82 %;$ 480.000;;;;;;;;
1291;AE063NW;CHEVROLET;ONIX 1.4 N LT;Tomas;NAFTA;2020;BORDO;19.200;Kyoto;-;$ 12.800.000;Vendido;Vendido;27/5/2024;27/6/2024;$ 8.813.100;$ 70.000;$ 100.000;;;$ 8.983.100;$ 170.000;$ 170.000;;;;;;;;
1292;AC875MH;TOYOTA;ETIOS XLS 1.5 6M/T;Tomas;NAFTA;2018;BLANCO;106.000;Car France;-;$ 13.000.000;Vendido;Vendido;3/6/2024;18/3/2025;$ 5.283.808;$ 70.000;$ 600.000;;$ 143.110;$ 5.426.918;-58,25 %;$ 813.110;;;;;;;;
1293;AF288CA;FORD;RANGER DC 4X4 XLT AT 3.2L D;Tomas;DIESEL;2022;BLANCO;35.000;Kyoto;-;$ 32.700.000;Vendido;Vendido;4/6/2024;26/7/2024;$ 24.109.400;$ 70.000;;;;$ 24.179.400;$ 70.000;$ 70.000;;;;;;;;
1294;AF047XY;RENAULT;SANDERO PH2 ZEN 1.6;Tomas;NAFTA;2021;ROJO FUEGO;19.000;Metz;-;$ 14.000.000;Vendido;Vendido;4/6/2024;27/7/2024;$ 11.649.500;$ 70.000;$ 16.900;$ 18.500;;$ 11.754.900;$ 105.400;$ 105.400;;;;;;;;
1295;AG667UA;VW;TAOS COMFORTLINE 250 TSI AT;HC;NAFTA;2024;BEIGE;0;Tagle;-;$ 35.000.000;Vendido;Vendido;1/6/2024;1/6/2024;$ 34.000.000;;;;;$ 34.000.000;$ 0;$ 0;;;;;;;;
1296;AD615SA;RENAULT;NUEVO SANDERO STEPWAY PRIVILEGE 1.6;Agustina;NAFTA;2019;BLANCO GLACIAR;19.000;Car France;-;$ 12.500.000;Vendido;Vendido;7/6/2024;20/9/2024;$ 10.130.000;$ 70.000;$ 170.000;;;$ 10.300.000;-17,60 %;$ 240.000;;;;;;;;
1297;AF854WS;CITROEN;BERLINGO FURGON VTI 115 BUSINESS AM22.5;Agustina;NAFTA;2023;BLANCO;25.000;Car France;-;$ 17.000.000;Vendido;Vendido;7/6/2024;12/8/2024;$ 12.151.886;$ 70.000;$ 32.000;;;$ 12.183.886;-28,33 %;$ 102.000;;;;;;;;
1298;AG805FT;RENAULT;SANDERO LIFE 1.6;Tomas;NAFTA;2024;AZUL COSMOS;0;Car France;-;$ 20.300.000;Vendido;Vendido;15/8/2024;15/8/2024;$ 19.053.158;$ 70.000;;;;$ 19.053.158;$ 70.000;$ 70.000;;;;;;;;
1299;AH011IB;RENAULT;STEPWAY INTENS 1.6 CVT;Tomas;NAFTA;2024;BEIGE DUNE;0;Car France;-;$ 26.880.000;Vendido;Vendido;7/6/2024;27/1/2025;$ 23.944.660;$ 70.000;$ 512.710;$ 34.797;;$ 24.492.167;$ 617.507;$ 617.507;;;;;;;;
1300;AG734VY;RENAULT;KANGOO II EXPRESS 2A 1.6 SCE;Tomas;NAFTA;2024;GRIS ETOILE;0;Car France;-;$ 22.500.000;Vendido;Vendido;15/7/2024;15/7/2024;$ 21.114.900;$ 70.000;;;;$ 21.184.900;$ 70.000;$ 70.000;;;;;;;;
1301;AH011IK;NISSAN;KICKS 1.6 ADVANCE CVT MY24;Agustina;NAFTA;2024;GRIS PLATA;0;Kyoto;-;$ 29.416.800;Vendido;Vendido;10/6/2024;29/11/2024;$ 26.695.700;$ 70.000;;;;$ 26.695.700;$ 70.000;$ 70.000;;;;;;;;
1302;AD013DR;RENAULT;KWID INTENS 1.0;Tomas;NAFTA;2018;BLANCO GLACIAR;43.000;Car France;-;$ 9.900.000;Vendido;Vendido;10/6/2024;4/7/2024;$ 7.776.801;$ 70.000;;;;$ 7.846.801;$ 70.000;$ 70.000;;;;;;;;
1303;MUX649;PEUGEOT;208 1.6 FELINE;Cholo;NAFTA;2013;ROJO;184.000;Cliente;-;$ 10.600.000;Vendido;Vendido;5/6/2024;17/10/2024;$ 6.500.000;;$ 604.999;;$ 963.200;$ 7.104.999;-32,97 %;$ 1.568.199;;;;;;;;
1304;AC968GK;RENAULT;NUEVO SANDERO STEPWAY PRIVILEGE 1.6;Robinson;NAFTA;2018;BLANCO GLACIAR;44.000;Car France;-;$ 12.100.000;Vendido;Vendido;10/6/2024;2/10/2024;$ 9.117.000;$ 70.000;$ 575.637;$ 22.972;$ 19.560;$ 9.805.169;-18,97 %;$ 688.169;;;;;;;;
1305;AF308NW;NISSAN;FRONTIER CD X-GEAR 2.3 D 4X2 AT;Tomas;DIESEL;2022;NEGRO;12.700;Kyoto;-;$ 27.000.000;Vendido;Vendido;18/6/2024;26/6/2024;$ 20.665.200;$ 145.000;;;;$ 20.810.200;-22,93 %;$ 145.000;;;;;;;;
1306;AD220QA;JEEP;RENEGADE SPORT 1.8 AT6;Cholo;NAFTA;2018;VERDE;120.000;Car France;-;$ 20.800.000;Vendido;Vendido;18/6/2024;14/1/2025;$ 12.976.530;$ 145.000;$ 200.000;;$ 505.000;$ 13.321.530;-35,95 %;$ 850.000;;;;;;;;
1307;AE645LV;CITROEN;C3 AIRCROSS VTI 115 AT6 FEEL AM20.5;Robinson;NAFTA;2021;ROJO;68.000;Kyoto;-;$ 13.700.000;Vendido;Vendido;17/7/2024;5/10/2024;$ 10.231.300;$ 70.000;$ 129.681;;;$ 10.430.981;-23,86 %;$ 199.681;;;;;;;;
1308;AD978LA;FIAT;CRONOS PRECISION 1.8 MT;Tomas;NAFTA;2019;NEGRO;97.000;Cliente;-;$ 14.050.000;Vendido;Vendido;14/6/2024;19/9/2024;$ 11.500.000;;$ 570.820;;;$ 12.070.820;-14,09 %;$ 570.820;;;;;;;;
1309;NTO851;FORD;ECOSPORT SE 1.6L MT;Robinson;GNC;2014;NARANJA;118.000;Cliente;-;$ 11.100.000;Vendido;Vendido;19/6/2024;21/10/2024;$ 9.700.000;;$ 1.969.212;;$ 148.500;$ 11.669.212;5,13 %;$ 2.117.712;;;;;;;;
1310;AE227PJ;PEUGEOT;208 1.6 IN CONCERT;Robinson;NAFTA;2020;ROUGE NOIR;27.000;Metz;-;$ 14.550.000;Vendido;Vendido;24/6/2024;23/1/2025;$ 9.704.540;$ 70.000;$ 360.000;;$ 41.560;$ 9.746.100;-33,02 %;$ 471.560;;;;;;;;
1311;AF912MP;FIAT;CRONOS DRIVE 1.3 GSE BZ;Agustina;GNC;2023;GRIS;45.000;Cliente;-;$ 18.600.000;Vendido;Vendido;26/6/2024;5/8/2024;$ 15.000.000;;$ 7.400;;;$ 15.007.400;-19,32 %;$ 7.400;;;;;;;;
1312;AD027ZQ;TOYOTA;SW4 4X4 SRX 2.8 TDI 6 A/T 7A;Robinson;DIESEL;2018;GRIS PLATA + NEGRO;50.000;Cliente;-;$ 44.700.000;Vendido;Vendido;30/8/2024;30/8/2024;$ 45.057.500;;;$ 109.121;$ 4.718;$ 45.171.339;$ 113.839;$ 113.839;;;;;;;;
1313;NPT479;FORD;RANGER DC 4X2 XL SAFETY 2.2L;Agustina;DIESEL;2014;BLANCO;90.000;Cliente;-;$ 15.700.000;Vendido;Vendido;2/7/2024;26/9/2024;$ 13.500.000;;$ 476.886;$ 53.200;;$ 14.030.086;-10,64 %;$ 530.086;;;;;;;;
1314;EUI903;NISSAN;X-TERRA 2.8 TD SE 4X4;Robinson;DIESEL;2005;BLANCO;;Cliente;-;$ 12.600.000;Vendido;Vendido;8/6/2024;18/12/2024;$ 6.500.000;;$ 532.190;;$ 3.000;$ 6.503.000;-48,39 %;$ 535.190;;;;;;;;
1315;AB783BM;CHEVROLET;ONIX JOY 1.4 N LS MT;Robinson;NAFTA;2017;BLANCO;61.975;Car France;-;$ 10.600.000;Vendido;Vendido;11/7/2024;5/3/2025;$ 6.787.100;$ 70.000;$ 70.000;;$ 375.000;$ 6.857.100;-35,31 %;$ 515.000;;;;;;;;
1316;AG040DE;CITROEN;C4 CACTUS VTI FEEL MY23;Agustina;NAFTA;2023;BLANCO;12.260;Kyoto;-;$ 23.300.000;Vendido;Vendido;11/7/2024;28/8/2024;$ 17.626.200;$ 70.000;;;;$ 17.696.200;-24,05 %;$ 70.000;;;;;;;;
1317;AE490WE;CHEVROLET;ONIX JOY 1.4 MT;Tomas;NAFTA;2020;BLANCO;22.799;Metz;-;$ 13.000.000;Vendido;Vendido;11/7/2024;9/10/2024;$ 8.986.120;$ 70.000;$ 201.560;$ 37.923;;$ 9.295.603;-28,50 %;$ 309.483;;;;;;;;
1318;AD937EY;FIAT;STRADA ADVENTURE 1.6;Robinson;NAFTA;2019;VERDE;114.000;Cliente;-;$ 15.100.000;Vendido;Vendido;4/7/2024;22/11/2024;$ 12.100.000;;$ 468.300;;$ 100.000;$ 12.568.300;-16,77 %;$ 568.300;;;;;;;;
1319;AB684LM;FORD;FIESTA 1.6L SE POWERSHIFT;Tomas;GNC;2017;AZUL;140.000;Cliente;-;$ 11.500.000;Vendido;Vendido;4/7/2024;19/10/2024;$ 8.900.000;;$ 390.000;;;$ 9.290.000;-19,22 %;$ 390.000;;;;;;;;
1320;AD083IT;HONDA;HR-V EXL CVT;Tomas;NAFTA;2018;BLANCO;67.000;Metz;-;$ 21.600.000;Vendido;Vendido;12/7/2024;5/9/2024;$ 15.701.500;$ 70.000;$ 350.000;;;$ 16.121.500;-25,36 %;$ 420.000;;;;;;;;
1321;PKO873;FORD;FIESTA 1.6L S;Tomas;NAFTA;2016;BLANCO;65.200;Car France;-;$ 10.300.000;Vendido;Vendido;17/7/2024;30/8/2024;$ 7.698.800;$ 70.000;$ 59.593;$ 21.682;;$ 7.850.075;-23,79 %;$ 151.275;;;;;;;;
1322;AF531PC;RENAULT;LOGAN ZEN 1 .6;Agustina;NAFTA;2022;BLANCO GLACIAR;14.000;Car France;-;$ 14.800.000;Vendido;Vendido;17/7/2024;25/7/2024;$ 12.007.794;$ 70.000;;;;$ 12.077.794;-18,39 %;$ 70.000;;;;;;;;
1323;KVW758;CHEVROLET;CLASSIC 4 PTAS LS AA+DIR 1.4N;Tomas;NAFTA;2012;GRIS PLATA;66.000;Cliente;-;$ 6.700.000;Vendido;Vendido;17/7/2024;27/8/2024;$ 6.000.000;;$ 70.000;;;$ 6.070.000;-9,40 %;$ 70.000;;;;;;;;
1324;AE377ZR;CITROEN;BERLINGO FURGON VTI 115 BUSINESS MIXTO AM20;Agustina;NAFTA;2020;BLANCA;42.457;Car France;-;$ 14.100.000;Vendido;Vendido;26/7/2024;5/11/2024;$ 10.020.596;;$ 241.976;;;$ 10.262.572;-27,22 %;$ 241.976;;;;;;;;
1325;AB463PF;VW;GOL TREND 1.6 MSI;Tomas;NAFTA;2017;GRIS ACERO;44.802;Car France;-;$ 10.658.000;Vendido;Vendido;26/7/2024;18/12/2024;$ 7.225.223;$ 70.000;$ 400.000;$ 30.461;$ 44.125;$ 7.299.808;-31,51 %;$ 544.586;;;;;;;;
1326;ORO507;RENAULT;CLIO MIO CONFORT 5PTAS;Tomas;NAFTA;2015;GRIS ETOILE;130.000;Cliente;-;$ 8.050.000;Vendido;Vendido;27/7/2024;12/3/2025;$ 6.200.000;;$ 453.772;$ 40.961;;$ 6.240.961;-22,47 %;$ 494.733;;;;;;;;
1327;AG854ZZ;VW;TAOS COMFORTLINE 250 TSI AT;Agustina;NAFTA;2024;GRIS;0;Tagle;-;$ 40.000.000;Vendido;Vendido;19/7/2024;13/12/2024;$ 40.000.000;;$ 1.380.322;$ 59.258;;$ 41.439.580;3,60 %;$ 1.439.580;;;;;;;;
1328;AF593TG;FIAT;CRONOS DRIVE 1.3 GSE BZ;Agustina;NAFTA;2022;BLANCO;12.310;Kyoto;-;$ 16.650.000;Vendido;Vendido;30/7/2024;3/9/2024;$ 13.128.480;$ 70.000;;$ 53.000;;$ 13.251.480;-20,41 %;$ 123.000;;;;;;;;
1329;AG262FT;NISSAN;VERSA SENSE MT;Agustina;NAFTA;2023;BLANCO;12.172;Kyoto;-;$ 21.600.000;Vendido;Vendido;30/7/2024;25/2/2025;$ 17.333.023;;;;;$ 17.333.023;-19,75 %;$ 0;;;;;;;;
1330;AC324EH;FORD;KA SEL +;Tomas;NAFTA;2018;BLANCO;60.761;Car France;-;$ 11.400.000;Vendido;Vendido;26/8/2024;26/8/2025;$ 8.221.966;$ 70.000;$ 265.070;;$ 150.000;$ 8.487.036;-25,55 %;$ 485.070;;;;;;;;
1331;AG233MK;NISSAN;FRONTIER S 4X2 MT 2.3 D CD;Agustina;DIESEL;2023;BLANCO;22.318;Car France;-;$ 28.000.000;Vendido;Vendido;29/7/2024;28/12/2024;$ 22.606.557;$ 70.000;$ 100.000;;;$ 22.706.557;-18,91 %;$ 170.000;;;;;;;;
1332;AD757DI;RENAULT;DUSTER OROCH DYNAMIQUE1.6;Tomas;NAFTA;2019;BLANCA;22.600;Car France;-;$ 18.100.000;Vendido;Vendido;26/8/2024;21/10/2024;$ 14.646.565;$ 70.000;;;;$ 14.716.565;-18,69 %;$ 70.000;;;;;;;;
1333;AD513FZ;RENAULT;KANGOO II EXPRESS EMOTION 5A 1.6 SCE;Agustina;NAFTA;2019;GRIS ACERO;54.150;Car France;-;$ 18.800.000;Vendido;Vendido;26/8/2024;2/9/2024;$ 14.182.000;$ 70.000;;;;$ 14.252.000;$ 70.000;$ 70.000;;;;;;;;
1334;AE148RK;RENAULT;SANDERO PH2 STEPWAY INTENS 1.6;Agustina;NAFTA;2020;BEIGE;27.406;Car France;-;$ 15.800.000;Vendido;Vendido;26/8/2024;3/10/2024;$ 11.953.400;$ 70.000;$ 155.000;$ 28.000;;$ 12.206.400;-22,74 %;$ 253.000;;;;;;;;
1335;AA349EN;JEEP;RENEGADE 1.8 SPORT;Tomas;NAFTA;2016;GRIS PLATA;60.400;Kyoto;-;$ 20.200.000;Vendido;Vendido;30/7/2024;21/1/2025;$ 15.195.000;$ 70.000;$ 140.000;;;$ 15.195.000;-24,78 %;$ 210.000;;;;;;;;
1336;AC254WD;MERCEDES BENZ;A200 URBAN;Agustina;NAFTA;2018;BLANCO;75.830;Kyoto;-;$ 34.000.000;Vendido;Vendido;30/7/2024;3/9/2024;$ 26.844.500;$ 70.000;$ 270.000;$ 20.583;;$ 27.205.083;$ 360.583;$ 360.583;;;;;;;;
1337;AD757CH;VW;AMAROK DC 2.0L TDI 180CV HIGHLINE 4X2 AUT EU5;Robinson;DIESEL;2019;BEIGE;81.900;Kyoto;-;$ 28.000.000;Vendido;Vendido;5/8/2024;29/8/2024;$ 21.728.850;$ 70.000;;;;$ 21.798.850;-22,15 %;$ 70.000;;;;;;;;
1338;AD488YY;FIAT;TORO VOLCANO 2.0 16V 4X4;Tomas;DIESEL;2019;ROJO;82.207;Metz;-;$ 26.500.000;Vendido;Vendido;20/8/2024;16/5/2025;$ 19.652.200;$ 70.000;$ 337.300;;$ 340.000;$ 19.989.500;-24,57 %;$ 747.300;;;;;;;;
1339;AB058VC;PEUGEOT;208 FELINE 1.6;Robinson;NAFTA;2017;BLANCO;39.088;Metz;-;$ 13.700.000;Vendido;Vendido;20/8/2024;7/12/2024;$ 10.940.400;$ 70.000;$ 50.000;$ 45.916;$ 726.750;$ 11.713.066;-14,50 %;$ 892.666;;;;;;;;
1340;AG761PB;RENAULT;KANGOO II EXPRESS 5A 1.6 SCE ;Cholo;NAFTA;2024;BLANCO GLACIAR;0;Car France;-;$ 24.850.000;Vendido;Vendido;29/7/2024;29/7/2024;$ 23.671.900;$ 70.000;;;;$ 23.741.900;$ 70.000;$ 70.000;;;;;;;;
1341;AG649AQ;PEUGEOT;208 STYLE AT AM24.5;Cholo;NAFTA;2024;BLANCO NACAR;0;Metz;-;$ 26.206.900;Vendido;Vendido;5/8/2024;5/8/2024;$ 21.848.400;$ 70.000;;;;$ 21.918.400;$ 70.000;$ 70.000;;;;;;;;
1342;PIV243;RENAULT;KANGOO PH3 CONFORT 1.6 5 ASIENTOS 2PLC;Tomas;NAFTA;2015;GRIS ETOILE;95.000;Cliente;-;$ 11.900.000;Vendido;Vendido;2/8/2024;6/9/2024;$ 8.500.000;;$ 2.900;;;$ 8.502.900;-28,55 %;$ 2.900;;;;;;;;
1343;AE006IP;FORD;KA SE 1.5L;Robinson;NAFTA;2019;NEGRO;78.000;Cliente;-;$ 13.600.000;Vendido;Vendido;5/8/2024;14/1/2025;$ 12.200.000;;;$ 132.500;;$ 12.332.500;-9,32 %;$ 132.500;;;;;;;;
1344;KXF90;KAWASAKI;KXF 90;Robinson;NAFTA;2009;ROJO;0;Cliente;-;$ 3.000.000;Vendido;Vendido;9/8/2024;9/8/2024;$ 2.612.000;;$ 34.200;;;$ 2.646.200;$ 34.200;$ 34.200;;;;;;;;
1345;KOF571;PEUGEOT;408 ALLURE NAV 2.0N;Cholo;NAFTA;2011;AZUL;122.000;Cliente;-;$ 11.350.000;Vendido;Vendido;9/8/2024;17/10/2024;$ 9.000.000;;$ 587.500;;;$ 9.587.500;-15,53 %;$ 587.500;;;;;;;;
1346;AE426FG;PEUGEOT;208 LIKE 1.2L;Tomas;NAFTA;2020;GRIS PLATA;71.000;Cliente;-;$ 15.000.000;Vendido;Vendido;12/8/2024;19/12/2024;$ 13.500.000;;$ 1.560;$ 148.821;;$ 13.650.381;-9,00 %;$ 150.381;;;;;;;;
1347;AB486NW;MERCEDES BENZ;GLA 200 URBAN;Robinson;NAFTA;2017;NEGRO;176.000;Cliente;-;$ 42.000.000;Vendido;Vendido;15/8/2024;15/8/2024;$ 23.943.000;;;$ 139.179;;$ 24.082.179;$ 139.179;$ 139.179;;;;;;;;
1348;AA058YB;FORD;KA SE 1.5L;Robinson;NAFTA;2016;GRIS CLARO;106.000;Cliente;-;$ 11.200.000;Vendido;Stock;15/8/2024;18/1/2025;$ 9.890.000;;$ 392.250;;$ 100.000;$ 10.282.250;-8,19 %;$ 492.250;;;;;;;;
1349;NVB058;CHEVROLET;CRUZE 1.8 LTZ 5 PTAS;Robinson;NAFTA;2014;BLANCO;120.000;Cliente;-;$ 14.300.000;Vendido;Vendido;14/8/2024;19/11/2024;$ 9.500.000;;$ 730.000;;;$ 10.230.000;-28,46 %;$ 730.000;;;;;;;;
1350;AA284BC;RENAULT;DUSTER OROCH OUTSIDER PLUS 2.0;Tomas;NAFTA;2016;NEGRO NACRE;86.000;Cliente;-;$ 18.500.000;Vendido;Vendido;15/8/2024;18/1/2025;$ 16.698.000;;;;;$ 16.698.000;-9,74 %;$ 0;;;;;;;;
1351;JJU808;VW;FOX CONFORTLINE 5 PTAS;Cholo;NAFTA;2010;BLANCO;;Cliente;-;$ 7.084.000;Vendido;Vendido;19/8/2024;23/8/2024;$ 6.000.000;;;;;$ 6.000.000;-15,30 %;$ 0;;;;;;;;
1352;JTT971;FIAT;UNO 5 PTAS EVO ATTRACTIVE 1.4;Robinson;NAFTA;2011;GRIS;165.000;Cliente;-;$ 7.685.000;Vendido;Vendido;30/8/2024;28/12/2024;$ 4.900.000;;$ 70.000;$ 30.241;;$ 5.000.241;-34,94 %;$ 100.241;;;;;;;;
1353;AB785NO.;TOYOTA;HILUX 2.4 DC 4X4 TDI DX 6 MT;FE;DIESEL;2017;BLANCO;150.000;Cliente;-;$ 26.100.000;Vendido;Vendido;29/8/2024;19/11/2024;$ 20.200.000;;$ 260.000;;;$ 20.460.000;-21,61 %;$ 260.000;;;;;;;;
1354;AE576GX;CHEVROLET;TRACKER 1.2 TURBO AT6;Robinson;NAFTA;2021;GRIS;52.625;Metz;-;$ 22.100.000;Vendido;Vendido;13/9/2024;31/10/2024;$ 17.322.300;$ 70.000;$ 200.000;$ 38.100;;$ 17.630.400;-20,22 %;$ 308.100;;;;;;;;
1355;AE968KX;TOYOTA;YARIS S 1.5 CVT;Tomas;NAFTA;2021;BLANCO;62.659;Metz;-;$ 22.900.000;Vendido;Vendido;25/9/2024;2/1/2025;$ 17.322.300;$ 70.000;$ 360.000;;;$ 17.682.300;-22,78 %;$ 430.000;;;;;;;;
1356;AB124YH;CHEVROLET;S10 2.8 4X2 LS;Robinson;DIESEL;2017;BLANCO;89.000;Kyoto;-;$ 20.500.000;Vendido;Vendido;13/9/2024;26/5/2025;$ 15.397.600;$ 70.000;$ 551.900;;$ 180.000;$ 15.949.500;-22,20 %;$ 801.900;;;;;;;;
1357;AE022CA;KIA;SORENTO EX 2.2 A/T 4X4 CRDI L16/18;Tomas;DIESEL;2019;BLANCO;95.742;Kyoto;-;$ 49.000.000;Vendido;Vendido;13/9/2024;11/3/2025;$ 28.364.000;$ 70.000;$ 270.000;;;$ 28.364.000;-42,11 %;$ 340.000;;;;;;;;
1358;AB499WG;TOYOTA;COROLLA XEI PACK 1.8 CVT;Robinson;NAFTA;2017;BLANCO;80.100;Kyoto;-;$ 22.250.000;Vendido;Vendido;1/10/2024;7/12/2024;$ 15.600.200;$ 70.000;$ 580.000;;;$ 16.250.200;-26,97 %;$ 650.000;;;;;;;;
1359;AF273QK;FIAT;CRONOS PRECISION 1.8MT;Tomas;NAFTA;2022;BLANCO;39.137;Car France;-;$ 18.600.000;Vendido;Vendido;13/9/2024;9/1/2025;$ 11.629.240;$ 70.000;$ 330.000;;$ 36.560;$ 11.995.800;-35,51 %;$ 436.560;;;;;;;;
1360;AF842YT;FORD;RANGER DC 4X2 XLT AT 2.2L;Robinson;DIESEL;2023;NEGRO;14.844;Car France;-;$ 33.500.000;Vendido;Vendido;13/9/2024;24/10/2024;$ 25.932.800;$ 70.000;;;;$ 26.002.800;-22,38 %;$ 70.000;;;;;;;;
1361;AF357OC;RENAULT;KANGOO II STEPWAY 1.6 SCE;Tomas;NAFTA;2022;ROJO FUEGO;9.416;Car France;-;$ 24.700.000;Vendido;Vendido;13/9/2024;25/11/2024;$ 20.260.000;$ 70.000;$ 350.000;;;$ 20.680.000;-16,28 %;$ 420.000;;;;;;;;
1362;AE922RD;RENAULT;SANDERO STEPWAY INTENS 1.6 CVT;Tomas;NAFTA;2021;BEIGE;30.781;Car France;-;$ 18.400.000;Vendido;Vendido;25/9/2024;30/12/2024;$ 14.441.328;$ 70.000;;;;$ 14.511.328;-21,13 %;$ 70.000;;;;;;;;
1363;AG136AW;TOYOTA;ETIOS X 1.5 6M/T;Tomas;NAFTA;2023;ROJO;14.084;Car France;-;$ 21.100.000;Vendido;Vendido;25/9/2024;2/1/2025;$ 16.613.200;$ 70.000;$ 107.560;;;$ 16.720.760;-20,75 %;$ 177.560;;;;;;;;
1364;IRJ555;RENAULT;CLIO 3 PTAS PACK PLUS;Robinson;NAFTA;2010;GRIS ACERO;150.000;Cliente;-;$ 6.400.000;Vendido;Vendido;2/9/2024;28/12/2024;$ 4.700.000;;$ 345.757;;;$ 5.045.757;-21,16 %;$ 345.757;;;;;;;;
1365;AB931IL;VW;SAVEIRO CD PACK HIGH 1.6;Robinson;GNC;2017;GRIS OSCURO;77.000;Cliente;-;$ 17.400.000;Vendido;Vendido;3/9/2024;18/2/2025;$ 14.715.000;;;$ 110.034;;$ 14.825.034;-14,80 %;$ 110.034;;;;;;;;
1366;AG855AA;VW;POLO TRACK 1.6 MSI;Robinson;NAFTA;2024;GRIS INDIUM;0KM;Rolen;-;$ 25.451.000;Vendido;Vendido;27/8/2024;4/11/2024;$ 21.900.000;;$ 871.649;;;$ 22.771.649;-10,53 %;$ 871.649;;;;;;;;
1367;AA180HR;TOYOTA;ETIOS XLS 1.5 6M/T 4 PTAS;Tomas;NAFTA;2016;GRIS PLATA;130.000;Cliente;-;$ 14.900.000;Vendido;Vendido;4/9/2024;13/2/2025;$ 11.000.000;;$ 140.000;;;$ 11.000.000;-26,17 %;$ 140.000;;;;;;;;
1368;AB226HI;MERCEDES BENZ;A200 URBAN;Robinson;NAFTA;2017;NEGRO;80.000;Cliente;-;$ 34.000.000;Vendido;Vendido;10/9/2024;2/12/2024;$ 23.900.000;;$ 270.000;$ 89.954;;$ 23.989.954;-29,44 %;$ 359.954;;;;;;;;
1369;AG982WP;NISSAN;FRONTIER X-GEAR 4X4 AT 2.3 D CD;HC;DIESEL;2024;GRIS ACERO;0;Kyoto;-;$ 48.632.970;Vendido;Vendido;2/9/2024;25/10/2024;$ 42.685.600;$ 70.000;;;;$ 42.755.600;-12,09 %;$ 70.000;;;;;;;;
1370;AG669MR;PEUGEOT;208 1.6 STYLE AT AM24;HC;NAFTA;2024;GRIS ARTENSE;0;Metz;-;$ 26.206.900;Vendido;Vendido;2/9/2024;26/9/2024;$ 21.848.400;$ 70.000;;;;$ 21.918.400;-16,36 %;$ 70.000;;;;;;;;
1371;AG081PM;RENAULT;KANGOO II EXPRESS EMOTION 1.6 SCe;Tomas;NAFTA;2023;GRIS ETOILE;0KM PAT;Car France;-;$ 22.700.000;Vendido;Vendido;2/9/2024;27/9/2024;$ 19.720.000;$ 70.000;;$ 49.456;;$ 19.839.456;-12,60 %;$ 119.456;;;;;;;;
1372;AH011HZ;RENAULT;KARDIAN PREMIERE EDITION 200 EDC;Agustina;NAFTA;2024;NARANJA;0KM;Cliente;-;$ 31.400.000;Vendido;Vendido;6/8/2024;2/8/2025;$ 26.709.355;$ 70.000;;$ 538.521;$ 587.620;$ 27.247.876;-13,22 %;$ 1.196.141;;;;;;;;
1373;AG910ZH;VW;AMAROK V6 3.0TD 4X4 DC AT HIGHLINE;HC;DIESEL;2024;GRIS INDIUM;0KM;Rolen;-;$ 59.655.000;Vendido;Vendido;11/9/2024;30/9/2024;$ 59.655.000;;$ 13.000;;;$ 59.668.000;0,02 %;$ 13.000;;;;;;;;
1374;XBV027;CITROEN;3CV;Robinson;NAFTA;1977;BLANCO;;Cliente;-;$ 6.860.000;Vendido;Vendido;24/8/2024;4/4/2026;$ 3.375.000;;$ 2.096.351;;$ 86.633;$ 5.557.984;-18,98 %;$ 2.182.984;;;;;;;;
1375;FMT;FIAT;MOBI TREKKING 1.0;Tomas;NAFTA;2024;GRIS PLATA;0;Seprio;-;$ 20.904.000;Vendido;Vendido;22/11/2024;22/11/2024;$ 17.500.000;;;;;$ 17.500.000;-16,28 %;$ 0;;;;;;;;
1376;AG879DH;TOYOTA;SW4 4X4 SRX 2.8 TDI 6 A/T 7A;HC;DIESEL;2024;GRIS OSCURO;0;Ginza;-;$ 68.000.000;Vendido;Vendido;19/9/2024;19/9/2024;$ 68.000.000;;;;;$ 68.000.000;0,00 %;$ 0;;;;;;;;
1377;NLW767;VW;GOL TREND 1.6 MSI PACK II;Robinson;NAFTA;2014;GRIS OSCURO;98.000;Cliente;-;$ 11.000.000;Vendido;Vendido;19/9/2024;20/12/2024;$ 9.000.000;;$ 80.000;;;$ 9.080.000;-17,45 %;$ 80.000;;;;;;;;
1378;AE709RH.;TOYOTA;SW4 4X4 SRX 2.8 TDI 6 A/T 7A;Roman;DIESEL;2021;BLANCO PERLADO;90.000;Cliente;-;$ 54.000.000;Vendido;Vendido;19/9/2024;4/11/2024;$ 41.000.000;;$ 296.278;;;$ 41.296.278;-23,53 %;$ 296.278;;;;;;;;
1379;MDF524;CHEVROLET;AGILE LT SPIRIT 1.4;Roman;NAFTA;2013;GRIS OSCURO;115.000;Cliente;-;$ 8.750.000;Vendido;Vendido;20/9/2024;17/10/2024;$ 7.100.000;;$ 11.993;;;$ 7.111.993;-18,72 %;$ 11.993;;;;;;;;
1380;MHT793;VW;SURAN 1.6 COMFORTLINE;Cholo;GNC;2013;GRIS OSCURO;170.000;Cliente;-;$ 10.000.000;Vendido;Vendido;20/9/2024;17/10/2024;$ 7.000.000;;;;;$ 7.000.000;-30,00 %;$ 0;;;;;;;;
1381;NIQ953;CHEVROLET;SPIN 1.8 LT;Robinson;GNC;2013;AZUL;170.000;Cliente;-;$ 12.200.000;Vendido;Vendido;23/9/2024;28/1/2025;$ 10.200.000;;$ 292.560;;;$ 10.492.560;-14,00 %;$ 292.560;;;;;;;;
1382;KHM389;FORD;KA FLY VIRAL 1.0;Agustina;NAFTA;2011;GRIS PLATA;127.000;Cliente;-;$ 6.600.000;Vendido;Vendido;26/9/2024;8/2/2025;$ 5.200.000;;$ 100.000;;;$ 5.200.000;-21,21 %;$ 100.000;;;;;;;;
1383;AA050IK;HONDA;HR-V LX CVT;Robinson;NAFTA;2016;GRIS OSCURO;80.000;Cliente;-;$ 20.800.000;Vendido;Vendido;30/9/2024;12/10/2024;$ 17.280.000;;$ 50.000;;;$ 17.330.000;-16,68 %;$ 50.000;;;;;;;;
1384;AG836SY;RENAULT;KANGOO II EPRESS 5A 1.6 SCe 114;Cholo;NAFTA;2024;BLANCO GLACIAR;0;Car France;-;$ 27.950.000;Vendido;Vendido;30/9/2024;30/9/2024;$ 24.544.890;$ 70.000;;;;$ 24.614.890;-11,93 %;$ 70.000;;;;;;;;
1385;AG198FT;VW;AMAROK HIGHLINE CD V6 AT 4X4;Tomas;DIESEL;2023;BLANCO;15.000;Cliente;-;$ 47.000.000;Vendido;Vendido;30/9/2024;13/1/2025;$ 41.655.000;;;$ 690.249;;$ 42.345.249;-9,90 %;$ 690.249;;;;;;;;
1386;AE576FA;CHEVROLET;TRACKER 1.2 TURBO PREMIER AT6;Agustina;NAFTA;2021;BORDO;40.000;Metz;-;$ 25.100.000;Vendido;Vendido;1/10/2024;22/1/2025;$ 20.665.200;$ 70.000;$ 520.000;;;$ 21.255.200;-15,32 %;$ 590.000;;;;;;;;
1387;AG932OX;PEUGEOT;208 GT T200 AM25;Tomas;NAFTA;2024;GRIS SELENIUM;0;Metz;-;$ 29.900.000;Vendido;Vendido;1/10/2024;25/10/2024;$ 27.019.600;$ 70.000;;;;$ 27.019.600;-9,63 %;$ 70.000;;;;;;;;
1388;AG928NG;PEUGEOT;2008 ALLURE T200;Robinson;NAFTA;2024;GRIS SELENIUM;0;Metz;-;$ 34.060.000;Vendido;Vendido;10/10/2024;10/10/2024;$ 30.750.191;$ 70.000;;;;$ 30.820.191;-9,51 %;$ 70.000;;;;;;;;
1389;AG040FI;RENAULT;KANGOO II EXPRESS EMOTION 1.6 SCe;Tomas;NAFTA;2023;GRIS ETOILE;0;Car France;-;$ 21.500.000;Vendido;Vendido;1/10/2024;15/10/2024;$ 19.720.000;$ 70.000;;$ 49.456;;$ 19.839.456;-7,72 %;$ 119.456;;;;;;;;
1390;AC354AY;VW;SURAN TRACK 1.6;;NAFTA;2017;GRIS PLATA;85.000;Cliente;-;$ 16.500.000;STOCK ASFE;Stock;26/9/2024;;$ 13.500.000;;$ 536.255;;;$ 14.036.255;-14,93 %;$ 536.255;;;;;;;;
1391;NBP284;PEUGEOT;208 ALLURE 1.6;Agustina;NAFTA;2013;GRIS OSCURO;127.000;Cliente;-;$ 11.500.000;Vendido;Vendido;3/10/2024;12/3/2025;$ 9.230.000;;$ 139.839;;$ 200.000;$ 9.369.839;-18,52 %;$ 339.839;;;;;;;;
1392;NTS938;CITROEN;C3 1.5L TENDANCE;FE;NAFTA;2014;GRIS PLATA;95.000;Cliente;-;$ 9.850.000;Vendido;Vendido;5/10/2024;19/3/2025;$ 8.000.000;;$ 69.563;;$ 150.000;$ 8.069.563;-18,08 %;$ 219.563;;;;;;;;
1393;AG982VV;PEUGEOT;2008 ALLURE T200;Tomas;NAFTA;2024;GRIS SELENIUM;0;Metz;-;$ 34.060.000;Vendido;Vendido;10/10/2024;5/11/2024;$ 30.750.191;$ 70.000;;;;$ 30.820.191;-9,51 %;$ 70.000;;;;;;;;
1394;AG956GC;PEUGEOT;2008 GT T200;Robinson;NAFTA;2024;GRIS SELENIUM;0;Metz;-;$ 35.900.000;Vendido;Vendido;28/8/2024;6/11/2024;$ 32.400.260;$ 70.000;;;;$ 32.470.260;-9,55 %;$ 70.000;;;;;;;;
1395;AE413QU;RENAULT;DUSTER PH2 PRIVILEGE 1.6;Agustina;NAFTA;2020;GRIS QUIARZ;18.900;Car France;-;$ 19.400.000;Vendido;Vendido;17/10/2024;15/1/2025;$ 15.919.295;$ 70.000;$ 280.000;;;$ 16.199.295;-16,50 %;$ 350.000;;;;;;;;
1396;AF322OQ;RENAULT;KANGOO II STEPWAY 1.6 SCE;Agustina;NAFTA;2022;GRIS;7.588;Car France;;$ 23.500.000;Vendido;Vendido;15/11/2024;29/11/2024;$ 20.310.650;$ 70.000;;;;$ 20.380.650;-13,27 %;$ 70.000;;;;;;;;
1397;AE634ZM;RENAULT;LOGAN PH2 LIFE 1.6;Robinson;NAFTA;2021;BLANCO;39.319;Car France;-;$ 17.000.000;Vendido;Vendido;17/10/2024;28/4/2025;$ 12.910.257;$ 70.000;$ 327.655;;;$ 13.237.912;-22,13 %;$ 397.655;;;;;;;;
1398;AF059JB;RENAULT;LOGAN PH2 INTENS 1.6;Tomas;NAFTA;2021;BLANCO;27.000;Car France;-;$ 18.000.000;Vendido;Vendido;17/10/2024;20/12/2024;$ 13.546.343;$ 70.000;$ 270.000;;;$ 13.886.343;-22,85 %;$ 340.000;;;;;;;;
1399;AC959LI;RENAULT;NUEVO SANDERO ESPRESSION PACK;Robinson;NAFTA;2018;GRIS PLATA;46.472;Car France;-;$ 12.900.000;Vendido;Vendido;21/10/2024;21/1/2025;$ 9.117.000;$ 70.000;$ 197.678;;;$ 9.384.678;-27,25 %;$ 267.678;;;;;;;;
1400;AD834YH;CHEVROLET;S10 2.8TD 4X2 LS;Tomas;DIESEL;2019;BLANCO;48.233;Metz;-;$ 23.300.000;Vendido;Vendido;29/11/2024;2/6/2025;$ 17.018.400;;$ 451.560;;;$ 17.469.960;-25,02 %;$ 451.560;;;;;;;;
1401;AC715IB;RENAULT;CAPTUR ZEN 2.0;Robinson;NAFTA;2018;BLANCO;63.513;Kyoto;-;$ 19.000.000;Vendido;Vendido;21/10/2024;20/12/2024;$ 14.992.400;$ 70.000;;;;$ 15.062.400;-20,72 %;$ 70.000;;;;;;;;
1402;AF171LQ;TOYOTA;COROLLA CROSS SEG HEV 1.8 ECVT;Agustina;HV;2022;BLANCO;71.000;Kyoto;;$ 39.500.000;Vendido;Vendido;21/10/2024;23/11/2024;$ 29.225.050;$ 70.000;$ 928.821;;;$ 30.223.871;-23,48 %;$ 998.821;;;;;;;;
1403;AF497QZ;NISSAN;FRONTIER PLATINUM 4X4 AT 2.3 D CD;Tomas;DIESEL;2022;GRIS CUARZO;79.708;Kyoto;-;$ 42.000.000;Vendido;Vendido;21/10/2024;2/10/2025;$ 34.847.200;$ 70.000;;;;$ 34.847.200;-17,03 %;$ 70.000;;;;;;;;
1404;AE120RX;VW;T-CROSS HIGHLINE 1.6 AT;Agustina;NAFTA;2020;NEGRO;50.000;Cliente;-;$ 28.500.000;Vendido;Vendido;10/10/2024;19/12/2024;$ 22.700.000;;$ 196.590;$ 174.988;;$ 23.071.578;-19,05 %;$ 371.578;;;;;;;;
1405;OFM921.;PEUGEOT;308 THP SPORT TIPTRONIC ;Cholo;NAFTA;2014;BLANCO;180.000;Cliente;-;$ 14.250.000;Vendido;Vendido;17/10/2024;17/10/2024;$ 9.000.000;;;;;$ 9.000.000;-36,84 %;$ 0;;;;;;;;
1406;AG937VD;RENAULT;DUSTER INTENS 1.6 MT;Roman;NAFTA;2024;GRIS CASSIOPE;0;Car France;-;$ 29.490.000;Vendido;Vendido;21/10/2024;21/10/2024;$ 26.306.300;$ 70.000;$ 7.000;;;$ 26.383.300;-10,53 %;$ 77.000;;;;;;;;
1407;AA127GC;RENAULT;DUSTER OROCH DYNAMIQUE 2.0;Tomas;NAFTA;2016;GRIS ETOILE;94.000;Cliente;-;$ 16.500.000;Vendido;Vendido;21/10/2024;2/5/2025;$ 13.000.000;;$ 562.136;$ 168.902;$ 300.000;$ 13.731.038;-16,78 %;$ 1.031.038;;;;;;;;
1408;IFX185;FORD;FIESTA 1.6 AMBIENTE PLUS MP3 5 PTAS;Roman;NAFTA;2009;BEIGE;177.000;Cliente;-;$ 7.600.000;Consignacion;Stock;19/10/2024;;$ 5.200.000;;;;;$ 5.200.000;-31,58 %;$ 0;;;;;;;;
1409;AD244JB.;TOYOTA;HILUX 4X4 D/C GR-S 2.8 TDI 6 A/T;Robinson;DIESEL;2019;BORDO;140.000;ASFE;-;$ 40.600.000;Vendido;Vendido;22/10/2024;4/1/2025;$ 40.600.000;;;;;$ 40.600.000;0,00 %;$ 0;;;;;;;;
1410;AA821EQ;FORD;FOCUS 1.6 S 4 PTAS;Tomas;NAFTA;2016;BORDO;149.000;Cliente;-;$ 14.700.000;Vendido;Vendido;21/10/2024;2/1/2025;$ 11.400.000;;;$ 63.154;;$ 11.463.154;-22,02 %;$ 63.154;;;;;;;;
1411;AH162RU;PEUGEOT;208 GT T200 AM25;Robinson;NAFTA;2025;BLANCO NACAR;0;Metz;-;$ 29.900.000;Vendido;Vendido;15/1/2025;15/1/2025;$ 27.019.600;$ 70.000;;;;$ 27.089.600;-9,40 %;$ 70.000;;;;;;;;
1412;AG982WN;RENAULT;KANGOO II STEPWAY 1.6 SCe;Robinson;NAFTA;2024;GRIS CUARZO;0;Car France;;$ 31.040.000;Vendido;Vendido;31/10/2024;31/10/2024;$ 27.664.625;$ 70.000;;;;$ 27.734.625;-10,65 %;$ 70.000;;;;;;;;
1413;AA124DH;CHEVROLET;CRUZE 1.8 LT 4 PTAS;Agustina;NAFTA;2016;GRIS PLATA;120.000;Cliente;-;$ 14.200.000;Vendido;Vendido;26/10/2024;18/12/2024;$ 11.000.000;;$ 150.000;$ 68.103;;$ 11.218.103;-21,00 %;$ 218.103;;;;;;;;
1414;AF676NM;RENAULT;NUEVO SANDERO INTENS 1.6;Agustina;NAFTA;2022;BLANCO GLACIAR;43.000;Cliente;-;$ 19.000.000;Vendido;Vendido;31/10/2024;18/1/2025;$ 16.240.000;;;;;$ 16.240.000;-14,53 %;$ 0;;;;;;;;
1415;A186EVC;HONDA;CB 250;Tomas;NAFTA;2023;GRIS;15.000;Cliente;-;$ 5.500.000;Vendido;Vendido;1/11/2024;7/1/2025;$ 4.500.000;;$ 4.300;;;$ 4.504.300;-18,10 %;$ 4.300;;;;;;;;
1416;AF320QN;FIAT;PULSE DRIVE 1.3 CVT;Tomas;NAFTA;2022;GRIS;18.426;Car France;-;$ 22.700.000;Vendido;Vendido;15/11/2024;14/1/2025;$ 17.534.017;$ 70.000;$ 151.560;;;$ 17.755.577;-21,78 %;$ 221.560;;;;;;;;
1417;AG233OS;RENAULT;SANDERO INTENS 1.6;Tomas;NAFTA;2023;ROJO;29.290;Car France;-;$ 20.000.000;Vendido;Vendido;29/11/2024;27/3/2025;$ 15.195.000;$ 80.000;;;;$ 15.195.000;-24,03 %;$ 80.000;;;;;;;;
1418;AG293QA;RENAULT;SANDERO STEPWAY INTENS CVT;Tomas;NAFTA;2023;ROJO;10.000;Car France;-;$ 22.600.000;Vendido;Vendido;20/11/2024;7/1/2025;$ 18.297.819;$ 70.000;$ 60.000;;;$ 18.427.819;-18,46 %;$ 130.000;;;;;;;;
1419;AE373CL;RENAULT;SANDERO PH2 STEPWAY ZEN 1.6;Tomas;NAFTA;2020;BEIGE POIVRE;27.771;Car France;-;$ 18.500.000;Vendido;Vendido;29/11/2024;5/2/2025;$ 14.688.500;$ 80.000;$ 260.000;$ 27.570;;$ 15.056.070;-18,62 %;$ 367.570;;;;;;;;
1420;AD972EB;RENAULT;NUEVO SANDERO STEPWAY PRIVILEGE;Tomas;NAFTA;2019;BLANCA;52.281;Car France;-;$ 16.200.000;Vendido;Vendido;15/11/2024;23/1/2025;$ 12.804.320;$ 70.000;$ 605.421;;;$ 13.479.741;-16,79 %;$ 675.421;;;;;;;;
1421;OEG385;FORD;RANGER DC 4X2 XL SAFETY 2.2L DSL;Robinson;DIESEL;2014;GRIS PLATA;129.081;Kyoto;-;$ 17.700.000;Vendido;Vendido;29/11/2024;26/3/2025;$ 13.169.000;$ 80.000;$ 355.500;;;$ 13.604.500;-23,14 %;$ 435.500;;;;;;;;
1422;AF648JL;PEUGEOT;208 ALLURE TIPTRONIC 1,6L AM23;Agustina;NAFTA;2022;AZUL;12.772;Kyoto;-;$ 20.600.000;Vendido;Vendido;29/11/2024;28/2/2025;$ 16.694.240;$ 80.000;$ 124.235;;;$ 16.898.475;-17,97 %;$ 204.235;;;;;;;;
1423;AE297RX;PEUGEOT;208 ACTIVE 1.6;Robinson;NAFTA;2020;GRIS OSCURO;41.640;Metz;-;$ 13.000.000;Vendido;Vendido;29/11/2024;10/2/2026;$ 7.698.800;$ 80.000;$ 1.223.508;;;$ 9.002.308;-30,75 %;$ 1.303.508;;;;;;;;
1424;AE147WR;TOYOTA;ETIOS X 1.5 MT;Tomas;NAFTA;2020;GRIS OSCURO;31.027;Metz;-;$ 20.100.000;Vendido;Vendido;29/11/2024;27/8/2025;$ 15.195.000;$ 120.000;$ 88.300;;;$ 15.403.300;-23,37 %;$ 208.300;;;;;;;;
1425;AE207NQ;NISSAN;FRONTIER CD XE 2.3 D 4X4 MT;Tomas;DIESEL;2020;BLANCO;107.343;Kyoto;-;$ 28.000.000;Vendido;Vendido;29/11/2024;28/5/2025;$ 19.854.800;$ 80.000;$ 310.000;;;$ 20.244.800;-27,70 %;$ 390.000;;;;;;;;
1426;AE687IJ;CHEVROLET;TRACKER 1.2 TURBO AT6;Agustina;NAFTA;2021;GRIS PLATA;98.000;Cliente;-;$ 22.100.000;Vendido;Vendido;5/11/2024;6/1/2025;$ 19.000.000;;$ 350.000;$ 105.866;$ 43.000;$ 19.498.866;-11,77 %;$ 498.866;;;;;;;;
1427;AE899SD.;NISSAN;FRONTIER X-GEAR 4X4 AT 2.3 D CD;Robinson;DIESEL;2021;BLANCO;76.000;Cliente;-;$ 29.000.000;Vendido;Vendido;4/11/2024;5/3/2025;$ 24.600.000;;$ 300.000;;$ 50.000;$ 24.900.000;-14,14 %;$ 350.000;;;;;;;;
1428;AG005GQ;PEUGEOT;208 ALLURE PACK 1.6L AM23.5;Agustina;NAFTA;2023;BLEU QUASAR;21.000;Cliente;-;$ 22.500.000;Vendido;Vendido;5/11/2024;27/11/2024;$ 18.300.000;;;$ 145.804;;$ 18.445.804;-18,02 %;$ 145.804;;;;;;;;
1429;AG097VC;TOYOTA;SW4 4X4 SRX 2.8 TDI 6 AT 7 A;Agustina;DIESEL;2023;BLANCO PERLADO;45.000;Ginza;-;$ 58.000.000;Vendido;Vendido;5/11/2024;5/11/2024;$ 54.000.000;;;$ 234.275;;$ 54.234.275;-6,49 %;$ 234.275;;;;;;;;
1430;AD212DI;RENAULT;DUSTER PH2 DYNAMIQUE 1.6;Tomas;NAFTA;2018;GRIS ETOILE;85.000;Cliente;-;$ 16.300.000;Vendido;Vendido;6/11/2024;20/3/2025;$ 13.300.000;;$ 437.800;$ 80.808;;$ 13.818.608;-15,22 %;$ 518.608;;;;;;;;
1431;M065173;RENAULT;DUSTER INTENS 1.6 MT;Cholo;NAFTA;2024;GRIS CASSIOPE;0;Car France;-;$ 28.200.000;Vendido;Vendido;14/11/2024;14/11/2024;$ 24.928.500;$ 70.000;;;;$ 24.998.500;-11,35 %;$ 70.000;;;;;;;;
1432;AE579NB;CHEVROLET;CORVETTE C3 STINGRAY  350 V8  T-TOP;;NAFTA;1982;NEGRO;86.000;ASFE;-;$ 69.000;Vendido;Vendido;1/11/2024;30/5/2026;$ 69.000;;;;;$ 69.000;0,00 %;$ 0;;;;;;;;
1433;AE310JZ;FORD;MUSTANG DESCAPOTABLE;Robinson;NAFTA;1966;AMARILLO;0;Cliente;-;$ 85.200.000;Vendido;Vendido;8/11/2024;21/4/2025;$ 79.200.000;;;;;$ 79.200.000;-7,04 %;$ 0;;;;;;;;
1434;JQG020;TOYOTA;HILUX 4X4 CD SR C/AB 3.0 TDI;Robinson;DIESEL;2011;BLANCO;280.000;Cliente;-;$ 21.400.000;Vendido;Vendido;19/11/2024;29/3/2025;$ 16.400.000;;;;;$ 16.400.000;-23,36 %;$ 0;;;;;;;;
1435;MVL401;VW;FOX 1.6 5 PTAS;Agustina;NAFTA;2013;BEIGE;105.000;Cliente;-;$ 9.950.000;Vendido;Vendido;19/11/2024;7/3/2025;$ 8.600.000;;;$ 78.634;$ 1.560;$ 8.680.194;-12,76 %;$ 80.194;;;;;;;;
1436;AB339UO;FIAT;PALIO ATTRACTIVE 5P 1.4 8V;Agustina;NAFTA;2017;GRIS PLATA;99.000;Cliente;-;$ 11.400.000;Vendido;Vendido;27/11/2024;6/2/2025;$ 9.100.000;;$ 265.491;;;$ 9.365.491;-17,85 %;$ 265.491;;;;;;;;
1437;POV909;CHEVROLET;PRISMA 1.4 N LTZ;Cholo;NAFTA;2016;GRIS;160.000;Cliente;-;$ 13.000.000;Vendido;Vendido;25/11/2024;4/1/2025;$ 9.000.000;;;;;$ 9.000.000;-30,77 %;$ 0;;;;;;;;
1438;AB679YF;TOYOTA;COROLLA XEI 1.8 CVT;Tomas;NAFTA;2017;MARRON;105.000;Cliente;-;$ 20.950.000;Vendido;Vendido;23/11/2024;27/3/2025;$ 17.000.000;;$ 728.030;;;$ 17.728.030;-15,38 %;$ 728.030;;;;;;;;
1439;NXM478;FORD;ECOSPORT TITANIUM 1.6L MT N;Robinson;NAFTA;2014;BEIGE;145.000;Cliente;-;$ 13.400.000;Vendido;Vendido;29/11/2024;31/12/2024;$ 11.000.000;;$ 45.000;$ 26.357;;$ 11.071.357;-17,38 %;$ 71.357;;;;;;;;
1440;AD013GH.;FORD;ECOSPORT FREESTYLE 1.5;Agustina;NAFTA;2018;GRIS PLATA;59.000;Cliente;-;$ 18.600.000;Vendido;Vendido;29/11/2024;23/8/2025;$ 16.000.000;;$ 200.000;$ 194.504;;$ 16.394.504;-11,86 %;$ 394.504;;;;;;;;
1441;LUL788;TOYOTA;HILUX 4X2 CD SRV 3.0 TDI;Robinson;DIESEL;2012;NEGRO;229.000;Cliente;-;$ 23.300.000;Vendido;Vendido;2/12/2024;28/2/2025;$ 19.000.000;;$ 8.000;;;$ 19.008.000;-18,42 %;$ 8.000;;;;;;;;
1442;AD187TE;FORD;KUGA TITANIUM 2.0L ECOBOOST AWD 6AT;Robinson;NAFTA;2018;BLANCO;88.000;Cliente;-;$ 29.000.000;Vendido;Vendido;13/12/2024;8/3/2025;$ 23.500.000;;$ 540.857;;;$ 24.040.857;-17,10 %;$ 540.857;;;;;;;;
1443;AA227QF;FORD;ECOSPORT TITANIUM 1.6L MT N;Robinson;NAFTA;2016;BLANCO;150.000;Cliente;-;$ 15.900.000;Vendido;Vendido;19/12/2024;3/11/2025;$ 12.800.000;;$ 210.000;;;$ 13.010.000;-18,18 %;$ 210.000;;;;;;;;
1444;LHA198;VW;GOL TREND 1.6 MSI PACK II;Robinson;NAFTA;2012;GRIS OSCURO;180.000;Cliente;-;$ 10.200.000;Vendido;Vendido;19/12/2024;16/4/2025;$ 7.600.000;;$ 355.060;;;$ 7.955.060;-22,01 %;$ 355.060;;;;;;;;
1445;IGX979;PEUGEOT;207 COMPACT XS 1.4 5P;FE;NAFTA;2009;ROJO;107.000;Cliente;-;$ 8.150.000;Vendido;Vendido;20/12/2024;27/2/2025;$ 5.500.000;;$ 280.500;$ 17.799;;$ 5.798.299;-28,86 %;$ 298.299;;;;;;;;
1446;AB765TU;RENAULT;SANDERO EXPRESSION PACK;Robinson;NAFTA;2017;GRIS ETOILE;86.000;Cliente;-;$ 12.100.000;Vendido;Vendido;20/12/2024;24/5/2025;$ 10.100.000;;$ 330.000;;;$ 10.430.000;-13,80 %;$ 330.000;;;;;;;;
1447;AD139YB;NISSAN;FRONTIER SE PLUS 4X2;Agustina;DIESEL;2018;BLANCO;125.000;Cliente;-;$ 22.900.000;Vendido;Vendido;28/12/2024;10/4/2025;$ 20.000.000;;$ 140.000;$ 48.503;;$ 20.188.503;-11,84 %;$ 188.503;;;;;;;;
1448;KEK906;FORD;KA FLY VIRAL 1.0;Agustina;NAFTA;2011;GRIS PLATA;107.000;Cliente;-;$ 7.750.000;Vendido;Vendido;2/1/2025;29/3/2025;$ 5.700.000;;$ 465.599;;;$ 6.165.599;-20,44 %;$ 465.599;;;;;;;;
1449;AA469FB;FIAT;MOBI 1.0 8V EASY;Cholo;GNC;2016;BLANCO;175.000;Cliente;-;$ 11.500.000;Vendido;Vendido;9/1/2025;14/1/2025;$ 6.500.000;;;;;$ 6.500.000;-43,48 %;$ 0;;;;;;;;
1450;JHU385;CHEVROLET;CLASSIC 1.4 N LT;Robinson;GNC;2010;GRIS OSCURO;220.000;Cliente;-;$ 7.450.000;Vendido;Vendido;15/1/2025;25/2/2025;$ 4.000.000;;;;;$ 4.000.000;-46,31 %;$ 0;;;;;;;;
1451;NOO271;VW;VOYAGE 1.6 GP;Tomas;NAFTA;2014;BLANCO;130.000;Cliente;-;$ 10.200.000;Vendido;Vendido;15/1/2025;10/6/2025;$ 7.500.000;;$ 347.434;;$ 49.000;$ 7.847.434;-23,06 %;$ 396.434;;;;;;;;
1452;NYN229;CHEVROLET;SONIC 1.6 LT M/T 5 PUERTAS;Robinson;GNC;2014;GRIS OSCURO;76.000;Cliente;-;$ 11.300.000;Vendido;Vendido;14/1/2025;22/4/2025;$ 8.800.000;;$ 566.499;;;$ 9.366.499;-17,11 %;$ 566.499;;;;;;;;
1453;AC836FD;CHEVROLET;S10 2.8 TD DC  4X2 HC;Tomas;DIESEL;2018;BLANCO;101.000;Cliente;-;$ 27.700.000;Vendido;Vendido;13/1/2025;9/4/2025;$ 24.800.000;;$ 100.000;;;$ 24.900.000;-10,11 %;$ 100.000;;;;;;;;
1454;AB993XV;CITROEN;C3 AIRCROSS VTI 115 FEEL AM18;Tomas;NAFTA;2017;ROJO;91.000;Cliente;-;$ 14.100.000;Vendido;Vendido;6/1/2025;23/2/2026;$ 12.500.000;;$ 431.705;$ 345.956;;$ 13.277.661;-5,83 %;$ 777.661;;;;;;;;
1455;AH070ZV;PEUGEOT;2008 GT T200 ;Agustina;NAFTA;2025;NEGRO;0;Avec;-;$ 42.500.000;Vendido;Vendido;15/1/2025;1/7/2025;$ 38.500.000;$ 50.000;$ 1.748.510;;;$ 40.298.510;-5,18 %;$ 1.798.510;;;;;;;;
1456;AE055CC;FIAT;MOBI 1.0 8V WAY;;NAFTA;2019;ROJO;70.000;Cliente;-;$ 13.500.000;Consignacion;Stock;15/1/2025;;$ 10.300.000;;;;;$ 10.300.000;-23,70 %;$ 0;;;;;;;;
1457;AH071AA;CHEVROLET;TRACKER 1.2 LTZ;Agustina;NAFTA;2025;BLANCO;0;Chevent;-;$ 30.500.000;Vendido;Vendido;22/1/2025;5/8/2025;$ 30.500.000;$ 70.000;;;;$ 30.570.000;0,23 %;$ 70.000;;;;;;;;
1458;IOH439;CHEVROLET;AGILE 1.4 LT;FE;NAFTA;2010;NEGRO;160.000;Cliente;-;$ 7.900.000;Vendido;Vendido;18/1/2025;26/5/2025;$ 6.000.000;;$ 250.360;$ 35.106;;$ 6.285.466;-20,44 %;$ 285.466;;;;;;;;
1459;NYU701;CHEVROLET;ONIX 1.4 N LT;Tomas;NAFTA;2014;ROJO;145.000;Cliente;-;$ 12.200.000;Vendido;Vendido;5/2/2025;5/4/2025;$ 8.800.000;;$ 578.458;;;$ 9.378.458;-23,13 %;$ 578.458;;;;;;;;
1460;ORI887;MB;SLK 230 KOMPRESSOR;;NAFTA;2003;GRIS PLATA;165.000;Cliente;-;$ 36.700.000;Bien de Usoa;Stock;1/2/2025;;$ 36.700.000;;;;;$ 36.700.000;0,00 %;$ 0;;;;;;;;
1461;AG456SS;CITROEN;C4 CACTUS 1.6 THP NOIR AT L/23;Agustina;NAFTA;2024;NEGRO;0;Avec;-;$ 28.500.000;Vendido;Vendido;6/2/2025;17/2/2025;$ 26.000.000;;;;$ 58.000;$ 26.058.000;-8,57 %;$ 58.000;;;;;;;;
1462;AH070ZU;PEUGEOT;2008 ACTIVE T200 ;Agustina;NAFTA;2025;BLANCO;0KM PAT;Avec;-;$ 32.900.000;Vendido;Vendido;24/1/2025;11/3/2025;$ 30.000.000;$ 50.000;;;$ 1.104.097;$ 31.154.097;-5,31 %;$ 1.154.097;;;;;;;;
1463;MDZ941;CHEVROLET;SONIC 1.6 LTZ M/T 4 PTAS;Robinson;NAFTA;2013;GRIS OSCURO;135.000;Cliente;-;$ 11.200.000;Vendido;Vendido;13/2/2025;17/5/2025;$ 7.800.000;;$ 1.041.599;;;$ 8.841.599;-21,06 %;$ 1.041.599;;;;;;;;
1464;AG066SN;TOYOTA;ETIOS X 1.5 6M/T;;NAFTA;2023;ROJO;17.000;Cliente;-;;Consignacion;Stock;17/2/2025;;$ 21.400.000;;;;;$ 21.400.000;#DIV/0!;$ 0;;;;;;;;
1465;KWE363;VW;VOYAGE 1.6 COMFORTLINE;Tomas;NAFTA;2012;NEGRO;88.000;Cliente;-;$ 9.650.000;Vendido;Vendido;10/2/2025;29/9/2025;$ 6.850.000;;;;;$ 6.850.000;-29,02 %;$ 0;;;;;;;;
1466;AA699YC;CHEVROLET;AGILE 1.4 LS;Tomas;NAFTA;2016;BLANCO;66.000;Cliente;-;$ 10.450.000;Vendido;Vendido;17/2/2025;14/4/2025;$ 8.000.000;;$ 394.413;;;$ 8.394.413;-19,67 %;$ 394.413;;;;;;;;
1467;AA353GP;CHEVROLET;ONIX 1.4 N LT;Tomas;NAFTA;2016;GRIS OSCURO;135.000;Cliente;-;$ 13.300.000;Vendido;Vendido;18/2/2025;19/6/2025;$ 10.000.000;;$ 248.260;;;$ 10.248.260;-22,95 %;$ 248.260;;;;;;;;
1468;AG400RG;RENAULT;STEPWAY INTENS 1.6 CVT;Robinson;NAFTA;2023;ROJO FUEGO;18.000;Cliente;-;$ 23.400.000;Vendido;Vendido;18/2/2025;3/10/2025;$ 23.800.000;;;;;$ 23.800.000;1,71 %;$ 0;;;;;;;;
1469;AH894OK;TOYOTA;YARIS XS 1.5 CVT 5P;Tomas;NAFTA;2025;BLANCO PERLA;0;Ginza;-;$ 24.021.000;Vendido;Vendido;11/2/2025;17/10/2025;$ 24.108.000;;;;;$ 24.108.000;0,36 %;$ 0;;;;;;;;
1470;AH269WE;PEUGEOT;208 GT T200 AM25;Agustina;NAFTA;2025;GRIS SELENIUM;0;Metz;-;$ 31.980.000;Vendido;Vendido;27/2/2025;27/2/2025;$ 28.747.595;$ 250.000;;;;$ 28.997.595;-9,33 %;$ 250.000;;;;;;;;
1471;AA372TK;CHEVROLET;ONIX 1.4 N LTZ AT;Tomas;NAFTA;2016;BLANCO;110.000;Cliente;-;$ 13.000.000;Vendido;Vendido;27/2/2025;13/6/2025;$ 10.500.000;;$ 560.000;;;$ 11.060.000;-14,92 %;$ 560.000;;;;;;;;
1472;AA497GX;PEUGEOT;208 ALLURE 1.5;Tomas;NAFTA;2016;GRIS OSCURO;117.000;Cliente;-;$ 13.300.000;Vendido;Vendido;28/2/2025;18/7/2025;$ 10.900.000;;$ 726.940;;;$ 11.626.940;-12,58 %;$ 726.940;;;;;;;;
1473;KCY162;PEUGEOT;207 COMPACT XR 1.4 N 5P;Robinson;NAFTA;2011;AZUL;;Cliente;-;$ 9.500.000;Vendido;Vendido;28/2/2025;22/7/2025;$ 7.500.000;;;;$ 1.560;$ 7.501.560;-21,04 %;$ 1.560;;;;;;;;
1474;NLQ208;CHEVROLET;CELTA LS 1.4N 3P;Agustina;NAFTA;2013;MARRON;150.000;Cliente;-;$ 7.840.000;Vendido;Vendido;6/3/2025;28/5/2025;$ 5.500.000;;$ 352.123;$ 13.200;;$ 5.865.323;-25,19 %;$ 365.323;;;;;;;;
1475;AH281ZF;PEUGEOT;2008 ALLURE T200;Agustina;NAFTA;2025;GRIS SELENIUM;0;Avec;-;$ 36.310.000;Vendido;Vendido;6/3/2025;6/3/2025;$ 35.700.000;;;;;$ 35.700.000;-1,68 %;$ 0;;;;;;;;
1476;AG287VE;PEUGEOT;208 FELINE 1.6L TIPTRONIC AM23.5;Agustina;NAFTA;2023;BLEU QUASAR;11.000;Cliente;-;$ 25.200.000;Vendido;Vendido;6/3/2025;5/5/2025;$ 20.500.000;;;$ 350.000;;$ 20.850.000;-17,26 %;$ 350.000;;;;;;;;
1477;KRR541;VW;AMAROK TRENDLINE 2.0L TDI 4X2;Agustina;DIESEL;2011;NEGRO;215.000;Cliente;-;$ 18.700.000;Vendido;Vendido;5/3/2025;25/9/2025;$ 14.700.000;;$ 2.223.568;;;$ 16.923.568;-9,50 %;$ 2.223.568;;;;;;;;
1478;AH281ZL;PEUGEOT;208 GT T200 AM25;Robinson;NAFTA;2025;BLANCO NACAR;0;Metz;-;$ 32.480.000;Vendido;Vendido;13/3/2025;13/3/2025;$ 29.173.347;$ 250.000;;;;$ 29.423.347;-9,41 %;$ 250.000;;;;;;;;
1479;AE022MB;PEUGEOT;208 FELINE 1.6;Agustina;NAFTA;2019;GRIS PLATA;50.000;Cliente;-;$ 17.800.000;Vendido;Vendido;13/3/2025;25/4/2025;$ 15.000.000;;$ 141.560;;;$ 15.141.560;-14,94 %;$ 141.560;;;;;;;;
1480;AH300SU;PEUGEOT;208 ALLURE AT AM25.5;Robinson;NAFTA;2025;GRIS SELENIUM;0;Metz;-;$ 28.090.000;Vendido;Vendido;12/3/2025;12/3/2025;$ 24.961.526;$ 250.000;;;;$ 25.211.526;-10,25 %;$ 250.000;;;;;;;;
1481;AC220HJ;RENAULT;CAPTUR INTENS 2.0;Robinson;NAFTA;2018;BEIGE + NEGRO;35.000;Car France;-;$ 21.150.000;Vendido;Vendido;17/3/2025;8/4/2025;$ 16.105.140;$ 120.000;;;;$ 16.225.140;-23,29 %;$ 120.000;;;;;;;;
1482;AD999PC;RENAULT;KANGOO II EXPRESS CONFORT 5 A 1.6 SCE;Tomas;NAFTA;2019;GRIS PLATA;39.645;Car France;-;$ 20.000.000;Vendido;Vendido;17/3/2025;12/8/2025;$ 15.352.054;$ 120.000;$ 357.630;;;$ 15.829.684;-20,85 %;$ 477.630;;;;;;;;
1483;AF746TV;RENAULT;KANGOO II EXPRESS CONFORT 5A 1.6 SCE;Agustina;NAFTA;2023;BLANCO;43.243;Car France;-;$ 24.500.000;Vendido;Vendido;17/3/2025;17/5/2025;$ 19.624.318;$ 120.000;;;;$ 19.744.318;-19,41 %;$ 120.000;;;;;;;;
1484;AF664FV;RENAULT;NUEVO DUSTER ICONIC 1.3T 4X4;Agustina;NAFTA;2022;MARRON;55.353;Car France;-;$ 25.500.000;Vendido;Vendido;17/3/2025;10/4/2025;$ 20.725.970;$ 120.000;$ 331.500;;;$ 21.177.470;-16,95 %;$ 451.500;;;;;;;;
1485;AE414QS;RENAULT;SANDERO PH2 INTENS 1.6 CVT;Tomas;NAFTA;2020;ROJO FUEGO;32.843;Car France;-;$ 18.500.000;Vendido;Vendido;17/3/2025;9/5/2025;$ 14.456.512;$ 120.000;;;;$ 14.576.512;-21,21 %;$ 120.000;;;;;;;;
1486;AD870GP;CITROEN;C4 CACTUS VTI 115E AT6 FEEL PACK AM20;Robinson;NAFTA;2019;GRIS OSCURO;75.177;Kyoto;-;$ 19.200.000;Vendido;Vendido;17/3/2025;17/6/2025;$ 14.644.800;$ 120.000;$ 966.000;;;$ 15.730.800;-18,07 %;$ 1.086.000;;;;;;;;
1487;AA868AL;NISSAN;NOTE EXCLUSIVE CVT PURE DRIVE NAFTA 5P;Agustina;NAFTA;2017;BORDO;82.572;Kyoto;-;$ 17.200.000;Vendido;Vendido;17/3/2025;27/11/2025;$ 12.796.049;$ 120.000;$ 715.735;;;$ 13.631.784;-20,75 %;$ 835.735;;;;;;;;
1488;AB304RY;PEUGEOT;2008 ALLURE 1.6 TIPTRONIC;Tomas;NAFTA;2017;GRIS MOONDUST;35.288;Metz;-;$ 16.300.000;Vendido;Vendido;17/3/2025;15/7/2025;$ 12.418.112;$ 120.000;$ 668.000;;;$ 13.206.112;-18,98 %;$ 788.000;;;;;;;;
1489;AC562SE;PEUGEOT;2008 FELINE 1.6;Agustina;NAFTA;2018;BLANCO;22.539;Metz;-;$ 18.600.000;Vendido;Vendido;17/3/2025;30/6/2025;$ 13.440.458;$ 120.000;;;;$ 13.560.458;-27,09 %;$ 120.000;;;;;;;;
1490;AC271XZ;PEUGEOT;208 ALLURE 1.6;Tomas;NAFTA;2018;NEGRO;36.316;Metz;-;$ 16.600.000;Vendido;Vendido;17/3/2025;8/4/2025;$ 13.163.394;$ 120.000;;;$ 3.120;$ 13.286.514;-19,96 %;$ 123.120;;;;;;;;
1491;ORO446;CHEVROLET;TRACKER FWD LTZ MT;Robinson;NAFTA;2015;NEGRO;123.000;Cliente;-;$ 14.100.000;Vendido;Vendido;11/3/2025;8/8/2025;$ 11.400.000;;$ 1.521.620;$ 90.312;;$ 13.011.932;-7,72 %;$ 1.611.932;;;;;;;;
1492;NLM629.;FIAT;GRAND SIENA ATTRACTIVE 1.4 8V;Tomas;NAFTA;2014;VERDE;130.000;Cliente;-;$ 11.250.000;Vendido;Vendido;20/3/2025;18/8/2025;$ 8.000.000;;$ 89.945;$ 61.052;;$ 8.150.997;-27,55 %;$ 150.997;;;;;;;;
1493;IDV41194;RENAULT;DUSTER ICONIC 1.3T CVT;FE;NAFTA;2025;GRIS PLATA;0;Car France;-;$ 34.190.000;Vendido;Vendido;27/3/2025;27/3/2025;$ 30.515.705;$ 250.000;;;;$ 30.765.705;-10,02 %;$ 250.000;;;;;;;;
1494;AH370AW;RENAULT;KARDIAN TECHNO 200 EDC;Roman;NAFTA;2025;GRIS PLATA;0;Car France;-;$ 32.300.000;Vendido;Vendido;31/3/2025;31/3/2025;$ 28.859.320;$ 250.000;;;;$ 29.109.320;-9,88 %;$ 250.000;;;;;;;;
1495;AH370BM;HYUNDAI;HB20 COMFORT PLUS MT 1.6;Tomas;NAFTA;2025;AZUL;0;PC Dealer;-;$ 22.700.000;Vendido;Vendido;1/4/2025;1/4/2025;$ 25.600.000;;;;;$ 25.600.000;12,78 %;$ 0;;;;;;;;
1496;AC754DF.;FORD;FIESTA 1.6L S PLUS;Robinson;NAFTA;2018;GRIS CLARO;41.000;Cliente;-;$ 16.980.000;Vendido;Vendido;27/3/2025;12/5/2025;$ 14.200.000;;$ 140.000;;;$ 14.340.000;-15,55 %;$ 140.000;;;;;;;;
1497;PMG189;VW;UP WHITE 1.0 MPI;Tomas;NAFTA;2016;BLANCO;95.000;Cliente;-;$ 14.100.000;Vendido;Vendido;1/4/2025;10/7/2025;$ 10.000.000;;$ 1.071.460;;;$ 11.071.460;-21,48 %;$ 1.071.460;;;;;;;;
1498;MJG588;FORD;RANGER DC 4X2 XLS 3.2L D;Tomas;DIESEL;2013;BLANCO;150.000;Cliente;-;$ 20.600.000;Vendido;Vendido;10/4/2025;31/7/2025;$ 15.500.000;;$ 388.483;;;$ 15.888.483;-22,87 %;$ 388.483;;;;;;;;
1499;AE087NP;CITROEN;C4 CACTUS VTI 115 FEEL AM22;Robinson;NAFTA;2020;GRIS OSCURO;72.000;Cliente;-;$ 19.800.000;Vendido;Vendido;10/4/2025;30/5/2025;$ 16.500.000;;;;;$ 16.500.000;-16,67 %;$ 0;;;;;;;;
1500;AH424DM;PEUGEOT;208 GT T200 AM25;Tomas;NAFTA;2025;GRIS SELENIUM;0;Metz;-;$ 33.140.000;Vendido;Vendido;11/4/2025;28/6/2025;$ 29.462.700;$ 250.000;$ 920.039;;;$ 30.632.739;-7,57 %;$ 1.170.039;;;;;;;;
1501;AF620UY;RENAULT;STEPWAY PH2 INTENS 1.6;Tomas;NAFTA;2023;ROJO FUEGO;18.880;Car France;-;$ 23.000.000;Vendido;Vendido;21/4/2025;16/9/2025;$ 18.695.120;$ 120.000;$ 321.743;;;$ 19.136.863;-16,80 %;$ 441.743;;;;;;;;
1502;AF854VU;RENAULT;SANDERO PH2 LIFE 1.6;Robinson;NAFTA;2020;ROJO FUEGO;30.000;Car France;-;$ 19.700.000;Vendido;Vendido;21/4/2025;4/8/2025;$ 15.629.200;$ 150.000;;;;$ 15.779.200;-19,90 %;$ 150.000;;;;;;;;
1503;AE484TN;RENAULT;DUSTER PH2 DYNAMIQUE 1.6;Tomas;NAFTA;2020;ROJO FUEGO;30.424;Car France;-;$ 20.300.000;Vendido;Vendido;21/4/2025;6/1/2026;$ 15.167.625;$ 150.000;$ 518.076;;;$ 15.835.701;-21,99 %;$ 668.076;;;;;;;;
1504;AE391NJ;CITROEN;BERLINGO FURGON VTI 115 BUSSINESS AM20;Agustina;NAFTA;2020;BLANCO;65.517;Car France;-;$ 17.600.000;Vendido;Vendido;21/4/2025;15/7/2025;$ 12.570.120;$ 150.000;$ 120.000;;;$ 12.840.120;-27,04 %;$ 270.000;;;;;;;;
1505;AC788SE;RENAULT;DUSTER PH2 PRIVILEGE 1.6;Robinson;NAFTA;2018;ROJO FUEGO;40.593;Car France;-;$ 19.400.000;Vendido;Vendido;21/4/2025;28/3/2026;$ 15.342.260;$ 250.000;$ 332.340;;;$ 15.924.600;-17,91 %;$ 582.340;;;;;;;;
1506;AD852NN;NISSAN;KICKS ADVANCE CVT (MY20);Tomas;NAFTA;2019;GRIS PLATA;41.412;Kyoto;-;$ 23.900.000;Vendido;Vendido;21/4/2025;30/6/2025;$ 18.922.100;$ 120.000;$ 140.000;;;$ 19.182.100;-19,74 %;$ 260.000;;;;;;;;
1507;AF249SL;NISSAN;FRONTIER CD X GEAR 2.3 D 4X2;Robinson;DIESEL;2022;BLANCA;71.185;Kyoto;-;$ 33.000.000;Vendido;Vendido;21/4/2025;28/5/2026;$ 23.022.100;$ 150.000;$ 1.512.862;;$ 60.000;$ 24.744.962;-25,02 %;$ 1.722.862;;;;;;;;
1508;AF993ZT;PEUGEOT;208 ALLURE PACK;Tomas;NAFTA;2023;AZUL;30.242;Metz;-;$ 23.200.000;Vendido;Vendido;21/4/2025;22/7/2025;$ 18.639.576;$ 150.000;;;;$ 18.789.576;-19,01 %;$ 150.000;;;;;;;;
1509;AD489AU;PEUGEOT;208 FELINE 1.6;Agustina;NAFTA;2019;GRIS OSCURO;51.271;Metz;21/7/2025;$ 18.100.000;Vendido;Vendido;21/4/2025;21/7/2025;$ 13.822.290;$ 120.000;$ 360.000;;;$ 14.302.290;-20,98 %;$ 480.000;;;;;;;;
1510;AF047XD;PEUGEOT;208 LIKE PACK;Agustina;NAFTA;2021;BLANCO;70.682;Metz;-;$ 18.000.000;Vendido;Vendido;21/4/2025;3/9/2025;$ 13.221.000;$ 150.000;$ 750.000;;;$ 14.121.000;-21,55 %;$ 900.000;;;;;;;;
1511;AE465RJ;FIAT;CRONOS PRECISION 1.8 MT;Robinson;NAFTA;2020;MARRON;112.000;Cliente;-;$ 18.400.000;Vendido;Vendido;23/4/2025;28/6/2025;$ 14.000.000;;$ 434.000;;;$ 14.434.000;-21,55 %;$ 434.000;;;;;;;;
1512;NKL786;PEUGEOT;3008 FELINE 1.6;Robinson;NAFTA;2013;BLANCO;165.000;Cliente;-;$ 14.800.000;Vendido;Vendido;25/4/2025;21/4/2026;$ 9.400.000;;$ 1.041.055;;;$ 10.441.055;-29,45 %;$ 1.041.055;;;;;;;;
1513;OKQ532;RENAULT;KANGOO PH3 AUTHENTIQUE PLUS 1.6 2PL 7A;Robinson;NAFTA;2014;BEIGE;220.000;Cliente;-;$ 14.400.000;Vendido;Vendido;28/4/2025;9/10/2025;$ 8.000.000;;-$ 646.404;;;$ 7.353.596;-48,93 %;-$ 646.404;;;;;;;;
1514;AH447QK;RENAULT;KARDIAN EVOLUTION 200 EDC;FE;NAFTA;2025;BLANCO;0;Car France;-;$ 31.210.000;Vendido;Vendido;8/5/2025;8/5/2025;$ 27.904.050;$ 250.000;;;;$ 28.154.050;-9,79 %;$ 250.000;;;;;;;;
1515;JEW593;PEUGEOT;207 COMPACT XR 1.4 N 5P;Tomas;NAFTA;2010;NEGRO;145.000;Cliente;-;$ 9.100.000;Vendido;Vendido;5/5/2025;23/9/2025;$ 5.500.000;;$ 486.500;;;$ 5.986.500;-34,21 %;$ 486.500;;;;;;;;
1516;MGV909;CITROEN;C3 1.6 VTI 115 EXCLUSIVE;Agustina;NAFTA;2013;GRIS PLATA;75.000;Cliente;-;$ 12.000.000;Vendido;Vendido;9/5/2025;25/6/2025;$ 8.800.000;;$ 1.028.398;;;$ 9.828.398;-18,10 %;$ 1.028.398;;;;;;;;
1517;AA161ZB;VW;GOL TREND 1.6 SPORTLINE;Agustina;NAFTA;2016;BLANCO;110.000;Cliente;-;$ 14.500.000;Vendido;Vendido;8/5/2025;2/6/2026;$ 10.500.000;;$ 18.800;;;$ 10.518.800;-27,46 %;$ 18.800;;;;;;;;
1518;AD900QU;RENAULT;CAPTUR ZEN 2.0;Robinson;NAFTA;2019;BLANCO GLACIAR;80.000;Cliente;-;$ 22.600.000;Vendido;Vendido;8/5/2025;3/12/2025;$ 18.900.000;;$ 115.000;;;$ 19.015.000;-15,86 %;$ 115.000;;;;;;;;
1519;NRS890;VW;GOL TREND 1.6 GP;Agustina;NAFTA;2014;GRIS OSCURO;72.000;Cliente;-;$ 12.000.000;Vendido;Vendido;16/5/2025;14/7/2025;$ 10.500.000;;;;;$ 10.500.000;-12,50 %;$ 0;;;;;;;;
1520;NGL653;PEUGEOT;PARTNER PATAGONICA 1.6 HDI;Agustina;DIESEL;2013;GRIS PLATA;186.000;Cliente;-;$ 14.800.000;Vendido;Vendido;16/5/2025;19/3/2026;$ 9.800.000;;;;;$ 9.800.000;-33,78 %;$ 0;;;;;;;;
1521;AF917HU;RENAULT;KANGOO EXPRESS CONFORT 1.6 SCE;Agustina;NAFTA;2023;BLANCO GLACIAR;41.000;Cliente;-;$ 22.700.000;Vendido;Vendido;26/5/2025;28/7/2025;$ 18.700.000;;;;;$ 18.700.000;-17,62 %;$ 0;;;;;;;;
1522;AE584RT;PEUGEOT;208 ALLURE 1.6L TIPTRONIC AM23.5;Agustina;NAFTA;2021;BLANCO;41.000;Cliente;-;$ 22.600.000;Vendido;Vendido;10/5/2025;11/6/2025;$ 22.098.611;;$ 501.389;;;$ 22.600.000;0,00 %;$ 501.389;;;;;;;;
1523;AE715BO;TOYOTA;SW4 4X4 SRX 2.8 TDI 6AT 7A;Robinson;DIESEL;2021;GRIS PLATA;55.000;Cliente;-;$ 54.500.000;Vendido;Vendido;10/5/2025;13/8/2025;$ 51.385.230;;$ 7.614.770;;;$ 59.000.000;8,26 %;$ 7.614.770;;;;;;;;
1524;AC113CR.;FIAT;TORO VOLCANO 2.0 16V 4X4 AT;Robinson;DIESEL;2017;BLANCO;100.000;Cliente;-;$ 24.000.000;Vendido;Vendido;28/5/2025;30/6/2025;$ 19.000.000;;$ 60.445;;;$ 19.060.445;-20,58 %;$ 60.445;;;;;;;;
1525;AB161NV;FIAT;PALIO ESSENCE 5P 1.6 16V AT;Robinson;NAFTA;2017;GRIS;80.000;Cliente;-;$ 14.400.000;Vendido;Vendido;30/5/2025;5/2/2026;$ 11.500.000;;$ 501.470;$ 177.670;;$ 12.179.140;-15,42 %;$ 679.140;;;;;;;;
1526;AB531EZ;FORD;FIESTA 1.6L SE;Robinson;NAFTA;2017;BLANCO;50.000;Cliente;-;$ 16.380.000;Vendido;Vendido;2/6/2025;25/6/2025;$ 14.000.000;;;;;$ 14.000.000;-14,53 %;$ 0;;;;;;;;
1527;NUQ011;FIAT;PUNTO ESSENCE 1.6 16V;Tomas;NAFTA;2014;BLANCO;105.000;Cliente;-;$ 13.700.000;Vendido;Vendido;11/6/2025;28/11/2025;$ 10.500.000;;$ 384.000;;;$ 10.884.000;-20,55 %;$ 384.000;;;;;;;;
1528;NBT201;CHEVROLET;CRUZE 1.8 LTZ 5 PTAS;Tomas;NAFTA;2013;GRIS OSCURO;170.000;Cliente;-;$ 12.600.000;Vendido;Vendido;25/6/2025;9/9/2025;$ 9.800.000;;$ 150.000;;;$ 9.950.000;-21,03 %;$ 150.000;;;;;;;;
1529;MAQ489;PEUGEOT;308 ACTIVE 1.6L;Robinson;NAFTA;2013;GRIS PLATA;105.000;Cliente;-;$ 12.900.000;Vendido;Vendido;13/6/2025;29/8/2025;$ 9.200.000;;$ 596.560;;;$ 9.796.560;-24,06 %;$ 596.560;;;;;;;;
1530;AA911QE;CHEVROLET;PRISMA 1.4 N LTZ A/T;Roman;GNC;2017;GRIS OSCURO;126.000;Cliente;-;$ 13.600.000;Vendido;Vendido;28/6/2025;18/8/2025;$ 11.000.000;;$ 825.000;;;$ 11.825.000;-13,05 %;$ 825.000;;;;;;;;
1531;AH617AF;RENAULT;KARDIAN EVOLUTION 156 MT;Roman;NAFTA;2025;BLANCO GLACIAR;0;Car France;-;$ 29.250.000;Vendido;Vendido;30/6/2025;30/6/2025;$ 26.228.480;$ 350.000;$ 200.000;;;$ 26.778.480;-8,45 %;$ 550.000;;;;;;;;
1532;AG000RP;PEUGEOT;208 ACTIVE PACK 1.6L AM23.5;Roman;NAFTA;2023;GRIS ARTENSE;5.000;Cliente;-;$ 21.800.000;Vendido;Vendido;30/6/2025;14/8/2025;$ 18.000.000;;;;;$ 18.000.000;-17,43 %;$ 0;;;;;;;;
1533;JCG746;CHEVROLET;CLASSIC 3 PTAS LS 1.4N;Agustina;NAFTA;2011;GRIS PLATA;170.000;Cliente;-;$ 7.670.000;Vendido;Vendido;30/6/2025;21/8/2025;$ 5.200.000;;;;;$ 5.200.000;-32,20 %;$ 0;;;;;;;;
1534;NQX258;PEUGEOT;208 FELINE 1.6L;Tomas;NAFTA;2014;BLANCO;100.000;Cliente;-;$ 14.200.000;Vendido;Vendido;30/6/2025;9/10/2025;$ 11.500.000;;$ 510.136;;;$ 12.010.136;-15,42 %;$ 510.136;;;;;;;;
1535;OPM437;FORD;FOCUS 2.0L N MT SE 4 PTAS;;NAFTA;2015;GRIS PLATA;120.000;Cliente;-;$ 14.880.000;STOCK ASFE;Stock;30/6/2025;;$ 10.700.000;;$ 425.966;;;$ 11.125.966;-25,23 %;$ 425.966;;;;;;;;
1536;AB873XL;CHEVROLET;TRAILBLAZER 2.8 CTDI 4X4 LTZ A/T;Roman;DIESEL;2017;VERDE;170.000;Cliente;-;$ 30.900.000;Vendido;Vendido;1/7/2025;30/8/2025;$ 24.300.000;;;;;$ 24.300.000;-21,36 %;$ 0;;;;;;;;
1537;JXB872;FORD;KA FLY VIRAL 1.0;Tomas;NAFTA;2011;NEGRO;80.000;Cliente;-;$ 8.550.000;Vendido;Vendido;15/6/2025;31/7/2025;$ 7.530.000;;$ 770.000;;;$ 8.300.000;-2,92 %;$ 770.000;;;;;;;;
1538;2008A2025;PEUGEOT;2008 ALLURE T200 AM26;Tomas;NAFTA;2025;BLANCO NACAR;0;Metz;-;$ 36.000.000;Vendido;Vendido;11/7/2025;11/7/2025;$ 34.384.000;$ 250.000;;;;$ 34.634.000;-3,79 %;$ 250.000;;;;;;;;
1539;208GT2025;PEUGEOT;208 GT T200 AM25;FE;NAFTA;2025;GRIS SELENIUM;0;Metz;-;$ 32.900.000;Vendido;Vendido;11/7/2025;11/7/2025;$ 30.547.700;$ 250.000;;;;$ 30.797.700;-6,39 %;$ 250.000;;;;;;;;
1540;NVL843;RENAULT;SANDERO PRIVILEGE 1.6 16V NAV;Tomas;NAFTA;2014;NEGRO;145.000;Cliente;-;$ 10.500.000;Vendido;Vendido;15/7/2025;29/10/2025;$ 8.000.000;;$ 722.717;;;$ 8.722.717;-16,93 %;$ 722.717;;;;;;;;
1541;AF206HF;JEEP;RENEGADE LONGITUDE 1.8L AT6 AUTOMATICO;Agustina;NAFTA;2022;NEGRO;57.000;Cliente;-;$ 27.200.000;Vendido;Vendido;11/7/2025;27/8/2025;$ 23.600.000;;$ 200.000;;;$ 23.800.000;-12,50 %;$ 200.000;;;;;;;;
1542;AF291VZ.;PEUGEOT;208 ALLURE TIPTRONIC 1.6L;Tomas;NAFTA;2022;GRIS ALUMINIUM;40.000;Cliente;-;$ 20.900.000;Vendido;Vendido;11/7/2025;15/11/2025;$ 17.600.000;;$ 600.000;;;$ 18.200.000;-12,92 %;$ 600.000;;;;;;;;
1543;JIZ812;PEUGEOT;207 COMPACT XS 1.9D 5P;Agustina;DIESEL;2010;GRIS PLATA;169.000;Cliente;-;$ 8.780.000;Vendido;Vendido;10/7/2025;11/9/2025;$ 5.200.000;;$ 209.000;;;$ 5.409.000;-38,39 %;$ 209.000;;;;;;;;
1544;PEN415;FORD;FIESTA 1,6L SE PLUS POWERSHIFT;Agustina;NAFTA;2015;NEGRO;62.245;Car France;-;$ 15.080.000;Vendido;Vendido;10/7/2025;9/12/2025;$ 11.286.201;$ 200.000;$ 469.805;;;$ 11.956.006;-20,72 %;$ 669.805;;;;;;;;
1545;AD670NN;RENAULT;KWID ICONIC 1.0;Agustina;NAFTA;2019;BEIGE;41.514;Car France;-;$ 14.100.000;Vendido;Vendido;10/7/2025;15/9/2025;$ 10.273.734;$ 200.000;$ 210.000;;;$ 10.683.734;-24,23 %;$ 410.000;;;;;;;;
1546;AF443GP;RENAULT;SANDERO STEPWAY  INTENS 1.6;Agustina;NAFTA;2022;ROJO FUEGO;28.877;Car France;-;$ 21.900.000;Vendido;Vendido;10/7/2025;5/1/2026;$ 17.813.760;$ 295.000;;;;$ 18.108.760;-17,31 %;$ 295.000;;;;;;;;
1547;AF384NX;RENAULT;SANDERO STEPWAY ZEN 1.6;Robinson;NAFTA;2022;GRIS ACERO;26.721;Car France;-;$ 21.400.000;Vendido;Vendido;10/7/2025;15/12/2025;$ 16.989.800;$ 295.000;$ 504.153;;;$ 17.788.953;-16,87 %;$ 799.153;;;;;;;;
1548;AF833XS;RENAULT;SANDERO ZEN 1.6;Tomas;NAFTA;2023;GRIS PLATA;16.444;Car France;-;$ 20.200.000;Vendido;Vendido;10/7/2025;28/10/2025;$ 16.980.843;$ 295.000;;;;$ 17.275.843;-14,48 %;$ 295.000;;;;;;;;
1549;AE837WM;NISSAN;FRONTIER CD SE 2.3 D 4X4 MT;Tomas;DIESEL;2021;BLANCO;40.605;Kyoto;-;$ 30.300.000;Vendido;Vendido;10/7/2025;2/12/2025;$ 23.661.522;$ 295.000;$ 823.800;;;$ 24.780.322;-18,22 %;$ 1.118.800;;;;;;;;
1550;AD573ZW;TOYOTA;COROLLA XLI 1.8 6M/T;Tomas;NAFTA;2019;BORDO;54.905;Kyoto;-;$ 22.950.000;Vendido;Vendido;10/7/2025;26/9/2025;$ 17.985.645;$ 200.000;$ 414.600;;;$ 18.600.245;-18,95 %;$ 614.600;;;;;;;;
1551;AF599RZ;NISSAN;KICKS 1.6 ADVANCE MT;Tomas;NAFTA;2022;GRIS;22.741;Metz;-;$ 28.500.000;Vendido;Vendido;10/7/2025;12/9/2025;$ 22.295.691;;$ 118.000;;;$ 22.413.691;-21,36 %;$ 118.000;;;;;;;;
1552;AA882LX;NISSAN;MARCH ADVANCE MEDIA-TECH AT PURE;Robinson;NAFTA;2017;AZUL;30.676;Metz;-;$ 15.400.000;Vendido;Vendido;10/7/2025;24/1/2026;$ 11.330.500;$ 200.000;$ 840.000;;;$ 12.370.500;-19,67 %;$ 1.040.000;;;;;;;;
1553;AG386XO;RENAULT;SANDERO STEPWAY INTENS 1.6;Agustina;NAFTA;2024;GRIS;31.798;Metz;-;$ 24.100.000;Vendido;Vendido;10/7/2025;2/12/2025;$ 19.323.000;$ 250.000;;;;$ 19.573.000;-18,78 %;$ 250.000;;;;;;;;
1554;AF583KJ;NISSAN;VERSA 1.6 ADVANCE MT;Agustina;NAFTA;2022;GRIS OSCURO;36.000;Kyoto;-;$ 24.500.000;Vendido;Vendido;31/7/2025;17/10/2025;$ 18.814.500;$ 295.000;$ 760.000;;;$ 19.869.500;-18,90 %;$ 1.055.000;;;;;;;;
1555;AF609MP;RENAULT;SANDERO PH2 ZEN 1.6;Agustina;NAFTA;2022;GRIS PLATA;48.000;Kyoto;-;$ 19.300.000;Vendido;Vendido;31/7/2025;10/2/2026;$ 15.378.130;$ 295.000;$ 110.000;;;$ 15.783.130;-18,22 %;$ 405.000;;;;;;;;
1556;AF786IV;PEUGEOT;208 ALLURE PACK 1.6L AM23.5;Agustina;NAFTA;2023;GRIS ARTENSE;26.000;Metz;-;$ 22.300.000;Vendido;Vendido;31/7/2025;14/11/2025;$ 17.282.200;$ 295.000;$ 715.000;;;$ 18.292.200;-17,97 %;$ 1.010.000;;;;;;;;
1557;AD570NZ;PEUGEOT;2008 FELINE 1.6;Tomas;NAFTA;2019;BLANCO;29.000;Metz;-;$ 20.200.000;Vendido;Vendido;31/7/2025;26/12/2025;$ 15.755.000;$ 295.000;$ 1.020.695;;;$ 17.070.695;-15,49 %;$ 1.315.695;;;;;;;;
1558;AC844BC;FORD;FIESTA 1.6L SE PLUS POWERSHIFT;;NAFTA;2018;AZUL;58.000;Metz;-;$ 17.680.000;STOCK ASFE;Stock;31/7/2025;;$ 13.621.000;$ 295.000;$ 679.543;;;$ 14.595.543;-17,45 %;$ 974.543;;;;;;;;
1559;AF707KM;RENAULT;KANGOO II EXPRESS CONFORT 1.6 SCE;Agustina;NAFTA;2022;GRIS PLATA;93.000;Car France;-;$ 19.900.000;Vendido;Vendido;31/7/2025;3/2/2026;$ 15.149.050;$ 295.000;$ 1.064.564;;;$ 16.508.614;-17,04 %;$ 1.359.564;;;;;;;;
1560;AF009LU;FIAT;TORO FREEDOM 1.8 CD AT6 4X2;Agustina;NAFTA;2021;AZUL;78.000;Car France;-;$ 23.800.000;Vendido;Vendido;31/7/2025;16/10/2025;$ 16.263.500;$ 295.000;$ 109.618;;;$ 16.668.118;-29,97 %;$ 404.618;;;;;;;;
1561;AC146AW;RENAULT;DUSTER PH2 PRIVILEGE 1.6;Agustina;NAFTA;2018;BLANCO GLACIAR;69.000;Car France;-;$ 19.600.000;Vendido;Vendido;31/7/2025;9/1/2026;$ 14.947.146;$ 295.000;$ 608.437;;;$ 15.850.583;-19,13 %;$ 903.437;;;;;;;;
1562;AF970PN;RENAULT;LOGAN INTENS 1.6;Tomas;NAFTA;2023;GRIS OSCURO;42.000;Car France;-;$ 20.500.000;Vendido;Vendido;31/7/2025;16/1/2026;$ 15.149.050;$ 250.000;$ 350.000;;;$ 15.749.050;-23,18 %;$ 600.000;;;;;;;;
1563;AC168RA;RENAULT;CAPTUR ZEN 2.0;Robinson;NAFTA;2017;GRIS PLATA;77.000;Car France;-;$ 19.850.000;Vendido;Vendido;31/7/2025;13/4/2026;$ 15.456.445;$ 250.000;$ 710.000;;;$ 16.416.445;-17,30 %;$ 960.000;;;;;;;;
1564;AB115WZ;FORD;FOCUS 2.0L N MT AT SE PLUS 4 PTAS;Robinson;NAFTA;2017;BLANCO;100.000;Cliente;-;$ 18.600.000;Vendido;Vendido;31/7/2025;5/12/2025;$ 13.500.000;;$ 3.774.163;$ 105.516;;$ 17.379.679;-6,56 %;$ 3.879.679;;;;;;;;
1565;AA463TJ;RENAULT;CLIO MIO CONFORT 5PTAS;Robinson;NAFTA;2016;GRIS ETOILE;100.000;Cliente;-;$ 11.750.000;Vendido;Vendido;4/8/2025;15/10/2025;$ 9.000.000;;$ 430.000;;;$ 9.430.000;-19,74 %;$ 430.000;;;;;;;;
1566;A172BWT;VESPA;GTS 300;Robinson;NAFTA;2022;AZUL;60;Cliente;-;$ 12.000.000;Vendido;Vendido;1/7/2025;18/7/2025;$ 11.384.910;;$ 402.000;$ 213.090;;$ 12.000.000;0,00 %;$ 615.090;;;;;;;;
1567;AH680QO;RENAULT;SANDERO STEPWAY INTENS 1.6 CVT;Robinson;NAFTA;2025;GRIS ACERO;0;AVEC;-;$ 28.380.000;Vendido;Vendido;12/8/2025;12/8/2025;$ 26.400.000;;;;;$ 26.400.000;-6,98 %;$ 0;;;;;;;;
1568;AF220MW.;PEUGEOT;208 ACTIVE TIPTRONIC 1.6L AM23.5;Tomas;NAFTA;2022;GRIS ALUMINIUN;18.000;Cliente;-;$ 21.200.000;Vendido;Vendido;12/8/2025;7/10/2025;$ 18.000.000;;$ 140.000;;;$ 18.140.000;-14,43 %;$ 140.000;;;;;;;;
1569;KXR211;FORD;ECOSPORT 1.6L 4X2XL PLUS;Agustina;NAFTA;2012;NEGRO;180.000;Cliente;-;$ 10.400.000;Vendido;Vendido;12/8/2025;12/9/2025;$ 8.000.000;;$ 131.681;;;$ 8.131.681;-21,81 %;$ 131.681;;;;;;;;
1570;MJQ902;FIAT;PUNTO ATTRACTIVE 1.4 8V;;NAFTA;2013;BLANCO;170.000;Cliente;-;$ 12.200.000;Vendido;Vendido;8/8/2025;;$ 8.500.000;;;;;$ 8.500.000;-30,33 %;$ 0;;;;;;;;
1571;AF314QX;FIAT;CRONOS PRECISION 1.8 AT;Agustina;NAFTA;2022;GRIS;54.000;Cliente;-;$ 19.400.000;Vendido;Vendido;5/8/2025;20/8/2025;$ 16.500.000;;;;;$ 16.500.000;-14,95 %;$ 0;;;;;;;;
1572;AE831LN;TOYOTA;COROLLA HV 1.8 XEI ECVT;Tomas;HV;2021;BLANCO;120.000;Cliente;-;$ 30.500.000;Vendido;Vendido;13/8/2025;28/11/2025;$ 23.500.000;;$ 310.000;;;$ 23.810.000;-21,93 %;$ 310.000;;;;;;;;
1573;IOH439.;CHEVROLET;AGILE 1.4 LT;Tomas;NAFTA;2010;NEGRO;200.000;Cliente;-;$ 8.600.000;Vendido;Vendido;18/8/2025;1/9/2025;$ 6.700.000;;;;;$ 6.700.000;-22,09 %;$ 0;;;;;;;;
1574;KKW288;FIAT;PALIO ATTRACTIVE 1.4 8V;Agustina;NAFTA;2011;BLANCO;180.000;Cliente;-;$ 9.250.000;Vendido;Vendido;18/8/2025;26/11/2025;$ 6.400.000;;$ 92.880;;;$ 6.492.880;-29,81 %;$ 92.880;;;;;;;;
1575;AB355BI;CITROEN;C3 VTI 115 FEEL;Robinson;NAFTA;2017;GRIS PLATA;140.000;Cliente;-;$ 15.000.000;Vendido;Vendido;23/8/2025;13/4/2026;$ 11.500.000;;$ 140.000;$ 124.791;;$ 11.764.791;-21,57 %;$ 264.791;;;;;;;;
1576;HOI822;FIAT;PUNTO HLX 1.8;Tomas;NAFTA;2008;GRIS PLATA;177.000;Cliente;-;$ 9.300.000;Vendido;Vendido;20/8/2025;29/12/2025;$ 6.600.000;;$ 86.166;;;$ 6.686.166;-28,11 %;$ 86.166;;;;;;;;
1577;HOD513;VW;SURAN 1.6N COMFORTLINE;Robinson;NAFTA;2008;BORDO;190.000;Cliente;-;$ 8.600.000;Vendido;Vendido;26/8/2025;18/3/2026;$ 5.300.000;;$ 553.714;;;$ 5.853.714;-31,93 %;$ 553.714;;;;;;;;
1578;IUD096;VW;GOL TREND PACK III 1.6;Robinson;NAFTA;2010;NEGRO;210.000;Cliente;-;$ 9.500.000;Vendido;Vendido;27/8/2025;19/9/2025;$ 6.500.000;;$ 90.386;;;$ 6.590.386;-30,63 %;$ 90.386;;;;;;;;
1579;AH875TD;PEUGEOT;208 GT T200 AM25;Tomas;NAFTA;2025;GRIS SELENIUM;0;AVEC;-;$ 33.400.000;Vendido;Vendido;28/8/2025;28/8/2025;$ 32.000.000;$ 60.000;;;;$ 32.060.000;-4,01 %;$ 60.000;;;;;;;;
1580;AD430RR;FORD;ECOSPORT SE 1.5L AT N;Tomas;NAFTA;2019;ROJO;28.400;Metz;-;$ 21.800.000;Vendido;Vendido;5/9/2025;9/10/2025;$ 16.906.030;$ 250.000;;;;$ 17.156.030;-21,30 %;$ 250.000;;;;;;;;
1581;AG131HG;PEUGEOT;208 STYLE MT 23.5 1.6L;Robinson;NAFTA;2023;GRIS ARTENSE;13.200;Metz;-;$ 22.600.000;Vendido;Vendido;5/9/2025;10/11/2025;$ 19.137.600;$ 250.000;$ 390.000;;;$ 19.777.600;-12,49 %;$ 640.000;;;;;;;;
1582;AE982PP;NISSAN;FRONTIER CD LE 2.3D 4X4 AT;Tomas;DIESEL;2021;BLANCO HIELO;70.000;Kyoto;-;$ 35.500.000;Vendido;Vendido;5/9/2025;15/11/2025;$ 28.594.000;$ 250.000;$ 60.000;;;$ 28.904.000;-18,58 %;$ 310.000;;;;;;;;
1583;AE348OT;PEUGEOT;208 ACTIVE 1.6L;Agustina;NAFTA;2020;GRIS ALUMINIUM;29.000;Kyoto;-;$ 19.600.000;Vendido;Vendido;5/9/2025;27/11/2025;$ 15.244.400;$ 250.000;$ 300.000;;;$ 15.794.400;-19,42 %;$ 550.000;;;;;;;;
1584;AF860CD;RENAULT;KANGOO II EXPRESS CONFORT 1.6 SCE;Robinson;NAFTA;2023;BLANCO GLACIAR;24.000;Kyoto;-;$ 21.600.000;Vendido;Vendido;5/9/2025;13/1/2026;$ 17.122.420;$ 250.000;$ 375.000;;;$ 17.747.420;-17,84 %;$ 625.000;;;;;;;;
1585;AF786JD;RENAULT;SANDERO INTENS 1.6;Tomas;NAFTA;2023;AZUL COSMOS;15.000;Car France;-;$ 21.800.000;Vendido;Vendido;5/9/2025;15/12/2025;$ 17.155.240;$ 250.000;$ 84.000;;;$ 17.489.240;-19,77 %;$ 334.000;;;;;;;;
1586;AE490AA;RENAULT;STEPWAY INTENS 1.6;Tomas;NAFTA;2020;BEIGE POIVRE;13.000;Car France;-;$ 20.500.000;Vendido;Vendido;5/9/2025;22/11/2025;$ 16.650.980;$ 250.000;$ 70.000;;;$ 16.970.980;-17,21 %;$ 320.000;;;;;;;;
1587;AE600JA;RENAULT;KWID ZEN 1.0;Agustina;NAFTA;2021;GRIS ETOILE;49.000;Car France;-;$ 15.350.000;Vendido;Vendido;5/9/2025;1/4/2026;$ 10.448.300;$ 250.000;$ 1.390.000;;;$ 12.088.300;-21,25 %;$ 1.640.000;;;;;;;;
1588;AF630TB;NISSAN;VERSA 1.6 SENSE MT;Agustina;NAFTA;2022;GRIS ACERO;58.000;Car France;-;$ 21.650.000;Vendido;Vendido;5/9/2025;15/4/2026;$ 18.566.000;$ 250.000;$ 885.000;;;$ 19.701.000;-9,00 %;$ 1.135.000;;;;;;;;
1589;AF664EW;RENAULT;SANDERO INTENS 1.6;Agustina;NAFTA;2022;GRIS ACERO;42.000;Car France;-;$ 20.400.000;Vendido;Vendido;5/9/2025;3/2/2026;$ 16.912.000;$ 250.000;$ 409.000;$ 60.302;;$ 17.631.302;-13,57 %;$ 719.302;;;;;;;;
1590;AA019PL;RENAULT;SANDERO STEPWAY PRIVILEGE 1.6;Agustina;NAFTA;2016;BLANCO GLACIAR;140.000;Cliente;-;$ 15.950.000;Vendido;Vendido;15/9/2025;13/5/2026;$ 13.000.000;;$ 716.822;$ 232.960;;$ 13.949.782;-12,54 %;$ 949.782;;;;;;;;
1591;AH894LX;PEUGEOT;208 GT T200 AM25;;NAFTA;2025;GRIS SELENIUM;0;AVEC;-;$ 33.900.000;Vendido;Vendido;15/9/2025;15/9/2025;$ 32.000.000;$ 60.000;;;;$ 32.060.000;-5,43 %;$ 60.000;;;;;;;;
1592;AF971OS;RENAULT;KANGOO II EXPRESS EMOTION 5A 1.6 SCE;Tomas;NAFTA;2023;BLANCO GLACIAR;59.000;Cliente;-;$ 23.600.000;Vendido;Vendido;16/9/2025;5/1/2026;$ 20.800.000;;$ 465.000;$ 232.945;;$ 21.497.945;-8,91 %;$ 697.945;;;;;;;;
1593;AH883FQ;RENAULT;ARKANA E-TECH HYBRID SPIRIT ALPINE;FE;HV;2025;ROJO DESEO;0;AVEC;-;$ 46.400.000;Vendido;Vendido;24/9/2025;24/9/2025;$ 44.000.000;$ 60.000;;;;$ 44.060.000;-5,04 %;$ 60.000;;;;;;;;
1594;OVK261;VW;AMAROK DARK LABEL 4X2;Agustina;DIESEL;2015;GRIS PLATA;300.000;Cliente;-;$ 26.600.000;Vendido;Vendido;2/10/2025;27/12/2025;$ 17.000.000;;$ 840.579;$ 68.487;;$ 17.909.066;-32,67 %;$ 909.066;;;;;;;;
1595;AC562UK;FORD;ECOSPORT FREESTYLE 1.5L MT N;Agustina;NAFTA;2018;AZUL;84.798;Car France;-;$ 22.100.000;Vendido;Vendido;14/10/2025;5/3/2026;$ 16.506.658;$ 250.000;$ 466.812;$ 71.000;$ 184.350;$ 17.478.819;-20,91 %;$ 972.162;;;;;;;;
1596;PDS466;RENAULT;DUSTER DYNAMIQUE 1.6;Robinson;NAFTA;2015;GRIS ACERO;76.530;Car France;-;$ 16.300.000;Vendido;Vendido;14/10/2025;29/11/2025;$ 11.750.980;$ 250.000;$ 650.000;;;$ 12.650.980;-22,39 %;$ 900.000;;;;;;;;
1597;AE859RX;RENAULT;KWID ZEN 1.0;Tomas;NAFTA;2021;BEIGE;41.676;Car France;-;$ 15.450.000;Vendido;Vendido;14/10/2025;3/12/2025;$ 11.327.000;$ 250.000;$ 125.000;;;$ 11.702.000;-24,26 %;$ 375.000;;;;;;;;
1598;AA557IT;RENAULT;CLIO MIO 5P CONFORT;Agustina;NAFTA;2016;GRIS ETOILE;64.244;Car France;-;$ 12.050.000;Vendido;Vendido;14/10/2025;7/1/2026;$ 8.682.800;$ 250.000;$ 150.000;;;$ 9.082.800;-24,62 %;$ 400.000;;;;;;;;
1599;AB946CJ;FIAT;MOBI 1.0 8V EASY;Robinson;NAFTA;2017;GRIS ACERO;72.465;Car France;-;$ 13.100.000;Vendido;Vendido;14/10/2025;23/2/2026;$ 9.898.100;$ 250.000;$ 1.248.621;;;$ 11.396.721;-13,00 %;$ 1.498.621;;;;;;;;
1600;AC770NB;NISSAN;VERSA ADVANCE MT PURE DRIVE F2;Lucas;NAFTA;2018;GRIS OSCURO;78.575;Metz;-;$ 16.300.000;Vendido;Vendido;14/10/2025;22/12/2025;$ 11.133.855;$ 250.000;$ 990.000;;;$ 12.373.855;-24,09 %;$ 1.240.000;;;;;;;;
1601;AB571ZD;PEUGEOT;2008 ALLURE 1.6;Roman;NAFTA;2017;ROUGE NOIR;67.158;Metz;-;$ 16.600.000;Vendido;Vendido;14/10/2025;19/3/2026;$ 12.415.500;$ 250.000;$ 710.000;;;$ 13.375.500;-19,42 %;$ 960.000;;;;;;;;
1602;AE641KE;RENAULT;CAPTUR INTENS 1.6 CVT;Tomas;NAFTA;2021;GRIS ETOILE + NEGRO;60.125;Kyoto;-;$ 24.950.000;Vendido;Vendido;14/10/2025;15/12/2025;$ 18.456.000;$ 250.000;$ 178.656;;;$ 18.884.656;-24,31 %;$ 428.656;;;;;;;;
1603;AE354CS;RENAULT;SANDERO STEPWAY INTENS 1.6;Tomas;NAFTA;2020;BLANCO GLACIAR;21.916;Kyoto;-;$ 20.900.000;Vendido;Vendido;14/10/2025;15/1/2026;$ 17.382.000;$ 250.000;$ 340.000;;;$ 17.972.000;-14,01 %;$ 590.000;;;;;;;;
1604;AF543FA;TOYOTA;COROLLA XLI MT;Agustina;NAFTA;2022;BLANCO;56.044;Kyoto;-;$ 30.800.000;Vendido;Vendido;14/10/2025;30/3/2026;$ 22.865.500;$ 250.000;$ 1.339.652;;;$ 24.455.152;-20,60 %;$ 1.589.652;;;;;;;;
1605;AC094UT;CITROEN;C3 VTI 115 FEEL;Agustina;NAFTA;2018;GRIS PLATA;100.000;Cliente;-;$ 15.900.000;Vendido;Vendido;9/10/2025;28/11/2025;$ 12.000.000;;$ 125.000;;;$ 12.125.000;-23,74 %;$ 125.000;;;;;;;;
1606;AD553TE;VW;UP TAKE 1.0;Robinson;NAFTA;2019;GRIS PLATA;88.000;Cliente;-;$ 15.900.000;Vendido;Vendido;17/10/2025;8/1/2026;$ 12.000.000;;$ 727.140;;;$ 12.727.140;-19,96 %;$ 727.140;;;;;;;;
1607;AD771EG;RENAULT;LOGAN AUTHENTIQUE 1.6;Robinson;NAFTA;2019;BLANCO GLACIAR;150.000;Cliente;-;$ 15.300.000;Vendido;Vendido;17/10/2025;30/3/2026;$ 11.300.000;;$ 260.000;$ 138.973;;$ 11.698.973;-23,54 %;$ 398.973;;;;;;;;
1608;AA622SK;CHEVROLET;SONIC 1.6 LT MT 5P;Agustina;NAFTA;2016;GRIS OSCURO;127.000;Cliente;-;$ 12.300.000;Vendido;Vendido;24/10/2025;28/4/2026;$ 9.500.000;;$ 259.700;;;$ 9.759.700;-20,65 %;$ 259.700;;;;;;;;
1609;MQA847;RENAULT;STEPWAY EXPRESSION 1.6;;NAFTA;2013;NEGRO NACRE;144.000;Cliente;-;$ 12.100.000;STOCK ASFE;Stock;3/11/2025;;$ 9.000.000;;$ 778.279;;;$ 9.778.279;-19,19 %;$ 778.279;;;;;;;;
1610;AH960VI;VW;TERA HIGH;Roman;NAFTA;2025;BLANCO;0;Rolen;-;$ 43.000.000;Vendido;Vendido;15/11/2025;15/11/2025;$ 40.650.000;$ 350.000;;;;$ 41.000.000;-4,65 %;$ 350.000;;;;;;;;
1611;AD570OQ.;RENAULT;CAPTUR INTENS 1.6 CVT;Robinson;NAFTA;2019;GRIS ETOILE;150.000;Cliente;-;$ 22.700.000;Vendido;Vendido;15/11/2025;17/3/2026;$ 15.000.000;;$ 225.000;$ 244.038;;$ 15.469.038;-31,85 %;$ 469.038;;;;;;;;
1612;PMA292;RENAULT;LOGAN PRIVILEGE 1.6;Agustina;NAFTA;2016;BLANCO GLACIAR;110.000;Cliente;-;$ 14.650.000;Vendido;Vendido;14/11/2025;27/1/2026;$ 10.500.000;;$ 22.050;;;$ 10.522.050;-28,18 %;$ 22.050;;;;;;;;
1613;AE075HU;CITROEN;C4 CACTUS VTI FEEL PACK AM20;Agustina;NAFTA;2020;NEGRO;62.652;Metz;-;$ 21.500.000;Vendido;Vendido;20/11/2025;30/4/2026;$ 15.438.000;$ 250.000;$ 520.000;;;$ 16.208.000;-24,61 %;$ 770.000;;;;;;;;
1614;AB595HZ;PEUGEOT;208 ALLURE 1.6;Robinson;NAFTA;2017;GRIS OSCURO;80.275;Metz;-;$ 16.500.000;Vendido;Vendido;20/11/2025;13/4/2026;$ 12.542.300;$ 250.000;$ 838.830;;;$ 13.631.130;-17,39 %;$ 1.088.830;;;;;;;;
1615;AF287ZK;PEUGEOT;208 ACTIVE TIPTRONIC 1.6L;Robinson;NAFTA;2022;BLEU QUASAR;36.352;Metz;-;$ 23.300.000;Vendido;Vendido;20/11/2025;18/3/2026;$ 19.302.600;$ 250.000;$ 257.914;;;$ 19.810.514;-14,98 %;$ 507.914;;;;;;;;
1616;AE990HB;NISSAN;VERSA 1.6 SENSE CVT;Agustina;NAFTA;2021;GRIS PLATA;41.750;Kyoto;-;$ 21.550.000;Vendido;Vendido;20/11/2025;21/3/2026;$ 16.158.400;$ 250.000;$ 854.625;;;$ 17.263.025;-19,89 %;$ 1.104.625;;;;;;;;
1617;AG115MD;PEUGEOT;208 STYLE AT23.5;Lucas;NAFTA;2023;GRIS ARTENSE;28.726;Kyoto;-;$ 24.400.000;Vendido;Vendido;20/11/2025;2/1/2026;$ 20.301.920;$ 250.000;$ 100.000;;;$ 20.651.920;-15,36 %;$ 350.000;;;;;;;;
1618;AE478HX;FORD;KA S 1.5L;;NAFTA;2020;NEGRO;85.207;Car France;-;$ 19.280.000;STOCK ASFE;Stock;20/11/2025;;$ 14.109.695;$ 250.000;$ 558.943;;;$ 14.918.638;-22,62 %;$ 808.943;;;;;;;;
1619;AD914AS;RENAULT;KWID ZEN 1.0;Agustina;NAFTA;2019;BLANCO;52.830;Car France;-;$ 13.400.000;Vendido;Vendido;20/11/2025;21/3/2026;$ 9.507.847;$ 250.000;$ 450.000;;;$ 10.207.847;-23,82 %;$ 700.000;;;;;;;;
1620;AA614DN;RENAULT;SANDERO PRIVILEGE;Agustina;NAFTA;2016;BLANCO;83.966;Car France;-;$ 14.650.000;Vendido;Vendido;20/11/2025;26/1/2026;$ 10.978.500;$ 250.000;$ 270.000;;;$ 11.498.500;-21,51 %;$ 520.000;;;;;;;;
1621;AF068DJ;FORD;ECOSPORT TITANIUM 1.5L AT;Agustina;NAFTA;2021;GRIS OSCURO;57.725;Car France;-;$ 24.900.000;Vendido;Vendido;20/11/2025;31/3/2026;$ 19.006.238;$ 250.000;$ 660.000;;;$ 19.916.238;-20,02 %;$ 910.000;;;;;;;;
1622;AG501SJ;HONDA;ZRV RZ1 TRG;Lucas;NAFTA;2024;GRIS PLATA;80.000;Car France;-;$ 47.500.000;Vendido;Vendido;20/11/2025;24/7/2026;$ 35.572.900;$ 250.000;$ 487.600;;;$ 36.310.500;-23,56 %;$ 737.600;;;;;;;;
1623;LJR875;RENAULT;SANDERO PACK 1.6 8V;Robinson;NAFTA;2012;BLANCO GLACIAR;120.000;Cliente;-;$ 10.350.000;Vendido;Vendido;22/11/2025;12/6/2026;$ 8.400.000;;$ 1.004.000;$ 41.189;;$ 9.445.189;-8,74 %;$ 1.045.189;;;;;;;;
1624;OKF623;FORD;FIESTA 1.6L TITANIUM POWERSHIFT 4 PTAS;;NAFTA;2014;BLANCO;134.000;Cliente;-;$ 16.000.000;STOCK ASFE;Stock;28/11/2025;;$ 11.000.000;;$ 437.500;;;$ 11.437.500;-28,52 %;$ 437.500;;;;;;;;
1625;AE595PA;PEUGEOT;208 ALLURE TIPTRONIC 1.6L;;NAFTA;2021;BLEU QUASAR;82.000;Metz;-;$ 21.700.000;Consignacion;Stock;1/11/2025;;$ 21.700.000;;$ 2.492.045;;;$ 24.192.045;11,48 %;$ 2.492.045;;;;;;;;
1626;BKH288;PORSCHE;912;;NAFTA;1966;ROJO;50.000;ASFE;-;USD 157.000;STOCK ASFE;Stock;1/10/2024;;$ 157.000;;;;;$ 157.000;0,00 %;$ 0;;;;;;;;
1627;OXL597;RENAULT;STEPWAY DYNAMIQUE 1.6 16V;Agustina;NAFTA;2015;NEGRO NACRE;60.000;Cliente;-;$ 15.300.000;vendido;Vendido;2/12/2025;17/7/2026;$ 12.500.000;;$ 360.000;;;$ 12.860.000;-15,95 %;$ 360.000;;;;;;;;
1628;AA101IO;RENAULT;CLIO MIO CONFORT PACK SAT 5 PTAS;Roman;NAFTA;2016;GRIS ACERO;145.000;Cliente;-;$ 12.300.000;Vendido;Vendido;3/12/2025;19/3/2026;$ 9.300.000;;$ 300.000;;;$ 9.600.000;-21,95 %;$ 300.000;;;;;;;;
1629;MVX205;CHEVROLET;CLASSIC 4 PTAS LS AA+DIR 1.4N;Robinson;NAFTA;2013;GRIS OSCURO;173.000;Cliente;-;$ 8.170.000;Vendido;Vendido;5/12/2025;30/4/2026;$ 5.700.000;;$ 1.247.000;;;$ 6.947.000;-14,97 %;$ 1.247.000;;;;;;;;
1630;OIN832;PEUGEOT;207 COMPACT ACTIVE 1.4 N;Agustina;NAFTA;2014;ROJO;119.000;Cliente;-;$ 10.100.000;Vendido;Vendido;15/12/2025;25/3/2026;$ 8.500.000;;;;;$ 8.500.000;-15,84 %;$ 0;;;;;;;;
1631;MVX033;RENAULT;CLIO MIO EXPRESSION PACK II;Robinson;NAFTA;2013;NEGRO NACRE;101.000;Cliente;-;$ 11.400.000;Vendido;Vendido;15/12/2025;13/5/2026;$ 9.200.000;;$ 62.143;$ 59.464;;$ 9.321.607;-18,23 %;$ 121.607;;;;;;;;
1632;AA597HM;FORD;ECOSPORT SE 1.6L MT N;;NAFTA;2016;GRIS PLATA;97.000;Roman;-;$ 16.700.000;Consignacion;Stock;4/12/2025;;$ 13.500.000;;$ 390.000;;;$ 13.890.000;-16,83 %;$ 390.000;;;;;;;;
1633;NNH686;FORD;KA 1.0 FLY VIRAL;;NAFTA;2014;BLANCO;140.000;Cliente;-;$ 10.650.000;STOCK ASFE;Stock;26/12/2025;;$ 8.000.000;;$ 1.015.101;;;$ 9.015.101;-15,35 %;$ 1.015.101;;;;;;;;
1634;MVW890;MB;ML 350 4MATIC BLUE EFFICIENCY;;DIESEL;2013;BLANCO;185.000;Cliente;-;$ 46.000.000;Consignacion;Stock;22/12/2025;;$ 34.500.000;;;;;$ 34.500.000;-25,00 %;$ 0;;;;;;;;
1635;A128BHU;HONDA;WAVE 110 S;Robinson;NAFTA;2020;ROJO;6.000;Cliente;-;$ 2.500.000;Vendido;Vendido;29/10/2025;9/4/2026;$ 2.000.000;;$ 20.000;;;$ 2.020.000;-19,20 %;$ 20.000;;;;;;;;
1636;AD212KD;FORD;KA FREESTYLE 1.5L MT;FE;NAFTA;2018;GRIS PLATA;80.000;Cliente;-;$ 17.800.000;Vendido;Vendido;2/1/2026;22/6/2026;$ 14.500.000;;$ 192.880;$ 117.838;;$ 14.810.718;-16,79 %;$ 310.718;;;;;;;;
1637;JFS595;RENAULT;SYMBOL PACK 16 8V;;NAFTA;2010;AZUL CREPUSCULO;149.000;Cliente;-;$ 8.080.000;STOCK ASFE;Stock;5/1/2026;;$ 5.500.000;;$ 594.000;$ 641.166;;$ 6.735.166;-16,64 %;$ 1.235.166;;;;;;;;
1638;AD836OR;RENAULT;STEPWAY EXPRESSION 1.6 16V;Agustina;NAFTA;2019;BLANCO GLACIAR;150.000;Cliente;-;$ 17.050.000;Vendido;Vendido;5/1/2026;22/6/2026;$ 12.000.000;;$ 755.998;;;$ 12.755.998;-25,18 %;$ 755.998;;;;;;;;
1639;AB910AX;VW;GOL TREND 1.6 MSI;Agustina;NAFTA;2017;BLANCO;127.000;Cliente;-;$ 15.800.000;Vendido;Vendido;6/1/2026;18/2/2026;$ 12.050.000;;$ 14.000;;;$ 12.064.000;-23,65 %;$ 14.000;;;;;;;;
1640;AI120OT;PEUGEOT;208 GT T200 AM26;Robinson;NAFTA;2026;GRIS SELENIUM;0;AVEC;-;$ 35.000.000;Vendido;Vendido;8/1/2026;23/2/2026;$ 34.900.000;$ 60.000;;;;$ 34.960.000;-0,11 %;$ 60.000;;;;;;;;
1641;2008ALL26;PEUGEOT;2008 ALLURE T200 AM26;;NAFTA;2026;GRIS ARTENSE;0;AVEC;-;$ 42.300.000;STOCK ASFE;Stock;8/1/2026;;$ 39.000.000;;;;;$ 39.000.000;-7,80 %;$ 0;;;;;;;;
1642;MOD506;VW;VOYAGE COMFORTLINE;Agustina;GNC;2013;BLANCO;153.000;Cliente;-;$ 12.000.000;Vendido;Vendido;9/1/2026;18/6/2026;$ 9.000.000;;$ 123.930;;;$ 9.123.930;-23,97 %;$ 123.930;;;;;;;;
1643;MQJ636;FORD;ECOSPORT SE 1.6L MT N;Agustina;NAFTA;2013;GRIS OSCURO;118.000;Cliente;-;$ 13.000.000;Vendido;Vendido;13/1/2026;16/7/2026;$ 10.000.000;;$ 578.749;;;$ 10.578.749;-18,63 %;$ 578.749;;;;;;;;
1644;LPW281;CHEVROLET;SONIC 1.6 LTZ MT 5P;Robinson;NAFTA;2012;GRIS PLATA;65.000;Cliente;-;$ 10.600.000;Vendido;Vendido;15/1/2026;18/3/2026;$ 8.000.000;;$ 50.000;;;$ 8.050.000;-24,06 %;$ 50.000;;;;;;;;
1645;PGY955;RENAULT;DUSTER PH2 EXPRESSION 1.6;FE;NAFTA;2015;GRIS ACERO;235.000;Cliente;-;$ 16.000.000;Vendido;Vendido;16/1/2026;18/6/2026;$ 10.300.000;;$ 570.730;;;$ 10.870.730;-32,06 %;$ 570.730;;;;;;;;
1646;AF954VS;PEUGEOT;208 FELINE 1.6L TIPTRONIC AM23.5;Agustina;NAFTA;2023;GRIS ARTENSE;35.400;Metz;-;$ 25.100.000;Vendido;Vendido;15/1/2026;20/3/2026;$ 21.350.880;$ 200.000;$ 260.000;;;$ 21.810.880;-13,10 %;$ 460.000;;;;;;;;
1647;AA110ZK;VW;UP HIGH 1.0 MPI 5 PTAS;;NAFTA;2016;GRIS OSCURO;146.400;Metz;-;$ 15.100.000;STOCK ASFE;Stock;15/1/2026;;$ 10.975.100;$ 200.000;$ 1.056.746;;;$ 12.231.846;-18,99 %;$ 1.256.746;;;;;;;;
1648;AF272LU;CITROEN;CACTUS VTI 115 EAT6 FEEL PACK PLUS AM21.5;Agustina;NAFTA;2022;BLANCO;113.000;Kyoto;-;$ 23.800.000;Vendido;Vendido;15/1/2026;9/4/2026;$ 19.000.900;$ 250.000;$ 335.000;;;$ 19.585.900;-17,71 %;$ 585.000;;;;;;;;
1649;AD521AL;FORD;ECOSPORT TITANIUM 1.5L MT N;Robinson;NAFTA;2019;ROJO;81.000;Kyoto;-;$ 21.500.000;Vendido;Vendido;15/1/2026;6/7/2026;$ 16.670.300;$ 250.000;$ 80.000;;;$ 17.000.300;-20,93 %;$ 330.000;;;;;;;;
1650;AF336KT;NISSAN;FRONTIER CD X-GEAR 2.3 D 4X4 AT;Agustina;DIESEL;2022;NEGRO;84.500;Kyoto;-;$ 35.000.000;Vendido;Vendido;15/1/2026;18/5/2026;$ 29.465.800;$ 200.000;$ 2.430.407;;$ 124.053;$ 32.220.260;-7,94 %;$ 2.754.460;;;;;;;;
1651;AF208FZ;NISSAN;SENTRA 2.0 ADVANCE CVT;;NAFTA;2022;GRIS OSCURO;125.500;Kyoto;-;$ 31.200.000;STOCK ASFE;Stock;15/1/2026;;$ 23.881.480;$ 200.000;$ 505.000;;;$ 24.586.480;-21,20 %;$ 705.000;;;;;;;;
1652;AG498UE;RENAULT;SANDERO LIFE 1.6;;NAFTA;2024;AZUL COSMOS;54.000;Kyoto;-;$ 22.800.000;STOCK ASFE;Stock;15/1/2026;;$ 18.492.400;$ 200.000;$ 430.000;;;$ 19.122.400;-16,13 %;$ 630.000;;;;;;;;
1653;AC600YI;RENAULT;DUSTER PH2 PRIVILEGE 2.0;Robinson;NAFTA;2018;ROJO FUEGO;49.800;Car France;-;$ 20.100.000;Vendido;Vendido;15/1/2026;20/5/2026;$ 14.540.550;$ 200.000;$ 484.973;$ 206.300;;$ 15.431.823;-23,22 %;$ 891.273;;;;;;;;
1654;AB588WE;RENAULT;STEPWAY PRIVILEGE 1.6;Agustina;NAFTA;2017;NARANJA;58.900;Car France;-;$ 16.950.000;Vendido;Vendido;15/1/2026;14/5/2026;$ 13.710.084;$ 200.000;$ 867.121;;;$ 14.777.205;-12,82 %;$ 1.067.121;;;;;;;;
1655;AF735MX;VW;TAOS HIGHLINE HERO 250 TSI AT;Agustina;NAFTA;2022;GRIS + NEGRO;71.000;Car France;-;$ 40.000.000;Vendido;Vendido;15/1/2026;18/3/2026;$ 28.542.000;$ 200.000;$ 80.000;;;$ 28.822.000;-27,95 %;$ 280.000;;;;;;;;
1656;AB231RX;VW;GOL TREND 1.6;Agustina;NAFTA;2017;BLANCO;64.300;Cliente;-;$ 15.400.000;Vendido;Vendido;3/2/2026;13/3/2026;$ 10.500.000;;;;;$ 10.500.000;-31,82 %;$ 0;;;;;;;;
1657;OAG985;RENAULT;CLIO MIO CONFORT PLUS ABS;;NAFTA;2014;GRIS;165.000;Cliente;-;$ 11.900.000;STOCK ASFE;Stock;3/2/2026;;$ 7.500.000;;$ 180.000;$ 42.169;;$ 7.722.169;-35,11 %;$ 222.169;;;;;;;;
1658;AA022XQ;CITROEN;C3 FEEL;;NAFTA;2016;ROJO;106.000;Cliente;-;$ 14.200.000;STOCK ASFE;Stock;4/2/2026;;$ 9.900.000;;$ 1.080.000;$ 39.966;;$ 11.019.966;-22,39 %;$ 1.119.966;;;;;;;;
1659;PCI160;RENAULT;CLIO CONFORT;;NAFTA;2015;CHAMPAGNE;116.000;Cliente;-;$ 12.000.000;STOCK ASFE;Stock;10/2/2026;;$ 8.000.000;;$ 754.492;$ 42.452;;$ 8.796.944;-26,69 %;$ 796.944;;;;;;;;
1660;AI120NL;PEUGEOT ;208 GT T200;Robinson;NAFTA;2026;GRIS SELENIUM;0;AVEC;-;$ 35.000.000;Vendido;Vendido;13/2/2026;13/2/2026;$ 35.000.000;$ 60.000;;;;$ 35.060.000;0,17 %;$ 60.000;;;;;;;;
1661;AE914OF;JEEP;RENEGADE 1.8L SPORT MT;Agustina;NAFTA;2021;NEGRO;91.300;Cliente;-;$ 23.500.000;Vendido;Vendido;5/2/2026;24/6/2026;$ 23.500.000;;;;;$ 23.500.000;0,00 %;$ 0;;;;;;;;
1662;G568166;PEUGEOT ;208 GT T200;;NAFTA;2026;BLANCO NACAR;0;AVEC;-;$ 35.000.000;Vendido;Vendido;23/2/2026;;$ 35.000.000;$ 60.000;;;;$ 35.060.000;0,17 %;$ 60.000;;;;;;;;
1663;AF878VH;PEUGEOT;208 FELINE 1.6L TIPTRONIC AM23.5;Roman;NAFTA;2023;GRIS ARTENSE;23.000;Cliente;-;$ 25.800.000;Vendido;Vendido;23/2/2026;10/4/2026;$ 22.200.000;;$ 180.000;;;$ 22.380.000;-13,26 %;$ 180.000;;;;;;;;
1664;ODU381;CHEVROLET;CLASSIC 4 PTAS LS ABS+AIRBAG 1.4N;Lucas;GNC;2014;BLANCO;152.000;Cliente;-;$ 8.600.000;Vendido;Vendido;23/2/2026;9/3/2026;$ 6.300.000;;-$ 59.000;;;$ 6.241.000;-27,43 %;-$ 59.000;;;;;;;;
1665;MLU126;CITROEN;C3 1.5L TENDANCE PACK;Robinson;NAFTA;2013;GRIS OSCURO;140.000;Cliente;-;$ 12.400.000;Vendido;Vendido;23/2/2026;28/3/2026;$ 8.300.000;;;;;$ 8.300.000;-33,06 %;$ 0;;;;;;;;
1666;JRA795;RENAULT;STEPWAY CONFORT 1.6 16V;Robinson;NAFTA;2011;NEGRO NACRE;190.000;Cliente;-;$ 10.800.000;Vendido;Vendido;5/3/2026;19/3/2026;$ 6.700.000;;;;;$ 6.700.000;-37,96 %;$ 0;;;;;;;;
1667;AC158YZ;HONDA;HR-V EX CVT;;NAFTA;2018;BORDO;160.000;Cliente;-;$ 23.500.000;STOCK ASFE;Stock;18/3/2026;;$ 20.000.000;;$ 225.000;;;$ 20.225.000;-13,94 %;$ 225.000;;;;;;;;
1668;MOW449.;FIAT;PUNTO 1.4 ATTRACTIVE;;NAFTA;2013;NEGRO;141.000;Cliente;-;$ 12.900.000;STOCK ASFE;Stock;19/3/2026;;$ 8.800.000;;$ 899.510;;;$ 9.699.510;-24,81 %;$ 899.510;;;;;;;;
1669;MQM470;FORD;FOCUS EXE STYLE 1.6L;Agustina;NAFTA;2013;GRIS OSCURO;200.000;Cliente;-;$ 13.200.000;Vendido;Vendido;19/3/2026;21/7/2026;$ 8.300.000;;$ 434.960;;;$ 8.734.960;-33,83 %;$ 434.960;;;;;;;;
1670;GWX816;HYUNDAI;TUCSON 2.0 4WD CRDI AT;;DIESEL;2008;NEGRO;166.000;Cliente;-;$ 13.700.000;STOCK ASFE;Stock;21/3/2026;;$ 8.500.000;;$ 674.810;;;$ 9.174.810;-33,03 %;$ 674.810;;;;;;;;
1671;MYN462;CITROEN;C3 1.5L TENDANCE PACK;Agustina;NAFTA;2013;NEGRO;140.000;Cliente;-;$ 12.100.000;Vendido;Vendido;20/3/2026;8/6/2026;$ 8.000.000;;;;;$ 8.000.000;-33,88 %;$ 0;;;;;;;;
1672;MFA302;RENAULT;MEGANE III 2.0 16V LUXE;Robinson;NAFTA;2013;GRIS OSCURO;87.000;Cliente;-;$ 12.450.000;Vendido;Vendido;30/3/2026;28/5/2026;$ 10.000.000;;$ 767.000;$ 34.336;;$ 10.801.336;-13,24 %;$ 801.336;;;;;;;;
1673;GPB198;FORD; ECOSPORT 1.6L XLS;;NAFTA;2007;NEGRO;205.000;Cliente;-;$ 9.500.000;STOCK ASFE;Stock;31/3/2026;;$ 6.000.000;;$ 106.840;;;$ 6.106.840;-35,72 %;$ 106.840;;;;;;;;
1674;MKS300.;CHEVROLET;CELTA LT SPIRIT;Robinson;NAFTA;2013;NEGRO;141.000;Cliente;-;$ 8.300.000;Vendido;Vendido;1/4/2026;14/5/2026;$ 6.000.000;;$ 550.000;$ 19.427;;$ 6.569.427;-20,85 %;$ 569.427;;;;;;;;
1675;LNI801;RENAULT;DUSTER PRIVILEGE 2.0 4X2;Robinson;NAFTA;2012;GRIS ETOILE;180.000;Cliente;-;$ 13.700.000;Vendido;Vendido;13/4/2026;24/7/2026;$ 9.200.000;;$ 953.100;;;$ 10.153.100;-25,89 %;$ 953.100;;;;;;;;
1676;AB711ML.;PEUGEOT;208 1.6 ALLURE NAV TIPTRONIC;Robinson;NAFTA;2017;BLANCO;100.000;Cliente;-;$ 14.700.000;Vendido;Vendido;10/4/2026;22/6/2026;$ 12.000.000;;$ 710.000;$ 102.406;;$ 12.812.406;-12,84 %;$ 812.406;;;;;;;;
1677;AB213GR;FIAT;PALIO ATTRACTIVE 1.4 8V;;NAFTA;2017;ROJO;145.000;Cliente;-;$ 14.200.000;STOCK ASFE;Stock;9/4/2026;;$ 10.200.000;;$ 627.000;;;$ 10.827.000;-23,75 %;$ 627.000;;;;;;;;
1678;AB046QG;RENAULT;SANDERO GT LINE 1.6 16V;;NAFTA;x;NEGRO NACRE;100.000;Cliente;-;$ 17.150.000;STOCK ASFE;Stock;15/4/2026;;$ 12.500.000;;$ 218.000;;;$ 12.718.000;-25,84 %;$ 218.000;;;;;;;;
1679;AA191ZS;RENAULT;DUSTER PH2 EXPRESSION 1.6 4X2;;NAFTA;2016;GRIS ACERO;85.857;Car France;-;$ 16.900.000;STOCK ASFE;Stock;27/4/2026;;$ 13.312.670;$ 250.000;$ 685.940;;;$ 14.248.610;-15,69 %;$ 935.940;;;;;;;;
1680;AG131HY;RENAULT;KANGOO II EXPRESS 5 A 1.5 DCI;Robinson;DIESEL;2023;BLANCO GLACIAR;55.540;Car France;-;$ 24.100.000;Vendido;Vendido;27/4/2026;27/6/2026;$ 19.353.000;$ 200.000;$ 10.000;;;$ 19.563.000;-18,83 %;$ 210.000;;;;;;;;
1681;AE767OI;RENAULT;KWID ZEN 1.0;;NAFTA;2021;BLANCO GLACIAR;58.802;Car France;-;$ 15.500.000;STOCK ASFE;Stock;27/4/2026;;$ 11.688.700;$ 250.000;$ 1.052.000;;;$ 12.990.700;-16,19 %;$ 1.302.000;;;;;;;;
1682;AB754UN;RENAULT;NUEVO SANDERO EXPRESSION PACK;;NAFTA;2017;BLANCO GLACIAR;50.838;Car France;-;$ 15.000.000;STOCK ASFE;Stock;27/4/2026;;$ 10.365.342;$ 250.000;$ 365.000;;;$ 10.980.342;-26,80 %;$ 615.000;;;;;;;;
1683;AF946FN;RENAULT;STEPWAY PH2 INTENS 1.6;Robinson;NAFTA;2023;BEIGE;32.790;Car France;-;$ 23.000.000;Vendido;Vendido;27/4/2026;6/6/2026;$ 17.374.040;$ 250.000;$ 90.000;;;$ 17.714.040;-22,98 %;$ 340.000;;;;;;;;
1684;AD870HA;RENAULT;CAPTUR INTENS 2.0;Agustina;NAFTA;2019;ROJO FUEGO;85.013;Kyoto;-;$ 23.450.000;Vendida;Vendido;27/4/2026;9/6/2026;$ 18.089.000;$ 250.000;$ 425.760;;;$ 18.764.760;-19,98 %;$ 675.760;;;;;;;;
1685;AF440WC;RENAULT;SANDERO PH2 INTENS 1.6;;NAFTA;2022;AZUL COSMOS;76.106;Kyoto;-;$ 20.500.000;STOCK ASFE;Stock;27/4/2026;;$ 15.855.000;$ 250.000;;;;$ 16.105.000;-21,44 %;$ 250.000;;;;;;;;
1686;AF295OQ;TOYOTA;YARIS XLS 1.5 M/T 4 PUERTAS;;NAFTA;2022;GRIS PLATA;48.490;Kyoto;-;$ 25.200.000;STOCK ASFE;Stock;27/4/2026;;$ 20.531.500;$ 250.000;$ 450.000;;;$ 21.231.500;-15,75 %;$ 700.000;;;;;;;;
1687;AG698VF;PEUGEOT;208 ACTIVE PK AT AM24.5;;NAFTA;2024;BLEU QUASAR;12.866;Metz;-;$ 23.400.000;STOCK ASFE;Stock;27/4/2026;;$ 21.045.100;$ 250.000;;$ 104.000;;$ 21.399.100;-8,55 %;$ 354.000;;;;;;;;
1688;AG236RD;PEUGEOT;208 ALLURE PACK  1.6 AM23.5;Robinson;NAFTA;2023;NEGRO;16.616;Metz;-;$ 22.600.000;Vendido;Vendido;27/4/2026;26/6/2026;$ 18.300.900;$ 250.000;$ 270.000;;;$ 18.820.900;-16,72 %;$ 520.000;;;;;;;;
1689;OWV383;RENAULT;STEPWAY DYNAMIQUE 1.6 16V;;GNC;2015;GRIS ETOILE;150.000;Consignacion;-;$ 15.500.000;STOCK ASFE;Stock;6/2/2026;;$ 11.500.000;;$ 2.043.000;;;$ 13.543.000;-12,63 %;$ 2.043.000;;;;;;;;
1690;PLV480;FORD;FOCUS 5P 1.6L MT S;;GNC;2016;NEGRO;160.000;Cliente;-;$ 17.030.000;STOCK ASFE;Stock;30/4/2026;;$ 12.500.000;;$ 800.000;;;$ 13.300.000;-21,90 %;$ 800.000;;;;;;;;
1691;AI223SF;PEUGEOT;2008 ALLURE T200 AM26;Roman;NAFTA;2026;GRIS ARTENSE;0;AVEC;-;$ 42.500.000;Vendido;Vendido;7/5/2026;7/5/2026;$ 40.500.000;$ 80.000;;;;$ 40.580.000;-4,52 %;$ 80.000;;;;;;;;
1692;AF718GP.;NISSAN;KICKS 1.6 X-PLAY CVT;Robinson;NAFTA;2023;GRAY / RED BLACK;30.000;Cliente;-;$ 33.800.000;Vendido;Vendido;7/5/2026;19/6/2026;$ 28.500.000;;$ 77.000;;;$ 28.577.000;-15,45 %;$ 77.000;;;;;;;;
1693;AB711NP;NISSAN;KICKS 1.6 EXCLUSIVE CVT;;NAFTA;2017;GRIS OSCURO;102.000;Kyoto;-;$ 24.600.000;STOCK ASFE;Stock;13/5/2026;;$ 19.400.000;$ 250.000;$ 368.700;;;$ 20.018.700;-18,62 %;$ 618.700;;;;;;;;
1694;AA614BS;NISSAN;MARCH ADVANCE PURE DRIVE;;NAFTA;2016;GRIS PLATA;131.000;Kyoto;-;$ 15.050.000;STOCK ASFE;Stock;13/5/2026;;$ 9.800.000;$ 200.000;$ 1.252.991;;;$ 11.252.991;-25,23 %;$ 1.452.991;;;;;;;;
1695;AF909SG;CITROEN;C3 VTI 115 EAT6 FEEL PACK AM22;;NAFTA;2023;GRIS PLATA + BLANCO;79.000;Car France;-;$ 19.900.000;STOCK ASFE;Stock;13/5/2026;;$ 14.060.000;$ 200.000;$ 200.000;;;$ 14.460.000;-27,34 %;$ 400.000;;;;;;;;
1696;AA105CB;RENAULT;DUSTER PH2 PRIVILEGE 1.6 4X2;;NAFTA;2016;GRIS ACERO;70.000;Car France;-;$ 18.350.000;STOCK ASFE;Stock;13/5/2026;;$ 14.000.000;$ 200.000;$ 840.000;;;$ 15.040.000;-18,04 %;$ 1.040.000;;;;;;;;
1697;AE477GJ;RENAULT;KWID INTENS 1.0;Robinson;NAFTA;2020;BEIGE;77.000;Car France;-;$ 14.700.000;Vendido ;Vendido;13/5/2026;13/7/2026;$ 11.900.000;$ 200.000;;;;$ 12.100.000;-17,69 %;$ 200.000;;;;;;;;
1698;AD306ZT;VW;UP PEPPER 1.0 TSI;;NAFTA;2018;AZUL;83.000;Car France;-;$ 18.500.000;STOCK ASFE;Stock;13/5/2026;;$ 14.300.000;$ 200.000;;;;$ 14.500.000;-21,62 %;$ 200.000;;;;;;;;
1699;MVL647;RENAULT;SANDERO EXPRESSION 1.6 16V ABS;;NAFTA;2013;NEGRO NACRE;125.000;Cliente;-;$ 10.850.000;STOCK ASFE;Stock;14/5/2026;;$ 8.300.000;;$ 114.900;;;$ 8.414.900;-22,44 %;$ 114.900;;;;;;;;
1700;KYV511;NISSAN;X-TRAIL 2.5 4X4 TEKNA XTRONIC CVT;;NAFTA;2012;GRIS PLATA;214.000;Cliente;-;$ 19.800.000;STOCK ASFE;Stock;19/5/2026;;$ 15.100.000;;$ 270.000;;;$ 15.370.000;-22,37 %;$ 270.000;;;;;;;;
1701;GZI490;RENAULT;MEGANE II 2.0 16V LUXE;;NAFTA;2008;GRIS PLATA;180.000;Cliente;-;$ 8.460.000;STOCK ASFE;Stock;28/5/2026;;$ 5.700.000;;$ 112.000;;;$ 5.812.000;-31,30 %;$ 112.000;;;;;;;;
1702;AC765KU.;PEUGEOT;208 ALLURE 1.6;Agustina;NAFTA;2018;GRIS PLATA;67.000;Cliente;-;$ 15.400.000;Vendido;Vendido;29/5/2026;6/7/2026;$ 13.000.000;;$ 390.730;;;$ 13.390.730;-13,05 %;$ 390.730;;;;;;;;
1703;HQU572;PEUGEOT;206 XT 1.6 5P;Robinson;NAFTA;2008;ROJO;130.000;Cliente;-;$ 6.100.000;VENDIDO;Vendido;2/6/2026;9/7/2026;$ 3.500.000;;;;;$ 3.500.000;-42,62 %;$ 0;;;;;;;;
1704;ONW971;RENAULT;SANDERO 1.6 8V AUTHENTIQUE PACK I;;NAFTA;2015;BLANCO GLACIAR;87.000;Cliente;-;$ 11.350.000;STOCK ASFE;Stock;6/6/2026;;$ 8.700.000;;$ 300.000;;;$ 9.000.000;-20,70 %;$ 300.000;;;;;;;;
1705;LNZ817;CHEVROLET;SPARK 1.2 LT;Agustina;NAFTA;2012;NEGRO;120.000;Cliente;-;$ 8.850.000;Vendido;Vendido;9/6/2026;10/7/2026;$ 7.000.000;;$ 289.480;;;$ 7.289.480;-17,63 %;$ 289.480;;;;;;;;
1706;AF806GU;TOYOTA;YARIS XS 1.5 6M/T 5 PUERTAS;Agustina;NAFTA;2023;BLANCO;50.000;Cliente;-;$ 26.000.000;Vendido;Vendido;19/6/2026;13/7/2026;$ 21.800.000;;;;;$ 21.800.000;-16,15 %;$ 0;;;;;;;;
1707;AF036UM;FORD;TERRITORY TITANIUM 1.5L GTDI 4X2 AT;;NAFTA;2021;MARRON;58.000;Cliente;-;$ 34.700.000;STOCK ASFE;Stock;24/6/2026;;$ 30.000.000;;$ 180.000;;;$ 30.180.000;-13,03 %;$ 180.000;;;;;;;;
1708;AD447EF;FIAT;ARGO PRECISION 1.8;;NAFTA;2019;NEGRO;110.000;Cliente;-;$ 18.500.000;STOCK ASFE;Stock;24/6/2026;;$ 12.400.000;;$ 360.000;;;$ 12.760.000;-31,03 %;$ 360.000;;;;;;;;
1709;NRI996;NISSAN;MARCH VISIA;;NAFTA;2014;BLANCO;180.000;Cliente;-;$ 11.650.000;STOCK ASFE;Stock;26/6/2026;;$ 9.000.000;;$ 59.363;;;$ 9.059.363;-22,24 %;$ 59.363;;;;;;;;
1710;JXF909;RENAULT;KANGOO AUTHENTIQUE 1.5 DCI 1PLC;;DIESEL;2011;GRIS ACERO;78.000;Cliente;-;$ 10.700.000;STOCK ASFE;Stock;6/7/2026;;$ 8.000.000;;$ 600.000;;;$ 8.600.000;-19,63 %;$ 600.000;;;;;;;;
1711;IJN655;FORD;FIESTA AMBIENTE 1.6 5PTAS;;NAFTA;2009;BEIGE;125.000;Cliente;-;$ 7.700.000;STOCK ASFE;Stock;6/7/2026;;$ 6.000.000;;;;;$ 6.000.000;-22,08 %;$ 0;;;;;;;;
1712;LDF734;VW;FOX 1.6 TRENDLINE;;NAFTA;2012;AZUL;150.000;Cliente;-;$ 11.400.000;STOCK ASFE;Stock;13/7/2026;;$ 8.300.000;;;;;$ 8.300.000;-27,19 %;$ 0;;;;;;;;
1713;GOO700;VW;BORA 2.0 TRENDLINE;;NAFTA;2007;GRIS;180.000;Cliente;-;$ 12.200.000;STOCK ASFE;Stock;24/7/2026;;$ 7.000.000;;;;;$ 7.000.000;-42,62 %;$ 0;;;;;;;;
1714;IZD432;VW;GOL POWER 1.6 3P;;NAFTA;2010;ROJO;149.000;Cliente;-;$ 7.300.000;STOCK ASFE;Stock;21/7/2026;;$ 4.800.000;;;;;$ 4.800.000;-34,25 %;$ 0;;;;;;;;
1715;AF213GY;TOYOTA;SW4 SRX 4X4 AT 7A;;DIESEL;2022;GRIS PLATA;60.000;Consignacion;-;;STOCK ASFE;Stock;3/8/2026;;;;;;;$ 0;#DIV/0!;$ 0;;;;;;;;
1716;;;;;;;;;;;;;;;;;;;;;$ 0;#DIV/0!;$ 0;;;;;;;;
1717;;;;;;;;;;-;;;;;;;;;;;$ 0;#DIV/0!;$ 0;;;;;;;;
1718;;;;;;;;;;-;;;;;;;;;;;$ 0;#DIV/0!;$ 0;;;;;;;;
1719;;;;;;;;;;-;;;;;;;;;;;$ 0;#DIV/0!;$ 0;;;;;;;;
1720;;;;;;;;;;;;;;;;;;;;;$ 0;#DIV/0!;$ 0;;;;;;;;
1721;;;;;;;;;;-;;;;;;;;;;;$ 0;#DIV/0!;$ 0;;;;;;;;
1722;;;;;;;;;;-;;;;;;;;;;;$ 0;#DIV/0!;$ 0;;;;;;;;
1723;;;;;;;;;;-;;;;;;;;;;;$ 0;#DIV/0!;$ 0;;;;;;;;
1724;;;;;;;;;;;;;;;;;;;;;$ 0;#DIV/0!;$ 0;;;;;;;;
1725;;;;;;;;;;-;;;;;;;;;;;$ 0;#DIV/0!;$ 0;;;;;;;;
1726;;;;;;;;;;-;;;;;;;;;;;$ 0;#DIV/0!;$ 0;;;;;;;;
1727;;;;;;;;;;-;;;;;;;;;;;$ 0;#DIV/0!;$ 0;;;;;;;;
1728;;;;;;;;;;;;;;;;;;;;;$ 0;#DIV/0!;$ 0;;;;;;;;
1729;;;;;;;;;;-;;;;;;;;;;;$ 0;#DIV/0!;$ 0;;;;;;;;
1730;;;;;;;;;;-;;;;;;;;;;;$ 0;#DIV/0!;$ 0;;;;;;;;
1731;;;;;;;;;;-;;;;;;;;;;;$ 0;#DIV/0!;$ 0;;;;;;;;
1732;;;;;;;;;;-;;;;;;;;;;;$ 0;#DIV/0!;$ 0;;;;;;;;
1733;;;;;;;;;;-;;;;;;;;;;;$ 0;#DIV/0!;$ 0;;;;;;;;
1734;;;;;;;;;;;;;;;;;;;;;$ 0;#DIV/0!;$ 0;;;;;;;;
1735;;;;;;;;;;-;;;;;;;;;;;$ 0;#DIV/0!;$ 0;;;;;;;;
1736;;;;;;;;;;-;;;;;;;;;;;$ 0;#DIV/0!;$ 0;;;;;;;;
1737;;;;;;;;;;-;;;;;;;;;;;$ 0;#DIV/0!;$ 0;;;;;;;;
1738;;;;;;;;;;-;;;;;;;;;;;$ 0;#DIV/0!;$ 0;;;;;;;;
